5.269866943359375000e+00
4.362579345703125000e+00
3.465362548828125000e+00
4.915252685546875000e+00
3.961883544921875000e+00
3.219085693359375000e+00
5.345550537109375000e+00
3.888336181640625000e+00
3.346649169921875000e+00
5.137725830078125000e+00
4.361968994140625000e+00
5.533233642578125000e+00
1.440826416015625000e+00
3.407684326171875000e+00
4.541412353515625000e+00
5.964752197265625000e+00
2.526031494140625000e+00
4.168182373046875000e+00
4.718719482421875000e+00
5.101409912109375000e+00
4.478546142578125000e+00
1.003204345703125000e+00
2.585845947265625000e+00
5.470367431640625000e+00
4.391876220703125000e+00
3.896881103515625000e+00
4.325347900390625000e+00
2.606597900390625000e+00
4.915863037109375000e+00
1.644989013671875000e+00
3.819366455078125000e+00
4.498382568359375000e+00
4.516998291015625000e+00
5.860687255859375000e+00
5.759979248046875000e+00
1.860443115234375000e+00
4.528900146484375000e+00
2.689605712890625000e+00
4.796844482421875000e+00
3.530059814453125000e+00
3.151947021484375000e+00
3.993621826171875000e+00
1.460357666015625000e+00
3.762908935546875000e+00
3.947235107421875000e+00
3.608489990234375000e+00
5.171600341796875000e+00
2.669769287109375000e+00
2.768951416015625000e+00
3.144622802734375000e+00
2.660308837890625000e+00
1.356903076171875000e+00
1.759124755859375000e+00
5.049835205078125000e+00
5.050140380859375000e+00
3.800750732421875000e+00
2.086578369140625000e+00
1.990142822265625000e+00
3.953948974609375000e+00
3.481536865234375000e+00
5.128265380859375000e+00
3.766265869140625000e+00
4.228912353515625000e+00
1.120391845703125000e+00
2.219940185546875000e+00
4.660430908203125000e+00
5.344940185546875000e+00
4.384552001953125000e+00
2.279754638671875000e+00
1.736541748046875000e+00
3.525177001953125000e+00
1.563201904296875000e+00
3.325286865234375000e+00
3.053985595703125000e+00
4.494110107421875000e+00
3.875213623046875000e+00
1.042266845703125000e+00
3.319793701171875000e+00
2.580657958984375000e+00
1.687713623046875000e+00
3.194366455078125000e+00
3.199859619140625000e+00
5.951629638671875000e+00
3.039642333984375000e+00
4.154754638671875000e+00
2.388397216796875000e+00
3.618560791015625000e+00
5.491119384765625000e+00
5.557952880859375000e+00
2.640472412109375000e+00
1.123443603515625000e+00
3.222442626953125000e+00
5.991912841796875000e+00
2.559906005859375000e+00
1.323333740234375000e+00
2.360931396484375000e+00
2.873626708984375000e+00
5.223480224609375000e+00
1.264129638671875000e+00
2.728363037109375000e+00
5.397735595703125000e+00
2.130218505859375000e+00
3.132720947265625000e+00
5.252777099609375000e+00
1.964813232421875000e+00
5.168243408203125000e+00
2.478729248046875000e+00
1.271453857421875000e+00
4.156890869140625000e+00
3.705535888671875000e+00
3.322235107421875000e+00
3.130889892578125000e+00
5.701080322265625000e+00
1.464324951171875000e+00
3.777252197265625000e+00
2.565704345703125000e+00
3.880096435546875000e+00
3.738494873046875000e+00
1.542144775390625000e+00
2.239776611328125000e+00
3.142181396484375000e+00
5.264068603515625000e+00
2.958770751953125000e+00
3.069549560546875000e+00
4.262176513671875000e+00
3.752227783203125000e+00
4.539276123046875000e+00
3.558746337890625000e+00
4.972625732421875000e+00
5.865875244140625000e+00
3.863311767578125000e+00
3.905120849609375000e+00
1.984954833984375000e+00
1.156097412109375000e+00
1.184478759765625000e+00
3.913970947265625000e+00
2.706695556640625000e+00
5.102935791015625000e+00
2.416168212890625000e+00
1.039520263671875000e+00
2.182403564453125000e+00
5.803924560546875000e+00
3.437591552734375000e+00
5.482269287109375000e+00
3.143096923828125000e+00
1.182952880859375000e+00
4.250274658203125000e+00
3.028961181640625000e+00
2.780242919921875000e+00
2.546478271484375000e+00
5.557342529296875000e+00
1.412750244140625000e+00
1.485992431640625000e+00
1.646514892578125000e+00
1.800933837890625000e+00
5.772186279296875000e+00
3.212982177734375000e+00
3.822113037109375000e+00
1.607452392578125000e+00
2.703338623046875000e+00
3.013092041015625000e+00
2.673431396484375000e+00
4.422393798828125000e+00
1.118865966796875000e+00
3.891082763671875000e+00
2.996917724609375000e+00
2.185455322265625000e+00
5.238433837890625000e+00
1.400543212890625000e+00
5.994964599609375000e+00
3.897796630859375000e+00
1.135345458984375000e+00
4.690032958984375000e+00
3.154388427734375000e+00
4.540496826171875000e+00
2.779937744140625000e+00
4.104705810546875000e+00
3.686309814453125000e+00
2.042938232421875000e+00
4.551788330078125000e+00
4.769378662109375000e+00
2.438446044921875000e+00
5.843292236328125000e+00
2.109161376953125000e+00
5.224090576171875000e+00
3.106781005859375000e+00
5.828643798828125000e+00
1.296783447265625000e+00
3.956390380859375000e+00
2.979217529296875000e+00
1.970001220703125000e+00
5.000396728515625000e+00
1.281829833984375000e+00
5.650115966796875000e+00
5.506683349609375000e+00
5.396209716796875000e+00
3.414093017578125000e+00
4.180389404296875000e+00
2.898345947265625000e+00
3.592010498046875000e+00
5.132232666015625000e+00
4.464508056640625000e+00
4.072662353515625000e+00
1.523529052734375000e+00
1.463714599609375000e+00
2.851348876953125000e+00
2.931304931640625000e+00
5.626617431640625000e+00
1.406036376953125000e+00
1.825653076171875000e+00
5.421844482421875000e+00
4.977508544921875000e+00
1.647125244140625000e+00
3.708282470703125000e+00
3.118072509765625000e+00
1.969696044921875000e+00
5.155120849609375000e+00
5.231109619140625000e+00
5.560394287109375000e+00
1.809478759765625000e+00
3.371673583984375000e+00
4.418731689453125000e+00
1.190582275390625000e+00
2.958160400390625000e+00
4.328704833984375000e+00
2.333770751953125000e+00
2.547393798828125000e+00
2.465606689453125000e+00
2.540679931640625000e+00
4.566131591796875000e+00
5.276885986328125000e+00
4.467254638671875000e+00
3.901458740234375000e+00
3.371368408203125000e+00
2.714324951171875000e+00
1.270538330078125000e+00
3.514495849609375000e+00
2.280364990234375000e+00
1.702362060546875000e+00
1.354766845703125000e+00
4.834686279296875000e+00
1.037689208984375000e+00
2.113128662109375000e+00
2.528167724609375000e+00
4.359527587890625000e+00
2.483612060546875000e+00
2.966705322265625000e+00
5.984588623046875000e+00
5.677886962890625000e+00
4.248138427734375000e+00
3.735748291015625000e+00
2.166534423828125000e+00
4.749847412109375000e+00
4.208465576171875000e+00
1.262603759765625000e+00
1.428009033203125000e+00
2.590118408203125000e+00
1.722503662109375000e+00
1.351715087890625000e+00
1.405426025390625000e+00
3.745208740234375000e+00
3.848358154296875000e+00
4.477325439453125000e+00
1.507049560546875000e+00
2.412200927734375000e+00
1.863189697265625000e+00
1.846405029296875000e+00
3.260894775390625000e+00
5.723663330078125000e+00
1.549163818359375000e+00
3.263336181640625000e+00
2.790618896484375000e+00
3.722930908203125000e+00
2.457366943359375000e+00
5.026641845703125000e+00
2.310577392578125000e+00
3.353057861328125000e+00
5.150543212890625000e+00
1.720367431640625000e+00
2.490325927734375000e+00
2.471710205078125000e+00
3.731170654296875000e+00
5.758758544921875000e+00
1.477752685546875000e+00
3.235870361328125000e+00
1.166168212890625000e+00
2.714935302734375000e+00
5.268035888671875000e+00
4.574981689453125000e+00
2.197967529296875000e+00
4.666229248046875000e+00
1.372772216796875000e+00
1.080108642578125000e+00
2.031036376953125000e+00
1.656280517578125000e+00
2.931915283203125000e+00
4.527374267578125000e+00
3.575531005859375000e+00
2.614532470703125000e+00
4.009490966796875000e+00
5.566497802734375000e+00
3.982025146484375000e+00
4.652191162109375000e+00
3.247467041015625000e+00
5.833831787109375000e+00
3.110748291015625000e+00
4.151702880859375000e+00
2.321563720703125000e+00
3.579193115234375000e+00
1.786895751953125000e+00
4.390960693359375000e+00
2.723175048828125000e+00
2.761627197265625000e+00
5.529876708984375000e+00
4.601531982421875000e+00
2.289215087890625000e+00
3.346343994140625000e+00
1.797271728515625000e+00
2.352996826171875000e+00
3.016754150390625000e+00
3.306365966796875000e+00
2.826629638671875000e+00
3.796478271484375000e+00
4.914642333984375000e+00
1.831451416015625000e+00
3.273406982421875000e+00
2.291656494140625000e+00
2.798858642578125000e+00
4.101959228515625000e+00
5.048309326171875000e+00
3.314300537109375000e+00
2.038360595703125000e+00
1.399627685546875000e+00
5.043731689453125000e+00
2.233062744140625000e+00
1.396575927734375000e+00
2.939239501953125000e+00
3.633514404296875000e+00
5.085845947265625000e+00
5.331817626953125000e+00
1.377960205078125000e+00
5.638214111328125000e+00
4.243560791015625000e+00
3.129058837890625000e+00
5.055023193359375000e+00
1.851287841796875000e+00
3.627716064453125000e+00
3.107086181640625000e+00
2.718292236328125000e+00
1.128326416015625000e+00
1.275421142578125000e+00
5.008331298828125000e+00
5.061126708984375000e+00
5.684906005859375000e+00
3.631988525390625000e+00
4.183441162109375000e+00
3.165069580078125000e+00
2.498870849609375000e+00
5.530792236328125000e+00
2.856842041015625000e+00
4.026275634765625000e+00
5.719696044921875000e+00
5.238128662109375000e+00
3.704315185546875000e+00
3.078399658203125000e+00
4.646697998046875000e+00
1.405731201171875000e+00
3.570343017578125000e+00
2.414337158203125000e+00
4.792266845703125000e+00
3.509918212890625000e+00
1.916290283203125000e+00
4.961944580078125000e+00
5.808197021484375000e+00
1.100250244140625000e+00
5.262237548828125000e+00
1.876007080078125000e+00
2.323699951171875000e+00
4.599395751953125000e+00
1.392608642578125000e+00
5.214935302734375000e+00
2.340484619140625000e+00
2.531219482421875000e+00
3.280120849609375000e+00
3.033843994140625000e+00
5.452972412109375000e+00
5.440765380859375000e+00
3.866058349609375000e+00
2.991424560546875000e+00
2.440277099609375000e+00
1.438995361328125000e+00
5.337615966796875000e+00
5.671173095703125000e+00
2.807403564453125000e+00
1.168914794921875000e+00
3.107391357421875000e+00
1.352325439453125000e+00
4.836212158203125000e+00
4.227081298828125000e+00
5.064788818359375000e+00
5.618682861328125000e+00
1.878448486328125000e+00
1.962677001953125000e+00
3.097625732421875000e+00
2.033782958984375000e+00
3.571258544921875000e+00
3.751922607421875000e+00
3.425384521484375000e+00
1.771026611328125000e+00
2.555328369140625000e+00
3.525482177734375000e+00
2.529998779296875000e+00
4.965301513671875000e+00
5.694366455078125000e+00
2.034698486328125000e+00
5.570465087890625000e+00
1.144805908203125000e+00
5.024200439453125000e+00
3.649688720703125000e+00
2.968536376953125000e+00
1.289764404296875000e+00
1.641937255859375000e+00
1.743560791015625000e+00
3.976531982421875000e+00
3.120819091796875000e+00
4.932342529296875000e+00
3.212371826171875000e+00
1.604095458984375000e+00
1.606231689453125000e+00
2.045684814453125000e+00
2.275787353515625000e+00
5.220428466796875000e+00
3.956085205078125000e+00
2.613616943359375000e+00
2.396942138671875000e+00
1.493316650390625000e+00
4.322906494140625000e+00
2.356964111328125000e+00
3.759552001953125000e+00
4.896636962890625000e+00
2.081085205078125000e+00
3.548370361328125000e+00
1.292816162109375000e+00
3.065277099609375000e+00
1.475921630859375000e+00
4.327484130859375000e+00
3.205352783203125000e+00
3.851104736328125000e+00
4.805084228515625000e+00
3.411956787109375000e+00
4.831024169921875000e+00
3.875823974609375000e+00
1.897674560546875000e+00
3.754058837890625000e+00
5.070281982421875000e+00
5.795684814453125000e+00
2.529083251953125000e+00
2.227264404296875000e+00
5.750823974609375000e+00
4.586578369140625000e+00
3.537384033203125000e+00
1.013275146484375000e+00
1.657196044921875000e+00
3.450408935546875000e+00
3.440948486328125000e+00
4.171234130859375000e+00
5.031524658203125000e+00
3.391815185546875000e+00
1.559539794921875000e+00
1.568389892578125000e+00
3.116546630859375000e+00
5.438018798828125000e+00
1.164642333984375000e+00
3.636871337890625000e+00
4.713836669921875000e+00
2.207733154296875000e+00
2.324615478515625000e+00
3.353973388671875000e+00
4.505401611328125000e+00
1.169525146484375000e+00
2.438140869140625000e+00
5.792022705078125000e+00
5.509735107421875000e+00
5.861907958984375000e+00
1.819244384765625000e+00
2.601409912109375000e+00
5.553375244140625000e+00
3.444305419921875000e+00
1.089263916015625000e+00
2.555938720703125000e+00
4.972930908203125000e+00
3.572479248046875000e+00
4.849639892578125000e+00
3.059173583984375000e+00
2.230010986328125000e+00
1.256805419921875000e+00
3.584686279296875000e+00
5.634552001953125000e+00
5.383697509765625000e+00
3.123565673828125000e+00
2.021575927734375000e+00
1.738372802734375000e+00
2.110382080078125000e+00
3.818756103515625000e+00
1.395660400390625000e+00
2.941680908203125000e+00
1.693511962890625000e+00
5.446258544921875000e+00
3.746429443359375000e+00
3.414398193359375000e+00
4.783416748046875000e+00
2.002655029296875000e+00
4.252105712890625000e+00
2.853790283203125000e+00
4.625030517578125000e+00
2.324005126953125000e+00
2.697845458984375000e+00
4.908233642578125000e+00
4.128814697265625000e+00
5.024810791015625000e+00
1.830841064453125000e+00
4.842010498046875000e+00
5.625396728515625000e+00
4.398895263671875000e+00
3.403106689453125000e+00
4.556976318359375000e+00
3.477874755859375000e+00
4.073883056640625000e+00
3.545623779296875000e+00
3.220611572265625000e+00
5.157257080078125000e+00
2.693267822265625000e+00
3.553863525390625000e+00
5.035186767578125000e+00
1.530242919921875000e+00
1.072479248046875000e+00
2.341094970703125000e+00
5.944915771484375000e+00
1.587005615234375000e+00
2.473541259765625000e+00
4.855743408203125000e+00
5.025421142578125000e+00
1.267791748046875000e+00
1.806121826171875000e+00
3.583465576171875000e+00
1.868072509765625000e+00
4.754425048828125000e+00
1.406951904296875000e+00
4.469696044921875000e+00
2.208343505859375000e+00
2.319427490234375000e+00
2.012420654296875000e+00
3.670440673828125000e+00
2.099090576171875000e+00
1.563812255859375000e+00
1.810394287109375000e+00
2.212005615234375000e+00
1.660247802734375000e+00
2.579742431640625000e+00
1.225677490234375000e+00
4.911590576171875000e+00
1.283660888671875000e+00
5.770355224609375000e+00
2.394195556640625000e+00
3.757110595703125000e+00
3.760772705078125000e+00
5.351959228515625000e+00
3.778778076171875000e+00
2.352691650390625000e+00
2.494293212890625000e+00
2.839447021484375000e+00
1.717315673828125000e+00
3.621002197265625000e+00
2.067962646484375000e+00
2.845550537109375000e+00
2.036529541015625000e+00
3.454071044921875000e+00
1.273590087890625000e+00
5.416046142578125000e+00
1.346527099609375000e+00
3.784881591796875000e+00
4.542938232421875000e+00
5.535980224609375000e+00
2.951446533203125000e+00
3.993011474609375000e+00
5.431610107421875000e+00
3.704925537109375000e+00
2.252899169921875000e+00
3.200775146484375000e+00
2.930999755859375000e+00
4.621368408203125000e+00
4.775787353515625000e+00
2.191253662109375000e+00
2.629180908203125000e+00
4.591766357421875000e+00
2.136627197265625000e+00
2.574859619140625000e+00
4.653106689453125000e+00
3.464752197265625000e+00
2.338653564453125000e+00
5.932403564453125000e+00
4.764190673828125000e+00
3.695159912109375000e+00
4.441619873046875000e+00
4.373870849609375000e+00
1.036468505859375000e+00
2.539764404296875000e+00
2.855621337890625000e+00
1.149383544921875000e+00
5.912261962890625000e+00
5.379425048828125000e+00
4.327789306640625000e+00
5.607391357421875000e+00
3.467803955078125000e+00
3.734222412109375000e+00
5.632720947265625000e+00
4.702239990234375000e+00
1.374908447265625000e+00
5.731597900390625000e+00
1.773162841796875000e+00
5.270782470703125000e+00
3.090911865234375000e+00
4.708038330078125000e+00
1.475311279296875000e+00
3.900543212890625000e+00
5.742279052734375000e+00
1.799713134765625000e+00
4.945770263671875000e+00
1.137786865234375000e+00
3.577056884765625000e+00
4.182525634765625000e+00
1.763702392578125000e+00
4.669281005859375000e+00
4.313446044921875000e+00
5.449615478515625000e+00
4.645477294921875000e+00
3.809600830078125000e+00
5.275054931640625000e+00
2.224822998046875000e+00
3.018280029296875000e+00
3.564544677734375000e+00
4.144989013671875000e+00
2.894073486328125000e+00
2.071014404296875000e+00
4.334503173828125000e+00
2.486358642578125000e+00
5.358062744140625000e+00
2.208648681640625000e+00
1.861358642578125000e+00
5.584197998046875000e+00
4.368682861328125000e+00
4.388824462890625000e+00
5.663848876953125000e+00
3.136383056640625000e+00
4.644256591796875000e+00
4.462066650390625000e+00
3.904510498046875000e+00
5.589996337890625000e+00
2.884613037109375000e+00
5.046173095703125000e+00
4.762359619140625000e+00
3.813873291015625000e+00
1.567779541015625000e+00
5.800567626953125000e+00
2.149444580078125000e+00
5.432220458984375000e+00
4.087921142578125000e+00
5.918060302734375000e+00
5.060211181640625000e+00
3.419281005859375000e+00
2.347808837890625000e+00
2.666107177734375000e+00
3.424774169921875000e+00
3.027130126953125000e+00
2.084136962890625000e+00
1.106353759765625000e+00
1.185394287109375000e+00
1.984649658203125000e+00
3.165374755859375000e+00
3.520599365234375000e+00
3.962188720703125000e+00
1.078582763671875000e+00
5.683990478515625000e+00
5.980621337890625000e+00
5.684295654296875000e+00
1.995025634765625000e+00
2.276397705078125000e+00
4.829803466796875000e+00
3.954864501953125000e+00
1.880889892578125000e+00
5.120941162109375000e+00
3.305450439453125000e+00
1.899810791015625000e+00
1.348052978515625000e+00
2.641693115234375000e+00
5.018707275390625000e+00
2.233673095703125000e+00
5.434051513671875000e+00
2.848907470703125000e+00
5.108734130859375000e+00
5.647979736328125000e+00
4.908538818359375000e+00
1.595245361328125000e+00
5.057769775390625000e+00
1.780487060546875000e+00
3.472381591796875000e+00
4.600616455078125000e+00
5.096832275390625000e+00
4.937225341796875000e+00
3.096099853515625000e+00
5.237213134765625000e+00
1.582733154296875000e+00
2.240081787109375000e+00
5.341583251953125000e+00
3.469024658203125000e+00
1.781707763671875000e+00
1.035552978515625000e+00
4.054351806640625000e+00
3.468719482421875000e+00
4.830413818359375000e+00
1.026397705078125000e+00
1.170135498046875000e+00
3.228546142578125000e+00
2.991119384765625000e+00
5.070892333984375000e+00
1.028533935546875000e+00
5.833526611328125000e+00
4.763275146484375000e+00
4.241119384765625000e+00
2.634368896484375000e+00
2.367340087890625000e+00
3.195892333984375000e+00
1.473785400390625000e+00
1.009307861328125000e+00
2.327056884765625000e+00
1.044708251953125000e+00
2.341400146484375000e+00
2.898956298828125000e+00
3.252349853515625000e+00
2.006011962890625000e+00
2.556854248046875000e+00
3.191619873046875000e+00
1.591583251953125000e+00
3.876739501953125000e+00
4.375396728515625000e+00
2.168670654296875000e+00
4.521881103515625000e+00
1.818634033203125000e+00
1.061492919921875000e+00
5.243316650390625000e+00
2.398162841796875000e+00
2.239471435546875000e+00
2.131134033203125000e+00
3.879486083984375000e+00
4.351898193359375000e+00
5.814605712890625000e+00
4.386077880859375000e+00
3.870330810546875000e+00
3.587738037109375000e+00
4.362884521484375000e+00
1.786590576171875000e+00
4.389739990234375000e+00
1.495147705078125000e+00
5.235687255859375000e+00
4.951873779296875000e+00
2.147308349609375000e+00
1.007476806640625000e+00
5.942474365234375000e+00
3.159271240234375000e+00
2.860198974609375000e+00
2.707916259765625000e+00
4.210906982421875000e+00
2.779327392578125000e+00
2.198577880859375000e+00
5.181365966796875000e+00
3.424163818359375000e+00
1.118560791015625000e+00
1.113983154296875000e+00
2.345367431640625000e+00
1.196380615234375000e+00
4.091583251953125000e+00
4.271636962890625000e+00
4.640594482421875000e+00
1.830535888671875000e+00
3.276153564453125000e+00
3.805633544921875000e+00
4.038177490234375000e+00
1.611114501953125000e+00
3.216644287109375000e+00
5.056549072265625000e+00
2.514434814453125000e+00
5.493255615234375000e+00
4.844146728515625000e+00
1.222625732421875000e+00
2.198272705078125000e+00
1.385284423828125000e+00
5.004058837890625000e+00
3.913665771484375000e+00
4.685760498046875000e+00
3.964324951171875000e+00
1.168304443359375000e+00
2.314544677734375000e+00
4.423004150390625000e+00
4.271026611328125000e+00
5.805755615234375000e+00
1.958099365234375000e+00
4.514556884765625000e+00
3.835540771484375000e+00
3.838287353515625000e+00
1.454559326171875000e+00
3.832794189453125000e+00
3.672271728515625000e+00
5.250335693359375000e+00
4.163604736328125000e+00
2.794586181640625000e+00
1.338897705078125000e+00
5.304351806640625000e+00
3.782135009765625000e+00
4.497772216796875000e+00
4.799591064453125000e+00
4.908843994140625000e+00
1.097198486328125000e+00
5.998626708984375000e+00
3.677764892578125000e+00
4.333587646484375000e+00
4.437042236328125000e+00
5.076995849609375000e+00
3.149505615234375000e+00
5.241790771484375000e+00
5.116668701171875000e+00
5.194793701171875000e+00
5.823760986328125000e+00
4.128509521484375000e+00
4.092498779296875000e+00
1.636749267578125000e+00
3.707977294921875000e+00
2.483917236328125000e+00
4.514251708984375000e+00
2.121978759765625000e+00
4.214569091796875000e+00
4.587188720703125000e+00
4.365936279296875000e+00
2.726837158203125000e+00
1.199737548828125000e+00
4.399505615234375000e+00
2.221771240234375000e+00
1.949249267578125000e+00
3.834625244140625000e+00
1.825042724609375000e+00
5.255218505859375000e+00
5.007110595703125000e+00
3.823028564453125000e+00
2.233978271484375000e+00
5.903411865234375000e+00
3.996673583984375000e+00
5.504547119140625000e+00
3.650909423828125000e+00
2.921539306640625000e+00
1.799407958984375000e+00
4.077545166015625000e+00
2.375274658203125000e+00
1.992279052734375000e+00
5.001617431640625000e+00
5.401702880859375000e+00
5.678497314453125000e+00
5.877166748046875000e+00
4.491058349609375000e+00
3.230682373046875000e+00
5.791412353515625000e+00
4.902740478515625000e+00
2.413421630859375000e+00
4.769683837890625000e+00
4.560943603515625000e+00
2.068878173828125000e+00
4.000335693359375000e+00
2.502227783203125000e+00
5.524688720703125000e+00
3.543792724609375000e+00
3.767791748046875000e+00
2.568756103515625000e+00
3.233734130859375000e+00
5.005889892578125000e+00
5.690093994140625000e+00
3.837066650390625000e+00
1.644378662109375000e+00
4.958282470703125000e+00
5.212799072265625000e+00
1.718536376953125000e+00
3.571563720703125000e+00
2.264801025390625000e+00
1.664215087890625000e+00
1.246734619140625000e+00
2.537933349609375000e+00
1.790252685546875000e+00
5.149932861328125000e+00
3.957611083984375000e+00
3.527313232421875000e+00
3.483978271484375000e+00
3.415008544921875000e+00
1.162811279296875000e+00
1.221405029296875000e+00
4.055572509765625000e+00
5.052276611328125000e+00
1.339508056640625000e+00
4.705291748046875000e+00
2.511077880859375000e+00
5.369964599609375000e+00
2.518096923828125000e+00
1.183563232421875000e+00
3.663726806640625000e+00
1.746307373046875000e+00
4.594818115234375000e+00
2.763458251953125000e+00
5.869842529296875000e+00
4.872833251953125000e+00
2.445770263671875000e+00
4.199005126953125000e+00
1.322113037109375000e+00
5.774932861328125000e+00
3.985076904296875000e+00
5.858551025390625000e+00
3.904205322265625000e+00
5.014129638671875000e+00
2.411895751953125000e+00
2.625823974609375000e+00
4.088836669921875000e+00
1.844268798828125000e+00
4.775482177734375000e+00
3.466278076171875000e+00
3.357940673828125000e+00
3.757720947265625000e+00
5.327850341796875000e+00
1.136260986328125000e+00
3.919464111328125000e+00
5.514617919921875000e+00
1.485382080078125000e+00
1.801239013671875000e+00
2.870269775390625000e+00
4.529205322265625000e+00
3.167205810546875000e+00
2.789703369140625000e+00
1.163116455078125000e+00
1.503387451171875000e+00
1.666961669921875000e+00
4.582611083984375000e+00
2.123809814453125000e+00
4.105926513671875000e+00
1.441741943359375000e+00
5.707794189453125000e+00
5.749298095703125000e+00
3.093353271484375000e+00
1.795745849609375000e+00
4.720245361328125000e+00
1.573577880859375000e+00
4.173370361328125000e+00
3.044830322265625000e+00
5.439239501953125000e+00
4.424224853515625000e+00
4.265228271484375000e+00
3.000885009765625000e+00
5.636688232421875000e+00
3.971649169921875000e+00
3.786102294921875000e+00
3.083587646484375000e+00
4.515472412109375000e+00
1.054779052734375000e+00
1.868988037109375000e+00
5.277496337890625000e+00
3.212066650390625000e+00
5.560699462890625000e+00
2.354827880859375000e+00
3.939605712890625000e+00
4.459014892578125000e+00
4.406829833984375000e+00
4.127593994140625000e+00
5.408416748046875000e+00
5.216461181640625000e+00
5.981536865234375000e+00
5.315643310546875000e+00
4.898468017578125000e+00
3.495880126953125000e+00
3.725372314453125000e+00
1.132904052734375000e+00
5.205169677734375000e+00
4.557891845703125000e+00
1.714874267578125000e+00
3.653656005859375000e+00
3.430877685546875000e+00
3.729339599609375000e+00
3.094879150390625000e+00
1.490875244140625000e+00
3.691802978515625000e+00
4.426666259765625000e+00
5.394683837890625000e+00
3.860565185546875000e+00
1.243377685546875000e+00
2.868438720703125000e+00
5.421539306640625000e+00
2.715545654296875000e+00
5.712677001953125000e+00
3.213897705078125000e+00
5.650726318359375000e+00
2.348419189453125000e+00
5.319305419921875000e+00
3.516021728515625000e+00
4.826141357421875000e+00
5.606170654296875000e+00
2.262969970703125000e+00
5.404754638671875000e+00
5.526824951171875000e+00
3.100067138671875000e+00
4.244476318359375000e+00
2.813812255859375000e+00
4.411407470703125000e+00
4.780364990234375000e+00
5.757537841796875000e+00
5.996795654296875000e+00
5.039154052734375000e+00
1.912017822265625000e+00
5.145355224609375000e+00
2.901702880859375000e+00
4.732757568359375000e+00
2.727447509765625000e+00
5.756011962890625000e+00
3.018585205078125000e+00
5.832611083984375000e+00
1.826568603515625000e+00
2.004791259765625000e+00
3.468414306640625000e+00
4.083953857421875000e+00
1.592193603515625000e+00
1.525970458984375000e+00
3.293853759765625000e+00
5.908599853515625000e+00
4.110198974609375000e+00
1.158843994140625000e+00
4.907012939453125000e+00
4.973541259765625000e+00
3.802276611328125000e+00
4.877716064453125000e+00
4.191986083984375000e+00
5.898529052734375000e+00
4.290252685546875000e+00
3.692413330078125000e+00
2.172637939453125000e+00
1.703277587890625000e+00
4.366241455078125000e+00
3.988433837890625000e+00
1.302886962890625000e+00
3.469635009765625000e+00
2.964263916015625000e+00
3.192840576171875000e+00
4.711700439453125000e+00
2.408538818359375000e+00
4.889617919921875000e+00
3.121734619140625000e+00
3.898712158203125000e+00
4.739776611328125000e+00
1.824432373046875000e+00
2.251068115234375000e+00
4.285064697265625000e+00
5.414215087890625000e+00
2.424102783203125000e+00
2.307220458984375000e+00
2.117095947265625000e+00
4.053436279296875000e+00
1.093841552734375000e+00
4.247833251953125000e+00
1.409088134765625000e+00
4.064727783203125000e+00
4.116607666015625000e+00
4.463897705078125000e+00
1.945587158203125000e+00
5.257659912109375000e+00
2.536407470703125000e+00
4.806915283203125000e+00
1.074920654296875000e+00
4.489227294921875000e+00
5.999237060546875000e+00
3.047882080078125000e+00
4.597869873046875000e+00
2.608734130859375000e+00
4.513946533203125000e+00
5.819793701171875000e+00
3.489776611328125000e+00
4.195648193359375000e+00
2.367950439453125000e+00
1.562591552734375000e+00
4.882293701171875000e+00
3.881927490234375000e+00
3.840118408203125000e+00
1.053253173828125000e+00
3.157745361328125000e+00
1.720062255859375000e+00
3.855987548828125000e+00
1.828094482421875000e+00
3.061920166015625000e+00
4.505096435546875000e+00
5.194488525390625000e+00
4.007659912109375000e+00
2.911163330078125000e+00
4.074798583984375000e+00
4.742523193359375000e+00
1.009918212890625000e+00
5.409942626953125000e+00
2.499176025390625000e+00
2.769561767578125000e+00
3.081451416015625000e+00
1.931549072265625000e+00
1.968475341796875000e+00
2.577301025390625000e+00
4.554534912109375000e+00
3.071380615234375000e+00
5.531707763671875000e+00
2.414031982421875000e+00
2.299591064453125000e+00
1.853424072265625000e+00
3.384490966796875000e+00
3.311553955078125000e+00
2.676788330078125000e+00
5.854888916015625000e+00
4.008270263671875000e+00
3.864532470703125000e+00
4.729705810546875000e+00
5.688873291015625000e+00
2.077423095703125000e+00
4.636932373046875000e+00
3.142791748046875000e+00
5.781951904296875000e+00
2.483306884765625000e+00
3.852935791015625000e+00
2.667633056640625000e+00
4.634796142578125000e+00
5.782562255859375000e+00
2.502532958984375000e+00
4.684844970703125000e+00
2.199188232421875000e+00
3.879791259765625000e+00
4.042449951171875000e+00
5.712066650390625000e+00
2.633758544921875000e+00
2.780853271484375000e+00
1.376129150390625000e+00
1.430145263671875000e+00
1.505828857421875000e+00
5.267730712890625000e+00
2.010284423828125000e+00
5.654083251953125000e+00
5.218597412109375000e+00
3.867279052734375000e+00
1.367279052734375000e+00
2.271514892578125000e+00
3.044219970703125000e+00
1.373077392578125000e+00
5.022064208984375000e+00
2.420745849609375000e+00
5.900970458984375000e+00
2.473846435546875000e+00
4.760833740234375000e+00
3.412261962890625000e+00
4.924102783203125000e+00
4.933258056640625000e+00
5.196929931640625000e+00
1.002899169921875000e+00
5.611053466796875000e+00
3.102508544921875000e+00
1.824127197265625000e+00
4.650665283203125000e+00
4.709869384765625000e+00
1.057220458984375000e+00
4.347930908203125000e+00
2.298065185546875000e+00
1.583343505859375000e+00
5.926605224609375000e+00
2.480865478515625000e+00
5.730682373046875000e+00
2.883392333984375000e+00
2.550750732421875000e+00
4.696746826171875000e+00
2.065826416015625000e+00
4.816375732421875000e+00
1.974884033203125000e+00
1.527801513671875000e+00
3.298736572265625000e+00
2.487579345703125000e+00
3.389984130859375000e+00
4.261566162109375000e+00
4.284149169921875000e+00
1.468597412109375000e+00
4.546600341796875000e+00
3.835235595703125000e+00
1.551300048828125000e+00
2.450958251953125000e+00
3.997283935546875000e+00
2.678619384765625000e+00
5.886322021484375000e+00
2.369476318359375000e+00
1.444793701171875000e+00
1.216522216796875000e+00
5.017486572265625000e+00
3.873077392578125000e+00
2.653900146484375000e+00
3.379302978515625000e+00
1.294342041015625000e+00
2.569366455078125000e+00
3.883758544921875000e+00
1.211639404296875000e+00
3.095794677734375000e+00
1.712127685546875000e+00
1.021514892578125000e+00
2.474761962890625000e+00
1.131988525390625000e+00
4.017120361328125000e+00
4.850555419921875000e+00
2.455841064453125000e+00
3.664642333984375000e+00
3.790069580078125000e+00
5.058685302734375000e+00
2.412506103515625000e+00
3.882537841796875000e+00
3.158660888671875000e+00
4.647918701171875000e+00
1.912933349609375000e+00
4.459625244140625000e+00
3.372283935546875000e+00
4.521575927734375000e+00
5.431304931640625000e+00
2.143341064453125000e+00
4.294830322265625000e+00
1.359039306640625000e+00
2.118316650390625000e+00
5.764251708984375000e+00
5.071502685546875000e+00
1.714569091796875000e+00
4.279876708984375000e+00
3.054290771484375000e+00
5.140777587890625000e+00
3.395172119140625000e+00
4.318023681640625000e+00
5.050445556640625000e+00
1.271148681640625000e+00
2.850738525390625000e+00
1.673370361328125000e+00
5.750518798828125000e+00
3.540435791015625000e+00
4.748321533203125000e+00
5.100494384765625000e+00
4.043975830078125000e+00
5.464874267578125000e+00
1.987701416015625000e+00
1.621490478515625000e+00
5.660491943359375000e+00
4.137359619140625000e+00
2.406097412109375000e+00
3.133941650390625000e+00
5.703216552734375000e+00
4.885650634765625000e+00
5.902496337890625000e+00
3.158355712890625000e+00
3.316741943359375000e+00
5.503021240234375000e+00
4.157806396484375000e+00
4.457794189453125000e+00
5.579010009765625000e+00
3.777862548828125000e+00
2.667022705078125000e+00
5.936065673828125000e+00
2.215362548828125000e+00
3.324981689453125000e+00
1.122833251953125000e+00
5.236602783203125000e+00
5.581146240234375000e+00
4.191375732421875000e+00
1.802459716796875000e+00
1.995941162109375000e+00
5.597625732421875000e+00
1.488128662109375000e+00
2.754608154296875000e+00
3.396697998046875000e+00
3.868804931640625000e+00
5.067840576171875000e+00
2.695709228515625000e+00
5.479522705078125000e+00
4.170928955078125000e+00
2.974945068359375000e+00
4.245697021484375000e+00
4.686370849609375000e+00
3.667694091796875000e+00
3.765045166015625000e+00
4.404388427734375000e+00
5.307708740234375000e+00
5.704437255859375000e+00
4.859710693359375000e+00
1.455169677734375000e+00
2.735992431640625000e+00
1.569915771484375000e+00
5.362945556640625000e+00
5.810943603515625000e+00
5.986724853515625000e+00
1.372161865234375000e+00
5.076690673828125000e+00
5.116973876953125000e+00
2.752166748046875000e+00
2.821441650390625000e+00
2.799774169921875000e+00
4.365631103515625000e+00
4.151092529296875000e+00
5.642791748046875000e+00
5.899139404296875000e+00
2.157684326171875000e+00
2.048736572265625000e+00
4.383026123046875000e+00
4.134918212890625000e+00
4.918304443359375000e+00
1.538787841796875000e+00
2.089019775390625000e+00
3.850799560546875000e+00
4.723907470703125000e+00
2.799163818359375000e+00
2.055755615234375000e+00
5.439544677734375000e+00
2.055450439453125000e+00
5.364776611328125000e+00
1.032806396484375000e+00
2.890716552734375000e+00
5.365997314453125000e+00
5.049530029296875000e+00
5.848785400390625000e+00
3.302093505859375000e+00
2.999664306640625000e+00
2.664581298828125000e+00
2.027374267578125000e+00
1.834197998046875000e+00
4.063812255859375000e+00
2.965789794921875000e+00
2.135101318359375000e+00
1.591888427734375000e+00
4.755950927734375000e+00
5.544525146484375000e+00
1.295867919921875000e+00
4.286895751953125000e+00
1.232696533203125000e+00
2.425018310546875000e+00
4.280181884765625000e+00
4.612823486328125000e+00
1.248565673828125000e+00
4.744659423828125000e+00
1.837860107421875000e+00
3.061309814453125000e+00
3.945404052734375000e+00
1.823211669921875000e+00
3.157135009765625000e+00
4.095550537109375000e+00
5.048614501953125000e+00
5.966278076171875000e+00
4.509674072265625000e+00
1.991363525390625000e+00
1.310821533203125000e+00
2.874847412109375000e+00
4.029937744140625000e+00
5.987030029296875000e+00
1.451507568359375000e+00
3.136993408203125000e+00
5.596710205078125000e+00
4.447723388671875000e+00
5.028778076171875000e+00
4.624114990234375000e+00
1.066986083984375000e+00
1.467376708984375000e+00
3.216033935546875000e+00
2.630401611328125000e+00
2.243438720703125000e+00
4.538360595703125000e+00
2.035919189453125000e+00
1.387725830078125000e+00
1.302581787109375000e+00
5.684600830078125000e+00
5.279327392578125000e+00
3.009429931640625000e+00
4.413238525390625000e+00
4.338775634765625000e+00
3.230377197265625000e+00
4.425445556640625000e+00
4.094329833984375000e+00
4.263092041015625000e+00
2.509246826171875000e+00
5.399871826171875000e+00
2.286163330078125000e+00
1.620880126953125000e+00
2.827545166015625000e+00
4.761749267578125000e+00
3.982330322265625000e+00
5.040679931640625000e+00
1.166473388671875000e+00
2.481781005859375000e+00
3.053070068359375000e+00
1.724029541015625000e+00
3.741851806640625000e+00
2.820526123046875000e+00
4.499298095703125000e+00
3.134246826171875000e+00
5.082489013671875000e+00
5.660797119140625000e+00
2.246490478515625000e+00
1.921478271484375000e+00
4.917083740234375000e+00
2.361846923828125000e+00
5.579925537109375000e+00
2.317291259765625000e+00
3.225799560546875000e+00
5.891815185546875000e+00
4.478240966796875000e+00
4.377838134765625000e+00
4.184051513671875000e+00
2.015472412109375000e+00
2.475067138671875000e+00
4.899383544921875000e+00
1.414276123046875000e+00
1.737152099609375000e+00
5.501190185546875000e+00
2.201629638671875000e+00
1.202789306640625000e+00
5.568328857421875000e+00
3.240142822265625000e+00
2.746673583984375000e+00
1.671539306640625000e+00
1.593719482421875000e+00
1.746612548828125000e+00
2.390228271484375000e+00
5.999542236328125000e+00
1.948333740234375000e+00
1.789947509765625000e+00
4.879547119140625000e+00
4.628387451171875000e+00
5.177703857421875000e+00
2.955718994140625000e+00
2.040191650390625000e+00
2.965179443359375000e+00
3.837677001953125000e+00
5.306488037109375000e+00
4.095855712890625000e+00
4.063201904296875000e+00
5.900054931640625000e+00
5.427032470703125000e+00
2.486663818359375000e+00
5.178619384765625000e+00
3.109222412109375000e+00
4.853912353515625000e+00
1.142364501953125000e+00
5.716644287109375000e+00
3.720489501953125000e+00
1.733489990234375000e+00
4.161163330078125000e+00
4.626556396484375000e+00
2.260528564453125000e+00
4.259429931640625000e+00
3.308502197265625000e+00
3.829132080078125000e+00
1.755157470703125000e+00
1.119781494140625000e+00
2.310882568359375000e+00
5.675750732421875000e+00
4.914031982421875000e+00
4.779144287109375000e+00
4.333892822265625000e+00
1.242156982421875000e+00
2.036834716796875000e+00
5.094085693359375000e+00
3.279510498046875000e+00
1.999908447265625000e+00
3.644195556640625000e+00
5.254302978515625000e+00
5.734954833984375000e+00
1.241241455078125000e+00
3.166595458984375000e+00
5.638824462890625000e+00
3.784271240234375000e+00
4.854217529296875000e+00
1.299530029296875000e+00
1.443572998046875000e+00
1.865936279296875000e+00
1.430755615234375000e+00
1.005340576171875000e+00
3.057342529296875000e+00
3.772979736328125000e+00
3.220306396484375000e+00
4.173980712890625000e+00
4.810882568359375000e+00
1.382232666015625000e+00
4.790130615234375000e+00
2.549530029296875000e+00
5.785308837890625000e+00
5.854583740234375000e+00
4.578033447265625000e+00
1.858612060546875000e+00
4.627471923828125000e+00
5.641571044921875000e+00
3.717742919921875000e+00
3.154998779296875000e+00
5.429168701171875000e+00
3.465972900390625000e+00
2.200408935546875000e+00
4.523101806640625000e+00
5.442291259765625000e+00
5.034881591796875000e+00
2.492462158203125000e+00
1.385589599609375000e+00
1.196990966796875000e+00
4.478851318359375000e+00
4.231964111328125000e+00
5.054718017578125000e+00
3.999725341796875000e+00
4.198699951171875000e+00
5.302825927734375000e+00
4.480377197265625000e+00
2.033477783203125000e+00
5.765777587890625000e+00
2.597442626953125000e+00
2.009674072265625000e+00
4.327178955078125000e+00
5.657745361328125000e+00
2.996002197265625000e+00
2.943206787109375000e+00
3.289276123046875000e+00
3.106475830078125000e+00
3.767486572265625000e+00
2.666412353515625000e+00
4.596038818359375000e+00
4.691864013671875000e+00
5.823455810546875000e+00
4.905792236328125000e+00
4.986053466796875000e+00
2.479339599609375000e+00
1.127410888671875000e+00
1.556182861328125000e+00
5.463653564453125000e+00
1.558929443359375000e+00
3.599945068359375000e+00
1.616607666015625000e+00
4.703765869140625000e+00
1.431060791015625000e+00
5.062652587890625000e+00
2.799468994140625000e+00
4.036956787109375000e+00
1.337677001953125000e+00
5.552459716796875000e+00
1.409698486328125000e+00
1.249176025390625000e+00
2.791839599609375000e+00
5.983367919921875000e+00
4.362274169921875000e+00
3.833709716796875000e+00
1.154266357421875000e+00
4.930816650390625000e+00
4.013763427734375000e+00
5.879302978515625000e+00
3.957000732421875000e+00
5.988861083984375000e+00
5.870452880859375000e+00
4.969879150390625000e+00
5.166412353515625000e+00
2.858673095703125000e+00
1.337982177734375000e+00
4.504791259765625000e+00
4.097381591796875000e+00
1.559844970703125000e+00
4.740997314453125000e+00
5.937896728515625000e+00
3.990570068359375000e+00
5.117584228515625000e+00
2.902008056640625000e+00
2.971282958984375000e+00
1.029144287109375000e+00
2.866607666015625000e+00
3.229766845703125000e+00
4.588409423828125000e+00
1.716094970703125000e+00
5.364471435546875000e+00
2.778717041015625000e+00
1.409393310546875000e+00
4.798675537109375000e+00
1.316009521484375000e+00
1.507354736328125000e+00
4.058624267578125000e+00
5.408721923828125000e+00
4.828277587890625000e+00
2.188812255859375000e+00
3.605133056640625000e+00
2.271209716796875000e+00
5.218292236328125000e+00
2.211700439453125000e+00
4.304595947265625000e+00
4.672332763671875000e+00
4.876190185546875000e+00
5.854278564453125000e+00
5.757232666015625000e+00
4.842620849609375000e+00
5.582672119140625000e+00
2.562042236328125000e+00
1.555877685546875000e+00
2.309661865234375000e+00
5.246978759765625000e+00
4.618316650390625000e+00
3.227325439453125000e+00
4.945159912109375000e+00
4.241424560546875000e+00
3.375640869140625000e+00
3.998504638671875000e+00
1.532073974609375000e+00
1.753021240234375000e+00
3.623138427734375000e+00
5.686431884765625000e+00
4.425140380859375000e+00
3.561492919921875000e+00
4.943634033203125000e+00
5.770965576171875000e+00
3.393951416015625000e+00
2.184844970703125000e+00
2.934967041015625000e+00
4.049774169921875000e+00
3.542877197265625000e+00
3.331695556640625000e+00
3.617645263671875000e+00
3.914886474609375000e+00
1.848846435546875000e+00
4.219757080078125000e+00
3.285003662109375000e+00
2.490936279296875000e+00
5.006195068359375000e+00
3.729644775390625000e+00
3.540130615234375000e+00
1.764617919921875000e+00
2.754913330078125000e+00
2.501617431640625000e+00
5.816741943359375000e+00
2.717376708984375000e+00
3.997589111328125000e+00
3.806243896484375000e+00
4.256072998046875000e+00
4.440093994140625000e+00
1.013580322265625000e+00
2.833648681640625000e+00
3.985992431640625000e+00
3.641448974609375000e+00
3.582855224609375000e+00
3.024993896484375000e+00
1.458221435546875000e+00
1.440216064453125000e+00
5.394378662109375000e+00
3.726287841796875000e+00
4.412017822265625000e+00
2.302032470703125000e+00
5.397430419921875000e+00
1.960845947265625000e+00
4.256378173828125000e+00
2.606292724609375000e+00
1.739288330078125000e+00
5.392242431640625000e+00
4.823089599609375000e+00
2.317901611328125000e+00
4.840179443359375000e+00
2.710662841796875000e+00
3.582244873046875000e+00
4.518218994140625000e+00
1.676727294921875000e+00
2.960601806640625000e+00
3.637176513671875000e+00
5.873809814453125000e+00
1.031890869140625000e+00
5.755096435546875000e+00
4.757781982421875000e+00
2.270904541015625000e+00
3.954559326171875000e+00
4.648529052734375000e+00
2.654205322265625000e+00
4.927154541015625000e+00
2.971588134765625000e+00
1.023956298828125000e+00
2.611480712890625000e+00
2.567230224609375000e+00
5.516143798828125000e+00
3.913055419921875000e+00
1.690155029296875000e+00
5.011383056640625000e+00
1.884552001953125000e+00
2.454620361328125000e+00
3.914581298828125000e+00
5.553985595703125000e+00
4.430633544921875000e+00
4.093719482421875000e+00
5.777374267578125000e+00
3.797088623046875000e+00
2.655120849609375000e+00
4.261260986328125000e+00
5.247894287109375000e+00
1.505523681640625000e+00
5.521942138671875000e+00
3.048187255859375000e+00
3.611541748046875000e+00
5.920196533203125000e+00
4.132781982421875000e+00
1.861968994140625000e+00
3.013397216796875000e+00
4.489837646484375000e+00
4.793182373046875000e+00
4.982391357421875000e+00
5.474945068359375000e+00
4.778839111328125000e+00
4.838043212890625000e+00
1.218963623046875000e+00
4.288116455078125000e+00
2.376495361328125000e+00
1.887908935546875000e+00
2.074981689453125000e+00
3.683868408203125000e+00
1.836944580078125000e+00
5.566802978515625000e+00
5.272613525390625000e+00
3.584991455078125000e+00
1.471649169921875000e+00
2.808319091796875000e+00
5.004364013671875000e+00
3.406768798828125000e+00
2.285552978515625000e+00
3.784576416015625000e+00
4.875579833984375000e+00
2.053009033203125000e+00
5.225921630859375000e+00
3.336578369140625000e+00
1.802154541015625000e+00
4.550567626953125000e+00
1.774078369140625000e+00
3.329254150390625000e+00
1.714263916015625000e+00
3.737579345703125000e+00
1.711822509765625000e+00
5.218902587890625000e+00
4.447418212890625000e+00
5.240570068359375000e+00
4.120269775390625000e+00
1.411834716796875000e+00
4.509063720703125000e+00
4.630218505859375000e+00
3.404937744140625000e+00
2.433868408203125000e+00
3.505645751953125000e+00
5.786224365234375000e+00
2.066741943359375000e+00
5.894866943359375000e+00
1.784149169921875000e+00
1.779876708984375000e+00
4.596954345703125000e+00
3.812042236328125000e+00
3.152252197265625000e+00
1.197296142578125000e+00
1.242462158203125000e+00
4.165740966796875000e+00
3.227630615234375000e+00
4.679046630859375000e+00
4.792572021484375000e+00
1.226593017578125000e+00
5.615631103515625000e+00
1.829315185546875000e+00
1.937347412109375000e+00
1.877227783203125000e+00
1.510406494140625000e+00
2.805877685546875000e+00
5.650421142578125000e+00
1.754852294921875000e+00
1.015716552734375000e+00
2.792755126953125000e+00
4.148345947265625000e+00
3.186126708984375000e+00
2.628875732421875000e+00
1.174713134765625000e+00
5.217071533203125000e+00
5.501495361328125000e+00
4.303985595703125000e+00
1.559234619140625000e+00
5.244537353515625000e+00
1.038299560546875000e+00
5.548187255859375000e+00
2.515045166015625000e+00
4.808441162109375000e+00
3.447662353515625000e+00
4.824615478515625000e+00
4.633575439453125000e+00
4.903350830078125000e+00
1.750579833984375000e+00
1.244903564453125000e+00
2.324310302734375000e+00
5.741058349609375000e+00
4.639373779296875000e+00
5.447479248046875000e+00
5.801483154296875000e+00
3.356109619140625000e+00
4.082427978515625000e+00
5.967193603515625000e+00
3.057952880859375000e+00
3.723541259765625000e+00
4.529815673828125000e+00
5.582977294921875000e+00
2.244659423828125000e+00
3.576141357421875000e+00
2.941070556640625000e+00
3.552642822265625000e+00
5.041900634765625000e+00
5.098358154296875000e+00
3.096710205078125000e+00
4.693695068359375000e+00
1.203704833984375000e+00
5.885101318359375000e+00
2.553192138671875000e+00
1.943450927734375000e+00
1.340728759765625000e+00
1.634613037109375000e+00
2.903533935546875000e+00
2.750946044921875000e+00
2.107635498046875000e+00
1.699005126953125000e+00
3.719268798828125000e+00
3.832183837890625000e+00
2.650238037109375000e+00
2.184539794921875000e+00
4.189239501953125000e+00
2.723480224609375000e+00
5.280853271484375000e+00
3.373199462890625000e+00
2.023101806640625000e+00
3.102203369140625000e+00
3.700653076171875000e+00
2.701202392578125000e+00
2.543731689453125000e+00
5.203643798828125000e+00
2.488189697265625000e+00
2.663970947265625000e+00
3.451934814453125000e+00
3.160491943359375000e+00
2.035003662109375000e+00
3.706451416015625000e+00
2.333160400390625000e+00
4.553009033203125000e+00
3.930145263671875000e+00
2.285247802734375000e+00
5.471282958984375000e+00
5.877777099609375000e+00
4.456878662109375000e+00
3.182769775390625000e+00
2.183319091796875000e+00
2.328887939453125000e+00
5.643707275390625000e+00
1.391082763671875000e+00
1.300140380859375000e+00
1.252532958984375000e+00
4.971099853515625000e+00
1.325164794921875000e+00
4.124237060546875000e+00
4.466644287109375000e+00
2.276092529296875000e+00
5.475250244140625000e+00
5.937591552734375000e+00
1.553131103515625000e+00
4.548126220703125000e+00
2.124725341796875000e+00
4.473358154296875000e+00
3.259979248046875000e+00
3.937774658203125000e+00
1.558013916015625000e+00
5.877471923828125000e+00
4.736114501953125000e+00
2.934661865234375000e+00
1.014801025390625000e+00
5.245758056640625000e+00
3.118988037109375000e+00
1.024871826171875000e+00
1.917816162109375000e+00
5.471893310546875000e+00
3.322540283203125000e+00
2.141204833984375000e+00
5.718170166015625000e+00
5.275970458984375000e+00
1.637664794921875000e+00
4.616180419921875000e+00
5.332122802734375000e+00
5.341888427734375000e+00
2.306304931640625000e+00
4.114776611328125000e+00
1.818328857421875000e+00
1.322723388671875000e+00
5.423675537109375000e+00
2.898040771484375000e+00
2.757965087890625000e+00
4.730926513671875000e+00
4.152008056640625000e+00
3.960357666015625000e+00
5.080657958984375000e+00
5.832000732421875000e+00
2.039276123046875000e+00
5.325714111328125000e+00
2.294097900390625000e+00
5.380950927734375000e+00
3.595367431640625000e+00
4.057708740234375000e+00
1.193328857421875000e+00
4.279571533203125000e+00
5.293060302734375000e+00
3.325592041015625000e+00
2.302642822265625000e+00
3.664337158203125000e+00
1.862884521484375000e+00
2.309356689453125000e+00
1.630340576171875000e+00
2.245574951171875000e+00
3.040863037109375000e+00
1.203094482421875000e+00
1.924835205078125000e+00
1.963287353515625000e+00
5.586944580078125000e+00
2.959381103515625000e+00
5.898223876953125000e+00
2.725921630859375000e+00
1.761260986328125000e+00
2.418304443359375000e+00
4.264007568359375000e+00
4.000030517578125000e+00
4.448944091796875000e+00
3.572174072265625000e+00
5.281768798828125000e+00
2.570281982421875000e+00
2.336822509765625000e+00
4.753509521484375000e+00
2.227569580078125000e+00
1.669097900390625000e+00
3.083282470703125000e+00
1.680084228515625000e+00
1.927581787109375000e+00
5.545745849609375000e+00
3.785186767578125000e+00
2.682891845703125000e+00
1.151824951171875000e+00
1.971832275390625000e+00
2.528472900390625000e+00
1.618743896484375000e+00
4.050384521484375000e+00
2.242218017578125000e+00
5.857330322265625000e+00
4.398284912109375000e+00
5.141387939453125000e+00
4.026580810546875000e+00
3.026519775390625000e+00
1.680389404296875000e+00
4.158416748046875000e+00
3.386322021484375000e+00
2.961517333984375000e+00
3.321014404296875000e+00
3.065582275390625000e+00
2.887969970703125000e+00
4.522491455078125000e+00
5.649505615234375000e+00
3.047576904296875000e+00
3.451629638671875000e+00
5.633636474609375000e+00
3.577362060546875000e+00
1.079498291015625000e+00
1.180511474609375000e+00
5.457550048828125000e+00
2.258087158203125000e+00
3.563934326171875000e+00
1.095062255859375000e+00
3.889251708984375000e+00
1.880584716796875000e+00
5.806976318359375000e+00
2.186065673828125000e+00
1.899505615234375000e+00
1.390167236328125000e+00
1.405120849609375000e+00
3.329864501953125000e+00
3.643585205078125000e+00
1.200653076171875000e+00
4.679351806640625000e+00
2.385650634765625000e+00
3.055816650390625000e+00
4.504486083984375000e+00
2.237640380859375000e+00
3.998199462890625000e+00
3.628021240234375000e+00
1.569305419921875000e+00
4.200836181640625000e+00
2.466827392578125000e+00
4.781890869140625000e+00
2.696014404296875000e+00
3.064361572265625000e+00
4.467864990234375000e+00
2.660614013671875000e+00
3.180328369140625000e+00
1.319671630859375000e+00
2.402130126953125000e+00
4.996734619140625000e+00
1.250396728515625000e+00
2.327667236328125000e+00
5.405670166015625000e+00
1.315704345703125000e+00
3.462310791015625000e+00
3.776947021484375000e+00
2.558685302734375000e+00
3.497406005859375000e+00
3.106170654296875000e+00
4.785858154296875000e+00
3.714385986328125000e+00
4.764801025390625000e+00
2.281890869140625000e+00
4.307647705078125000e+00
4.565521240234375000e+00
5.113922119140625000e+00
4.681793212890625000e+00
3.853851318359375000e+00
1.303192138671875000e+00
2.542816162109375000e+00
5.910736083984375000e+00
1.581817626953125000e+00
3.799835205078125000e+00
2.598052978515625000e+00
4.744049072265625000e+00
2.974334716796875000e+00
2.899871826171875000e+00
1.649261474609375000e+00
4.012847900390625000e+00
1.890045166015625000e+00
5.185943603515625000e+00
4.794708251953125000e+00
1.122528076171875000e+00
5.327545166015625000e+00
3.223358154296875000e+00
2.188507080078125000e+00
5.437713623046875000e+00
1.161285400390625000e+00
3.221221923828125000e+00
2.817169189453125000e+00
3.797698974609375000e+00
3.434234619140625000e+00
1.895538330078125000e+00
4.275299072265625000e+00
1.763092041015625000e+00
5.992523193359375000e+00
1.315093994140625000e+00
5.202423095703125000e+00
2.203155517578125000e+00
3.822723388671875000e+00
1.206756591796875000e+00
5.818878173828125000e+00
4.096466064453125000e+00
4.687896728515625000e+00
2.585235595703125000e+00
3.357330322265625000e+00
5.316864013671875000e+00
4.713531494140625000e+00
1.404510498046875000e+00
4.129730224609375000e+00
4.399200439453125000e+00
2.507110595703125000e+00
5.702911376953125000e+00
1.985565185546875000e+00
3.383270263671875000e+00
1.785980224609375000e+00
2.148834228515625000e+00
2.228485107421875000e+00
1.240631103515625000e+00
5.667205810546875000e+00
3.434539794921875000e+00
1.170745849609375000e+00
5.675140380859375000e+00
4.688507080078125000e+00
5.491424560546875000e+00
1.235137939453125000e+00
2.690216064453125000e+00
4.129119873046875000e+00
3.987518310546875000e+00
1.930633544921875000e+00
1.055999755859375000e+00
1.434417724609375000e+00
4.098907470703125000e+00
1.980682373046875000e+00
1.155487060546875000e+00
5.918975830078125000e+00
2.205902099609375000e+00
4.493194580078125000e+00
3.847747802734375000e+00
4.852386474609375000e+00
2.085968017578125000e+00
4.881072998046875000e+00
5.263153076171875000e+00
5.380645751953125000e+00
5.102020263671875000e+00
4.394317626953125000e+00
3.996368408203125000e+00
1.111541748046875000e+00
1.634307861328125000e+00
2.128997802734375000e+00
5.627838134765625000e+00
2.261444091796875000e+00
5.635772705078125000e+00
1.217132568359375000e+00
1.143585205078125000e+00
5.817657470703125000e+00
2.716461181640625000e+00
1.045318603515625000e+00
4.740386962890625000e+00
5.107513427734375000e+00
4.932647705078125000e+00
1.341644287109375000e+00
3.172088623046875000e+00
2.814422607421875000e+00
4.170623779296875000e+00
1.791168212890625000e+00
4.284454345703125000e+00
1.233612060546875000e+00
4.495025634765625000e+00
4.506927490234375000e+00
3.896575927734375000e+00
3.014007568359375000e+00
5.994049072265625000e+00
2.623687744140625000e+00
3.699737548828125000e+00
5.309844970703125000e+00
4.598785400390625000e+00
5.004974365234375000e+00
3.413482666015625000e+00
2.135406494140625000e+00
1.910186767578125000e+00
2.422882080078125000e+00
4.719329833984375000e+00
5.825592041015625000e+00
2.802520751953125000e+00
2.549224853515625000e+00
4.408050537109375000e+00
5.301605224609375000e+00
1.935821533203125000e+00
2.731719970703125000e+00
1.428619384765625000e+00
2.954193115234375000e+00
5.393157958984375000e+00
5.483489990234375000e+00
2.194915771484375000e+00
1.966033935546875000e+00
2.180572509765625000e+00
5.624176025390625000e+00
2.692657470703125000e+00
1.229339599609375000e+00
4.293304443359375000e+00
2.767425537109375000e+00
1.022125244140625000e+00
4.387603759765625000e+00
4.573760986328125000e+00
1.046844482421875000e+00
4.741302490234375000e+00
1.174102783203125000e+00
5.522552490234375000e+00
1.056610107421875000e+00
2.236114501953125000e+00
2.248931884765625000e+00
5.378204345703125000e+00
3.148284912109375000e+00
5.313201904296875000e+00
2.676177978515625000e+00
5.213104248046875000e+00
1.835113525390625000e+00
5.681854248046875000e+00
2.386566162109375000e+00
3.616729736328125000e+00
3.104339599609375000e+00
5.423980712890625000e+00
5.045562744140625000e+00
1.131072998046875000e+00
4.669586181640625000e+00
4.558502197265625000e+00
5.080963134765625000e+00
5.123382568359375000e+00
4.968353271484375000e+00
1.573883056640625000e+00
1.847930908203125000e+00
1.310516357421875000e+00
1.854339599609375000e+00
2.811981201171875000e+00
1.883941650390625000e+00
4.482513427734375000e+00
4.187713623046875000e+00
2.938629150390625000e+00
5.685211181640625000e+00
5.745941162109375000e+00
1.915374755859375000e+00
1.678863525390625000e+00
4.220977783203125000e+00
2.590728759765625000e+00
1.988616943359375000e+00
3.624664306640625000e+00
1.861663818359375000e+00
5.568939208984375000e+00
1.950775146484375000e+00
3.906646728515625000e+00
3.361907958984375000e+00
5.535675048828125000e+00
1.370635986328125000e+00
4.601837158203125000e+00
3.561798095703125000e+00
4.104095458984375000e+00
3.863616943359375000e+00
5.264984130859375000e+00
3.039947509765625000e+00
3.374114990234375000e+00
2.858367919921875000e+00
3.235565185546875000e+00
5.266510009765625000e+00
5.680938720703125000e+00
5.081268310546875000e+00
4.829193115234375000e+00
5.049224853515625000e+00
1.877532958984375000e+00
2.577911376953125000e+00
1.227813720703125000e+00
4.848419189453125000e+00
4.491668701171875000e+00
3.621307373046875000e+00
2.828155517578125000e+00
5.976043701171875000e+00
5.039459228515625000e+00
1.816497802734375000e+00
1.480194091796875000e+00
2.453094482421875000e+00
5.597015380859375000e+00
1.753326416015625000e+00
4.898162841796875000e+00
1.906219482421875000e+00
1.295562744140625000e+00
1.617828369140625000e+00
4.182830810546875000e+00
4.621978759765625000e+00
4.331146240234375000e+00
1.668792724609375000e+00
2.646270751953125000e+00
5.192657470703125000e+00
5.938201904296875000e+00
5.874114990234375000e+00
3.243194580078125000e+00
5.719390869140625000e+00
1.433807373046875000e+00
2.885833740234375000e+00
3.848052978515625000e+00
5.530487060546875000e+00
2.447906494140625000e+00
5.936981201171875000e+00
1.178375244140625000e+00
4.503265380859375000e+00
3.547454833984375000e+00
3.856597900390625000e+00
5.795379638671875000e+00
5.047393798828125000e+00
5.246368408203125000e+00
1.727081298828125000e+00
5.955291748046875000e+00
4.070526123046875000e+00
2.156463623046875000e+00
2.826019287109375000e+00
4.993377685546875000e+00
4.598175048828125000e+00
5.880523681640625000e+00
3.912750244140625000e+00
4.652801513671875000e+00
1.890655517578125000e+00
1.437469482421875000e+00
4.121795654296875000e+00
1.339202880859375000e+00
2.552276611328125000e+00
4.839874267578125000e+00
2.106414794921875000e+00
2.149749755859375000e+00
3.606353759765625000e+00
4.868560791015625000e+00
2.744232177734375000e+00
1.395965576171875000e+00
3.817840576171875000e+00
4.557281494140625000e+00
3.304840087890625000e+00
4.450775146484375000e+00
4.015899658203125000e+00
3.738189697265625000e+00
1.141448974609375000e+00
3.935638427734375000e+00
2.142425537109375000e+00
3.781829833984375000e+00
3.056121826171875000e+00
3.259674072265625000e+00
1.102081298828125000e+00
1.306549072265625000e+00
5.940338134765625000e+00
4.296966552734375000e+00
4.614044189453125000e+00
1.640411376953125000e+00
3.249908447265625000e+00
2.896820068359375000e+00
2.938934326171875000e+00
3.536468505859375000e+00
1.112457275390625000e+00
4.267669677734375000e+00
3.839813232421875000e+00
5.588470458984375000e+00
5.494476318359375000e+00
3.742156982421875000e+00
4.913726806640625000e+00
4.251800537109375000e+00
3.241363525390625000e+00
2.594085693359375000e+00
1.152740478515625000e+00
3.406463623046875000e+00
5.434967041015625000e+00
1.417633056640625000e+00
1.146331787109375000e+00
3.568817138671875000e+00
3.492218017578125000e+00
2.654815673828125000e+00
5.827728271484375000e+00
1.606842041015625000e+00
4.742828369140625000e+00
3.865753173828125000e+00
5.933929443359375000e+00
2.373748779296875000e+00
3.700347900390625000e+00
4.428802490234375000e+00
4.441925048828125000e+00
5.388885498046875000e+00
1.384063720703125000e+00
3.769622802734375000e+00
5.737396240234375000e+00
5.994354248046875000e+00
1.617523193359375000e+00
4.444061279296875000e+00
5.494171142578125000e+00
4.234405517578125000e+00
3.098541259765625000e+00
2.165618896484375000e+00
5.567413330078125000e+00
2.869659423828125000e+00
1.239410400390625000e+00
4.589019775390625000e+00
3.736053466796875000e+00
4.003082275390625000e+00
5.206695556640625000e+00
2.051483154296875000e+00
1.681304931640625000e+00
3.651214599609375000e+00
2.428375244140625000e+00
2.832427978515625000e+00
3.269744873046875000e+00
1.351104736328125000e+00
3.155914306640625000e+00
2.905059814453125000e+00
3.435455322265625000e+00
1.026092529296875000e+00
1.422210693359375000e+00
3.291107177734375000e+00
1.980072021484375000e+00
1.747528076171875000e+00
2.899261474609375000e+00
3.925567626953125000e+00
2.959075927734375000e+00
5.349822998046875000e+00
4.970489501953125000e+00
4.540191650390625000e+00
4.021697998046875000e+00
5.679412841796875000e+00
2.944732666015625000e+00
5.886932373046875000e+00
4.103485107421875000e+00
3.416839599609375000e+00
3.791595458984375000e+00
5.974517822265625000e+00
3.335968017578125000e+00
3.676849365234375000e+00
1.896453857421875000e+00
4.326873779296875000e+00
5.622955322265625000e+00
5.985809326171875000e+00
5.454803466796875000e+00
4.757171630859375000e+00
2.196136474609375000e+00
1.305938720703125000e+00
3.190093994140625000e+00
5.794158935546875000e+00
5.687957763671875000e+00
1.611724853515625000e+00
5.876861572265625000e+00
5.600677490234375000e+00
4.100433349609375000e+00
5.045257568359375000e+00
2.645355224609375000e+00
5.441070556640625000e+00
5.314422607421875000e+00
3.959747314453125000e+00
4.839263916015625000e+00
5.260101318359375000e+00
3.590484619140625000e+00
2.171722412109375000e+00
4.534393310546875000e+00
3.769012451171875000e+00
4.706512451171875000e+00
5.090423583984375000e+00
2.173858642578125000e+00
4.532562255859375000e+00
1.923614501953125000e+00
4.276519775390625000e+00
5.403533935546875000e+00
1.137176513671875000e+00
2.210174560546875000e+00
5.357757568359375000e+00
5.794464111328125000e+00
1.153045654296875000e+00
1.970611572265625000e+00
5.287567138671875000e+00
1.130157470703125000e+00
1.228118896484375000e+00
3.486724853515625000e+00
1.018768310546875000e+00
2.134796142578125000e+00
1.265045166015625000e+00
5.296112060546875000e+00
3.440032958984375000e+00
3.649078369140625000e+00
4.635101318359375000e+00
5.651947021484375000e+00
4.287200927734375000e+00
3.321319580078125000e+00
4.813629150390625000e+00
4.494720458984375000e+00
3.553253173828125000e+00
3.452850341796875000e+00
5.773406982421875000e+00
2.364288330078125000e+00
4.712615966796875000e+00
5.036712646484375000e+00
5.895782470703125000e+00
3.973175048828125000e+00
2.903228759765625000e+00
3.609405517578125000e+00
4.187408447265625000e+00
4.636322021484375000e+00
1.972747802734375000e+00
1.675811767578125000e+00
5.279937744140625000e+00
3.031707763671875000e+00
1.864105224609375000e+00
4.885040283203125000e+00
5.807891845703125000e+00
3.732086181640625000e+00
4.350372314453125000e+00
4.295440673828125000e+00
1.160675048828125000e+00
3.047271728515625000e+00
1.291595458984375000e+00
4.011932373046875000e+00
2.805572509765625000e+00
4.352508544921875000e+00
1.587921142578125000e+00
2.459503173828125000e+00
1.160064697265625000e+00
2.052398681640625000e+00
1.762786865234375000e+00
1.557403564453125000e+00
4.420257568359375000e+00
3.034149169921875000e+00
1.461578369140625000e+00
3.326202392578125000e+00
1.972137451171875000e+00
1.445404052734375000e+00
1.100860595703125000e+00
4.448028564453125000e+00
2.698455810546875000e+00
3.640838623046875000e+00
3.610015869140625000e+00
4.302459716796875000e+00
3.479095458984375000e+00
1.132598876953125000e+00
3.983551025390625000e+00
5.292144775390625000e+00
1.020904541015625000e+00
2.206512451171875000e+00
3.476654052734375000e+00
2.956024169921875000e+00
1.272674560546875000e+00
4.148956298828125000e+00
4.841400146484375000e+00
5.351348876953125000e+00
4.264617919921875000e+00
2.336212158203125000e+00
5.013824462890625000e+00
4.606414794921875000e+00
1.414886474609375000e+00
5.398956298828125000e+00
4.650360107421875000e+00
4.055267333984375000e+00
5.642486572265625000e+00
3.310028076171875000e+00
5.542999267578125000e+00
1.539398193359375000e+00
1.170440673828125000e+00
2.291961669921875000e+00
3.664031982421875000e+00
3.959442138671875000e+00
5.431915283203125000e+00
5.137115478515625000e+00
1.420684814453125000e+00
3.183990478515625000e+00
1.778350830078125000e+00
3.756500244140625000e+00
1.148773193359375000e+00
5.203338623046875000e+00
1.948944091796875000e+00
1.545501708984375000e+00
4.545989990234375000e+00
3.541351318359375000e+00
4.708953857421875000e+00
5.956817626953125000e+00
5.994659423828125000e+00
2.127166748046875000e+00
5.983062744140625000e+00
4.224334716796875000e+00
5.418792724609375000e+00
2.106109619140625000e+00
2.248016357421875000e+00
4.223419189453125000e+00
5.020843505859375000e+00
3.531890869140625000e+00
5.942779541015625000e+00
5.274749755859375000e+00
5.694976806640625000e+00
3.282867431640625000e+00
1.663604736328125000e+00
1.365753173828125000e+00
4.217620849609375000e+00
1.078277587890625000e+00
3.963714599609375000e+00
3.881317138671875000e+00
4.675994873046875000e+00
4.796234130859375000e+00
1.848541259765625000e+00
1.597686767578125000e+00
4.093109130859375000e+00
5.714813232421875000e+00
2.604461669921875000e+00
2.432647705078125000e+00
1.203399658203125000e+00
4.875274658203125000e+00
3.378692626953125000e+00
2.760101318359375000e+00
3.809906005859375000e+00
4.679962158203125000e+00
4.057098388671875000e+00
1.156707763671875000e+00
5.458465576171875000e+00
4.561859130859375000e+00
4.512115478515625000e+00
5.924774169921875000e+00
4.328094482421875000e+00
3.950897216796875000e+00
2.241912841796875000e+00
3.372894287109375000e+00
3.309722900390625000e+00
1.805206298828125000e+00
2.332550048828125000e+00
1.938262939453125000e+00
1.845794677734375000e+00
4.307952880859375000e+00
3.038421630859375000e+00
2.949005126953125000e+00
2.235809326171875000e+00
1.918121337890625000e+00
1.859527587890625000e+00
4.570404052734375000e+00
5.422454833984375000e+00
1.048675537109375000e+00
1.113372802734375000e+00
1.701446533203125000e+00
5.786834716796875000e+00
3.257232666015625000e+00
5.705657958984375000e+00
2.153717041015625000e+00
5.156341552734375000e+00
2.993865966796875000e+00
4.737640380859375000e+00
2.314849853515625000e+00
3.958221435546875000e+00
3.202911376953125000e+00
1.521392822265625000e+00
3.663116455078125000e+00
3.984771728515625000e+00
3.310333251953125000e+00
2.226043701171875000e+00
1.032196044921875000e+00
5.276275634765625000e+00
5.507293701171875000e+00
1.853729248046875000e+00
3.016448974609375000e+00
3.198638916015625000e+00
4.641204833984375000e+00
5.644927978515625000e+00
3.002716064453125000e+00
1.248260498046875000e+00
5.783782958984375000e+00
5.872589111328125000e+00
4.109588623046875000e+00
1.311431884765625000e+00
1.418243408203125000e+00
3.946014404296875000e+00
4.490142822265625000e+00
2.197662353515625000e+00
1.849151611328125000e+00
2.046600341796875000e+00
2.871185302734375000e+00
1.429534912109375000e+00
1.113677978515625000e+00
3.154083251953125000e+00
5.951324462890625000e+00
4.762054443359375000e+00
4.268280029296875000e+00
1.796966552734375000e+00
4.847503662109375000e+00
3.502288818359375000e+00
1.711212158203125000e+00
2.765899658203125000e+00
2.399993896484375000e+00
4.355865478515625000e+00
1.053558349609375000e+00
2.456451416015625000e+00
4.997650146484375000e+00
3.528228759765625000e+00
5.607086181640625000e+00
1.994720458984375000e+00
4.518829345703125000e+00
3.560882568359375000e+00
1.883331298828125000e+00
1.508270263671875000e+00
4.156280517578125000e+00
3.915802001953125000e+00
3.989349365234375000e+00
4.911285400390625000e+00
4.092803955078125000e+00
5.386138916015625000e+00
5.491729736328125000e+00
1.109710693359375000e+00
4.341217041015625000e+00
2.472320556640625000e+00
5.712371826171875000e+00
2.771697998046875000e+00
3.248992919921875000e+00
5.314727783203125000e+00
1.208587646484375000e+00
5.477691650390625000e+00
5.577789306640625000e+00
3.458953857421875000e+00
3.196197509765625000e+00
1.950469970703125000e+00
4.133697509765625000e+00
4.038787841796875000e+00
4.499908447265625000e+00
3.264556884765625000e+00
1.012054443359375000e+00
4.779754638671875000e+00
5.919281005859375000e+00
4.256988525390625000e+00
5.500885009765625000e+00
2.375885009765625000e+00
3.186431884765625000e+00
3.119903564453125000e+00
2.283111572265625000e+00
5.927215576171875000e+00
1.371551513671875000e+00
2.223907470703125000e+00
2.882781982421875000e+00
2.423797607421875000e+00
5.566192626953125000e+00
2.537628173828125000e+00
3.373504638671875000e+00
4.336944580078125000e+00
1.027313232421875000e+00
2.664886474609375000e+00
2.627044677734375000e+00
5.621124267578125000e+00
4.552398681640625000e+00
3.724151611328125000e+00
4.675689697265625000e+00
2.597747802734375000e+00
1.872344970703125000e+00
5.383087158203125000e+00
5.559173583984375000e+00
1.391998291015625000e+00
1.770111083984375000e+00
3.843170166015625000e+00
5.551239013671875000e+00
4.046112060546875000e+00
4.125457763671875000e+00
3.381134033203125000e+00
5.645843505859375000e+00
2.642303466796875000e+00
1.212860107421875000e+00
2.601715087890625000e+00
3.641754150390625000e+00
3.939910888671875000e+00
2.648712158203125000e+00
2.018524169921875000e+00
2.434478759765625000e+00
2.295623779296875000e+00
1.307769775390625000e+00
1.940399169921875000e+00
2.304473876953125000e+00
5.285430908203125000e+00
4.656768798828125000e+00
5.593658447265625000e+00
2.830902099609375000e+00
5.620819091796875000e+00
5.078521728515625000e+00
1.515594482421875000e+00
1.287933349609375000e+00
2.111297607421875000e+00
5.916229248046875000e+00
2.182708740234375000e+00
4.543243408203125000e+00
3.390594482421875000e+00
1.759735107421875000e+00
1.891876220703125000e+00
3.005157470703125000e+00
4.084869384765625000e+00
4.786773681640625000e+00
5.451751708984375000e+00
4.947601318359375000e+00
1.354461669921875000e+00
4.177032470703125000e+00
4.386993408203125000e+00
2.121063232421875000e+00
5.003448486328125000e+00
1.440521240234375000e+00
2.504364013671875000e+00
3.126922607421875000e+00
3.467498779296875000e+00
4.680572509765625000e+00
1.955657958984375000e+00
5.081573486328125000e+00
5.311065673828125000e+00
4.984222412109375000e+00
4.456268310546875000e+00
5.505462646484375000e+00
3.671966552734375000e+00
1.487213134765625000e+00
2.192779541015625000e+00
3.551727294921875000e+00
5.771270751953125000e+00
1.048980712890625000e+00
1.378570556640625000e+00
3.082061767578125000e+00
4.277130126953125000e+00
1.661163330078125000e+00
5.222259521484375000e+00
1.835723876953125000e+00
4.979339599609375000e+00
2.926116943359375000e+00
1.721893310546875000e+00
2.823883056640625000e+00
5.523162841796875000e+00
2.898651123046875000e+00
5.912872314453125000e+00
1.361785888671875000e+00
5.986114501953125000e+00
1.908050537109375000e+00
5.492340087890625000e+00
2.878814697265625000e+00
5.703521728515625000e+00
4.397369384765625000e+00
4.213958740234375000e+00
2.473236083984375000e+00
4.474578857421875000e+00
1.042572021484375000e+00
3.488861083984375000e+00
1.555267333984375000e+00
1.957794189453125000e+00
4.497467041015625000e+00
3.189788818359375000e+00
1.496368408203125000e+00
1.859832763671875000e+00
2.222991943359375000e+00
3.112884521484375000e+00
1.410614013671875000e+00
4.694000244140625000e+00
3.684478759765625000e+00
1.294952392578125000e+00
4.187103271484375000e+00
3.249298095703125000e+00
4.164825439453125000e+00
1.903472900390625000e+00
1.703582763671875000e+00
4.221588134765625000e+00
1.407867431640625000e+00
5.738311767578125000e+00
2.128387451171875000e+00
2.843414306640625000e+00
5.033355712890625000e+00
4.735198974609375000e+00
2.378936767578125000e+00
5.075469970703125000e+00
2.825103759765625000e+00
1.704193115234375000e+00
1.752410888671875000e+00
4.153533935546875000e+00
5.405975341796875000e+00
1.211334228515625000e+00
1.939178466796875000e+00
1.437774658203125000e+00
5.820098876953125000e+00
2.803131103515625000e+00
1.842132568359375000e+00
2.850433349609375000e+00
3.365875244140625000e+00
5.101104736328125000e+00
1.562896728515625000e+00
4.113861083984375000e+00
1.309295654296875000e+00
3.193450927734375000e+00
1.966949462890625000e+00
1.438385009765625000e+00
1.462188720703125000e+00
2.653289794921875000e+00
2.582183837890625000e+00
2.885223388671875000e+00
3.041168212890625000e+00
2.848297119140625000e+00
4.235626220703125000e+00
5.012298583984375000e+00
3.524261474609375000e+00
3.270660400390625000e+00
1.184173583984375000e+00
3.645111083984375000e+00
5.676055908203125000e+00
4.204498291015625000e+00
4.966827392578125000e+00
3.423248291015625000e+00
4.054046630859375000e+00
1.316314697265625000e+00
3.271575927734375000e+00
3.783355712890625000e+00
4.411712646484375000e+00
1.732879638671875000e+00
2.967315673828125000e+00
3.428436279296875000e+00
4.830718994140625000e+00
4.902435302734375000e+00
1.821075439453125000e+00
3.980499267578125000e+00
1.332489013671875000e+00
2.721038818359375000e+00
1.493011474609375000e+00
4.862457275390625000e+00
3.109832763671875000e+00
3.693023681640625000e+00
3.844696044921875000e+00
3.458648681640625000e+00
2.556549072265625000e+00
2.623992919921875000e+00
4.613128662109375000e+00
4.325653076171875000e+00
1.665740966796875000e+00
3.634735107421875000e+00
2.195526123046875000e+00
5.611968994140625000e+00
4.154449462890625000e+00
2.432952880859375000e+00
3.618865966796875000e+00
5.294586181640625000e+00
3.306060791015625000e+00
3.542266845703125000e+00
4.267974853515625000e+00
3.209014892578125000e+00
3.037506103515625000e+00
2.140594482421875000e+00
2.834564208984375000e+00
2.772918701171875000e+00
5.868011474609375000e+00
4.285980224609375000e+00
1.607757568359375000e+00
4.681182861328125000e+00
5.874420166015625000e+00
1.613861083984375000e+00
3.479400634765625000e+00
3.527923583984375000e+00
5.321441650390625000e+00
5.010772705078125000e+00
2.793060302734375000e+00
2.471099853515625000e+00
2.614837646484375000e+00
2.933746337890625000e+00
2.267547607421875000e+00
3.910919189453125000e+00
4.317413330078125000e+00
3.057647705078125000e+00
2.535491943359375000e+00
5.083709716796875000e+00
2.472625732421875000e+00
3.433624267578125000e+00
1.009613037109375000e+00
1.043792724609375000e+00
5.360504150390625000e+00
5.027252197265625000e+00
4.045196533203125000e+00
2.770172119140625000e+00
1.699310302734375000e+00
3.984161376953125000e+00
3.262115478515625000e+00
5.944305419921875000e+00
2.464385986328125000e+00
1.276947021484375000e+00
2.121368408203125000e+00
4.562774658203125000e+00
1.991973876953125000e+00
2.892547607421875000e+00
5.733734130859375000e+00
2.422271728515625000e+00
3.972259521484375000e+00
4.542327880859375000e+00
5.837493896484375000e+00
5.474334716796875000e+00
2.665496826171875000e+00
4.194732666015625000e+00
5.919891357421875000e+00
5.414520263671875000e+00
2.068267822265625000e+00
5.502716064453125000e+00
1.275115966796875000e+00
4.253631591796875000e+00
1.694122314453125000e+00
3.845306396484375000e+00
3.440338134765625000e+00
2.872711181640625000e+00
3.754669189453125000e+00
4.288726806640625000e+00
2.880340576171875000e+00
1.495758056640625000e+00
2.783294677734375000e+00
2.154937744140625000e+00
3.077178955078125000e+00
4.205108642578125000e+00
4.115386962890625000e+00
5.787445068359375000e+00
4.719940185546875000e+00
5.550323486328125000e+00
2.856231689453125000e+00
4.173675537109375000e+00
4.313140869140625000e+00
2.594390869140625000e+00
5.936676025390625000e+00
5.933624267578125000e+00
4.870697021484375000e+00
3.208099365234375000e+00
2.408843994140625000e+00
5.826202392578125000e+00
2.356048583984375000e+00
5.501800537109375000e+00
5.108123779296875000e+00
3.457122802734375000e+00
1.753936767578125000e+00
3.577972412109375000e+00
5.344329833984375000e+00
5.874725341796875000e+00
4.798370361328125000e+00
3.937164306640625000e+00
4.258514404296875000e+00
2.048431396484375000e+00
5.773101806640625000e+00
4.681488037109375000e+00
3.791290283203125000e+00
2.670379638671875000e+00
4.046417236328125000e+00
2.674957275390625000e+00
5.088592529296875000e+00
1.138092041015625000e+00
1.604400634765625000e+00
3.040557861328125000e+00
1.218658447265625000e+00
2.058807373046875000e+00
2.681060791015625000e+00
4.186187744140625000e+00
1.445709228515625000e+00
4.186492919921875000e+00
3.004852294921875000e+00
3.973480224609375000e+00
5.485931396484375000e+00
4.045501708984375000e+00
4.413848876953125000e+00
2.776580810546875000e+00
5.761505126953125000e+00
5.678802490234375000e+00
4.200225830078125000e+00
5.240875244140625000e+00
3.920684814453125000e+00
4.684539794921875000e+00
5.680023193359375000e+00
4.976593017578125000e+00
1.373382568359375000e+00
5.151763916015625000e+00
1.637054443359375000e+00
3.272491455078125000e+00
3.195587158203125000e+00
1.690460205078125000e+00
5.796295166015625000e+00
3.545928955078125000e+00
3.702789306640625000e+00
5.054412841796875000e+00
1.513763427734375000e+00
5.486541748046875000e+00
1.048370361328125000e+00
5.764862060546875000e+00
3.426910400390625000e+00
5.882965087890625000e+00
3.054595947265625000e+00
1.251922607421875000e+00
1.010528564453125000e+00
5.805450439453125000e+00
2.248321533203125000e+00
3.410736083984375000e+00
5.845428466796875000e+00
4.690643310546875000e+00
5.575958251953125000e+00
5.058380126953125000e+00
3.580413818359375000e+00
3.908477783203125000e+00
4.445281982421875000e+00
5.853363037109375000e+00
1.682830810546875000e+00
5.468841552734375000e+00
5.428253173828125000e+00
3.631378173828125000e+00
2.451263427734375000e+00
3.776336669921875000e+00
5.132537841796875000e+00
2.876678466796875000e+00
5.253997802734375000e+00
4.142242431640625000e+00
4.040924072265625000e+00
4.173065185546875000e+00
1.118255615234375000e+00
3.818450927734375000e+00
3.695465087890625000e+00
1.473175048828125000e+00
4.373260498046875000e+00
3.087860107421875000e+00
5.426422119140625000e+00
3.292022705078125000e+00
3.481231689453125000e+00
4.433074951171875000e+00
2.366119384765625000e+00
1.298614501953125000e+00
1.708770751953125000e+00
1.283966064453125000e+00
4.036651611328125000e+00
4.461456298828125000e+00
1.386810302734375000e+00
2.441802978515625000e+00
5.209442138671875000e+00
5.206085205078125000e+00
2.202850341796875000e+00
2.947479248046875000e+00
4.725433349609375000e+00
5.729461669921875000e+00
1.907135009765625000e+00
2.757049560546875000e+00
4.997039794921875000e+00
2.795806884765625000e+00
3.754364013671875000e+00
5.862518310546875000e+00
3.359161376953125000e+00
1.019378662109375000e+00
3.497100830078125000e+00
1.586090087890625000e+00
3.436370849609375000e+00
4.675079345703125000e+00
2.349945068359375000e+00
2.637115478515625000e+00
2.091156005859375000e+00
4.929901123046875000e+00
4.843841552734375000e+00
1.011138916015625000e+00
4.748016357421875000e+00
5.279632568359375000e+00
1.388336181640625000e+00
1.449676513671875000e+00
2.563873291015625000e+00
5.930877685546875000e+00
5.785003662109375000e+00
2.841278076171875000e+00
4.359222412109375000e+00
3.741546630859375000e+00
5.419097900390625000e+00
2.618499755859375000e+00
2.405792236328125000e+00
2.674346923828125000e+00
5.149322509765625000e+00
5.156036376953125000e+00
4.179779052734375000e+00
5.813995361328125000e+00
2.936492919921875000e+00
2.156158447265625000e+00
4.242950439453125000e+00
3.526397705078125000e+00
5.931488037109375000e+00
5.674530029296875000e+00
4.943939208984375000e+00
2.411590576171875000e+00
2.403961181640625000e+00
3.838897705078125000e+00
1.691986083984375000e+00
5.508514404296875000e+00
4.147430419921875000e+00
2.656646728515625000e+00
2.548919677734375000e+00
3.075653076171875000e+00
1.001983642578125000e+00
2.194305419921875000e+00
2.221466064453125000e+00
2.525421142578125000e+00
5.122772216796875000e+00
4.854827880859375000e+00
5.394073486328125000e+00
1.798187255859375000e+00
1.412139892578125000e+00
2.686553955078125000e+00
4.990936279296875000e+00
5.894561767578125000e+00
5.312896728515625000e+00
3.562408447265625000e+00
1.281524658203125000e+00
2.980438232421875000e+00
3.103118896484375000e+00
2.292877197265625000e+00
3.452545166015625000e+00
4.657073974609375000e+00
1.866546630859375000e+00
4.943328857421875000e+00
1.829010009765625000e+00
4.238372802734375000e+00
1.994110107421875000e+00
2.203765869140625000e+00
2.769866943359375000e+00
1.196075439453125000e+00
3.890777587890625000e+00
4.008575439453125000e+00
5.637298583984375000e+00
4.369293212890625000e+00
4.003692626953125000e+00
4.343658447265625000e+00
1.623931884765625000e+00
2.755523681640625000e+00
3.549896240234375000e+00
2.347503662109375000e+00
2.263885498046875000e+00
3.787628173828125000e+00
1.568084716796875000e+00
2.014556884765625000e+00
4.277740478515625000e+00
2.143646240234375000e+00
4.227691650390625000e+00
5.798431396484375000e+00
4.226776123046875000e+00
4.803253173828125000e+00
4.301239013671875000e+00
2.124420166015625000e+00
2.234893798828125000e+00
2.554718017578125000e+00
4.424835205078125000e+00
4.870391845703125000e+00
5.363555908203125000e+00
1.988311767578125000e+00
5.385833740234375000e+00
1.556488037109375000e+00
2.602020263671875000e+00
4.390350341796875000e+00
5.875640869140625000e+00
5.145965576171875000e+00
2.077117919921875000e+00
3.914276123046875000e+00
1.748443603515625000e+00
4.663177490234375000e+00
3.684173583984375000e+00
1.809173583984375000e+00
5.876251220703125000e+00
4.734283447265625000e+00
1.213470458984375000e+00
4.563385009765625000e+00
4.445587158203125000e+00
1.624847412109375000e+00
2.949310302734375000e+00
2.294403076171875000e+00
1.225982666015625000e+00
5.056854248046875000e+00
5.861297607421875000e+00
4.948822021484375000e+00
5.648895263671875000e+00
1.579376220703125000e+00
3.974395751953125000e+00
2.380767822265625000e+00
5.896087646484375000e+00
1.745391845703125000e+00
4.579254150390625000e+00
2.708221435546875000e+00
3.387847900390625000e+00
1.821380615234375000e+00
2.829071044921875000e+00
4.793792724609375000e+00
3.133331298828125000e+00
1.110626220703125000e+00
4.025970458984375000e+00
2.663055419921875000e+00
4.291473388671875000e+00
4.659515380859375000e+00
1.383148193359375000e+00
3.072601318359375000e+00
3.876129150390625000e+00
3.690887451171875000e+00
3.744903564453125000e+00
1.481719970703125000e+00
3.139434814453125000e+00
4.036041259765625000e+00
3.367095947265625000e+00
1.550079345703125000e+00
3.509613037109375000e+00
2.313629150390625000e+00
3.418975830078125000e+00
4.121490478515625000e+00
1.353851318359375000e+00
1.103912353515625000e+00
5.946441650390625000e+00
4.869476318359375000e+00
1.998077392578125000e+00
1.706024169921875000e+00
1.417327880859375000e+00
1.485687255859375000e+00
3.441253662109375000e+00
1.276641845703125000e+00
4.487701416015625000e+00
1.099029541015625000e+00
4.961639404296875000e+00
2.663360595703125000e+00
4.548736572265625000e+00
1.915069580078125000e+00
3.244110107421875000e+00
1.893402099609375000e+00
3.730255126953125000e+00
1.691680908203125000e+00
5.403228759765625000e+00
4.149566650390625000e+00
5.717559814453125000e+00
4.950042724609375000e+00
4.757476806640625000e+00
2.161956787109375000e+00
2.462249755859375000e+00
1.973663330078125000e+00
3.654266357421875000e+00
2.735687255859375000e+00
1.981292724609375000e+00
4.225860595703125000e+00
5.589385986328125000e+00
2.219024658203125000e+00
1.413055419921875000e+00
1.673675537109375000e+00
4.389434814453125000e+00
2.918182373046875000e+00
3.360076904296875000e+00
1.565338134765625000e+00
1.914154052734375000e+00
3.358245849609375000e+00
3.592620849609375000e+00
4.255767822265625000e+00
2.873016357421875000e+00
5.923553466796875000e+00
2.326141357421875000e+00
3.245330810546875000e+00
2.191864013671875000e+00
1.341949462890625000e+00
1.872955322265625000e+00
2.215667724609375000e+00
4.454132080078125000e+00
5.754791259765625000e+00
1.904693603515625000e+00
2.777801513671875000e+00
3.901153564453125000e+00
5.326324462890625000e+00
5.288482666015625000e+00
4.745269775390625000e+00
4.212432861328125000e+00
3.226409912109375000e+00
4.981781005859375000e+00
1.695343017578125000e+00
2.764984130859375000e+00
2.388092041015625000e+00
3.722625732421875000e+00
2.686859130859375000e+00
3.971954345703125000e+00
4.788909912109375000e+00
1.298004150390625000e+00
1.512542724609375000e+00
5.425811767578125000e+00
5.112701416015625000e+00
2.308746337890625000e+00
1.953521728515625000e+00
3.713470458984375000e+00
5.652862548828125000e+00
1.903778076171875000e+00
5.362030029296875000e+00
5.806365966796875000e+00
2.800384521484375000e+00
4.880462646484375000e+00
2.078338623046875000e+00
1.530853271484375000e+00
3.312469482421875000e+00
3.806549072265625000e+00
1.028839111328125000e+00
3.824249267578125000e+00
2.737213134765625000e+00
5.200897216796875000e+00
3.364349365234375000e+00
4.871612548828125000e+00
4.977203369140625000e+00
1.989532470703125000e+00
2.547088623046875000e+00
5.753875732421875000e+00
4.438568115234375000e+00
1.873870849609375000e+00
2.573944091796875000e+00
3.652130126953125000e+00
2.107330322265625000e+00
5.196319580078125000e+00
1.653228759765625000e+00
1.778045654296875000e+00
5.473419189453125000e+00
2.777496337890625000e+00
4.433380126953125000e+00
2.756439208984375000e+00
1.232086181640625000e+00
1.304107666015625000e+00
3.510833740234375000e+00
1.122222900390625000e+00
4.921356201171875000e+00
5.257049560546875000e+00
5.768829345703125000e+00
3.295989990234375000e+00
1.060577392578125000e+00
5.084625244140625000e+00
3.029876708984375000e+00
3.728424072265625000e+00
5.716033935546875000e+00
5.482879638671875000e+00
2.260223388671875000e+00
2.133575439453125000e+00
3.868499755859375000e+00
2.877288818359375000e+00
2.994781494140625000e+00
1.345611572265625000e+00
3.041778564453125000e+00
5.476165771484375000e+00
2.748809814453125000e+00
5.595184326171875000e+00
5.741363525390625000e+00
1.867767333984375000e+00
2.018829345703125000e+00
1.361480712890625000e+00
5.427337646484375000e+00
2.501922607421875000e+00
4.824310302734375000e+00
2.889801025390625000e+00
4.798980712890625000e+00
4.144073486328125000e+00
2.255645751953125000e+00
1.955963134765625000e+00
1.199432373046875000e+00
1.208282470703125000e+00
5.838104248046875000e+00
2.239166259765625000e+00
5.110870361328125000e+00
3.205047607421875000e+00
3.704620361328125000e+00
3.314605712890625000e+00
2.761932373046875000e+00
1.569000244140625000e+00
2.226959228515625000e+00
4.725738525390625000e+00
1.727691650390625000e+00
5.831695556640625000e+00
4.936614990234375000e+00
4.752288818359375000e+00
5.710845947265625000e+00
2.124114990234375000e+00
4.204193115234375000e+00
1.067901611328125000e+00
1.320281982421875000e+00
3.962493896484375000e+00
5.236297607421875000e+00
3.361297607421875000e+00
4.273773193359375000e+00
3.326812744140625000e+00
3.627105712890625000e+00
4.361663818359375000e+00
3.086639404296875000e+00
2.152801513671875000e+00
1.269317626953125000e+00
5.880828857421875000e+00
2.305389404296875000e+00
5.763641357421875000e+00
1.615692138671875000e+00
5.769744873046875000e+00
5.859466552734375000e+00
4.358306884765625000e+00
5.008026123046875000e+00
5.135589599609375000e+00
4.532867431640625000e+00
5.063568115234375000e+00
3.113800048828125000e+00
1.077667236328125000e+00
3.721099853515625000e+00
1.938873291015625000e+00
2.622467041015625000e+00
5.466094970703125000e+00
4.376617431640625000e+00
4.664398193359375000e+00
4.210296630859375000e+00
5.348907470703125000e+00
5.254913330078125000e+00
5.095916748046875000e+00
2.106719970703125000e+00
2.378326416015625000e+00
1.258636474609375000e+00
4.409576416015625000e+00
3.062835693359375000e+00
2.923675537109375000e+00
1.294647216796875000e+00
4.465728759765625000e+00
5.563751220703125000e+00
4.738250732421875000e+00
4.999176025390625000e+00
1.962066650390625000e+00
2.443939208984375000e+00
5.651641845703125000e+00
3.026214599609375000e+00
1.171966552734375000e+00
3.498626708984375000e+00
4.992462158203125000e+00
3.912445068359375000e+00
4.584136962890625000e+00
3.893524169921875000e+00
2.179351806640625000e+00
1.247344970703125000e+00
4.320159912109375000e+00
2.561431884765625000e+00
2.862335205078125000e+00
5.020233154296875000e+00
4.123321533203125000e+00
5.543609619140625000e+00
3.855682373046875000e+00
4.022918701171875000e+00
1.377349853515625000e+00
3.516326904296875000e+00
5.653472900390625000e+00
4.610076904296875000e+00
5.693450927734375000e+00
2.243743896484375000e+00
5.834442138671875000e+00
2.007537841796875000e+00
2.724395751953125000e+00
1.318145751953125000e+00
1.960540771484375000e+00
4.976898193359375000e+00
2.962127685546875000e+00
5.958343505859375000e+00
2.981048583984375000e+00
2.377716064453125000e+00
4.693389892578125000e+00
5.303436279296875000e+00
2.730194091796875000e+00
3.823944091796875000e+00
4.988494873046875000e+00
3.733306884765625000e+00
3.224578857421875000e+00
1.356597900390625000e+00
2.885528564453125000e+00
2.073150634765625000e+00
5.962921142578125000e+00
1.163726806640625000e+00
3.390289306640625000e+00
3.020416259765625000e+00
4.410491943359375000e+00
2.185150146484375000e+00
3.153472900390625000e+00
5.572296142578125000e+00
1.404205322265625000e+00
5.179534912109375000e+00
2.005401611328125000e+00
1.753631591796875000e+00
1.211944580078125000e+00
2.742095947265625000e+00
1.511322021484375000e+00
1.151519775390625000e+00
5.587860107421875000e+00
3.709503173828125000e+00
2.987457275390625000e+00
2.287689208984375000e+00
1.732269287109375000e+00
5.734649658203125000e+00
3.680206298828125000e+00
3.995758056640625000e+00
4.710784912109375000e+00
5.634857177734375000e+00
4.560028076171875000e+00
4.598480224609375000e+00
2.423187255859375000e+00
1.041656494140625000e+00
2.254730224609375000e+00
3.830657958984375000e+00
1.821685791015625000e+00
3.826080322265625000e+00
4.513336181640625000e+00
1.461883544921875000e+00
4.740081787109375000e+00
4.957366943359375000e+00
5.811248779296875000e+00
5.953765869140625000e+00
4.314971923828125000e+00
4.286590576171875000e+00
4.131561279296875000e+00
3.949066162109375000e+00
3.874603271484375000e+00
2.685333251953125000e+00
2.439666748046875000e+00
1.766754150390625000e+00
2.595611572265625000e+00
5.413909912109375000e+00
4.921966552734375000e+00
1.759429931640625000e+00
4.090972900390625000e+00
2.449127197265625000e+00
1.622406005859375000e+00
5.360198974609375000e+00
3.836151123046875000e+00
5.007415771484375000e+00
4.299713134765625000e+00
1.752716064453125000e+00
2.589202880859375000e+00
2.690521240234375000e+00
3.144927978515625000e+00
1.236358642578125000e+00
1.370941162109375000e+00
1.024566650390625000e+00
4.557586669921875000e+00
5.414825439453125000e+00
1.288848876953125000e+00
4.130340576171875000e+00
1.682220458984375000e+00
1.536346435546875000e+00
5.764556884765625000e+00
5.299774169921875000e+00
2.130523681640625000e+00
3.803802490234375000e+00
5.216156005859375000e+00
5.587249755859375000e+00
1.552215576171875000e+00
1.885162353515625000e+00
1.898590087890625000e+00
1.363616943359375000e+00
1.290069580078125000e+00
2.027069091796875000e+00
2.567535400390625000e+00
2.847686767578125000e+00
4.119354248046875000e+00
4.428192138671875000e+00
3.938690185546875000e+00
4.704986572265625000e+00
2.257781982421875000e+00
2.435699462890625000e+00
3.303924560546875000e+00
2.725311279296875000e+00
2.609649658203125000e+00
1.646209716796875000e+00
2.256866455078125000e+00
3.351531982421875000e+00
1.287017822265625000e+00
4.117218017578125000e+00
4.439788818359375000e+00
4.978424072265625000e+00
1.678253173828125000e+00
3.517547607421875000e+00
2.775665283203125000e+00
2.558074951171875000e+00
2.551666259765625000e+00
4.018035888671875000e+00
3.049102783203125000e+00
5.852142333984375000e+00
4.130645751953125000e+00
5.353179931640625000e+00
2.056671142578125000e+00
1.579071044921875000e+00
1.774688720703125000e+00
3.586517333984375000e+00
2.139984130859375000e+00
1.065155029296875000e+00
1.501556396484375000e+00
5.248199462890625000e+00
4.425750732421875000e+00
2.611785888671875000e+00
4.936004638671875000e+00
2.782073974609375000e+00
5.493865966796875000e+00
3.570037841796875000e+00
1.582122802734375000e+00
1.931854248046875000e+00
1.761566162109375000e+00
4.769989013671875000e+00
3.111968994140625000e+00
2.887054443359375000e+00
5.509124755859375000e+00
1.023651123046875000e+00
4.756866455078125000e+00
1.441436767578125000e+00
5.908294677734375000e+00
5.718780517578125000e+00
4.032684326171875000e+00
3.555694580078125000e+00
5.261016845703125000e+00
5.813690185546875000e+00
1.890350341796875000e+00
1.238494873046875000e+00
1.486602783203125000e+00
4.923187255859375000e+00
4.863677978515625000e+00
3.447052001953125000e+00
2.772308349609375000e+00
5.057464599609375000e+00
3.117156982421875000e+00
5.934844970703125000e+00
4.670501708984375000e+00
1.548858642578125000e+00
5.398040771484375000e+00
2.286468505859375000e+00
5.659271240234375000e+00
1.484161376953125000e+00
1.417938232421875000e+00
5.574432373046875000e+00
4.818817138671875000e+00
2.394500732421875000e+00
5.388580322265625000e+00
3.577667236328125000e+00
1.919342041015625000e+00
4.196258544921875000e+00
5.969635009765625000e+00
4.075408935546875000e+00
4.090362548828125000e+00
5.588165283203125000e+00
1.472259521484375000e+00
3.555999755859375000e+00
4.420562744140625000e+00
3.849273681640625000e+00
2.980133056640625000e+00
4.081817626953125000e+00
1.898284912109375000e+00
1.764007568359375000e+00
4.904876708984375000e+00
2.517791748046875000e+00
3.368011474609375000e+00
4.764495849609375000e+00
2.837005615234375000e+00
1.756378173828125000e+00
5.561309814453125000e+00
5.803619384765625000e+00
2.640167236328125000e+00
1.765228271484375000e+00
3.593536376953125000e+00
2.082305908203125000e+00
4.516387939453125000e+00
3.511138916015625000e+00
4.807220458984375000e+00
3.950592041015625000e+00
2.718902587890625000e+00
2.553802490234375000e+00
1.036773681640625000e+00
3.807464599609375000e+00
1.177764892578125000e+00
5.034576416015625000e+00
4.044281005859375000e+00
5.379730224609375000e+00
1.305023193359375000e+00
3.328033447265625000e+00
2.249542236328125000e+00
2.882171630859375000e+00
3.220916748046875000e+00
1.695648193359375000e+00
2.203460693359375000e+00
5.026336669921875000e+00
3.469329833984375000e+00
5.008636474609375000e+00
3.157440185546875000e+00
5.614105224609375000e+00
2.506805419921875000e+00
5.884185791015625000e+00
3.710418701171875000e+00
3.538909912109375000e+00
1.364227294921875000e+00
3.081146240234375000e+00
1.503997802734375000e+00
5.817352294921875000e+00
3.915496826171875000e+00
1.692596435546875000e+00
2.255035400390625000e+00
3.079620361328125000e+00
2.613922119140625000e+00
2.544342041015625000e+00
5.966888427734375000e+00
5.564056396484375000e+00
5.518585205078125000e+00
1.641326904296875000e+00
4.770294189453125000e+00
3.844390869140625000e+00
4.935089111328125000e+00
5.288177490234375000e+00
4.994903564453125000e+00
1.489044189453125000e+00
1.298919677734375000e+00
4.979644775390625000e+00
5.617462158203125000e+00
3.677154541015625000e+00
1.758209228515625000e+00
4.010711669921875000e+00
4.403167724609375000e+00
3.089080810546875000e+00
3.887420654296875000e+00
1.797882080078125000e+00
5.367523193359375000e+00
3.453155517578125000e+00
1.488739013671875000e+00
4.650054931640625000e+00
4.577117919921875000e+00
5.291839599609375000e+00
3.766876220703125000e+00
2.325836181640625000e+00
1.588836669921875000e+00
3.600860595703125000e+00
5.467010498046875000e+00
1.011444091796875000e+00
2.489105224609375000e+00
1.346221923828125000e+00
4.419647216796875000e+00
3.788543701171875000e+00
1.155792236328125000e+00
5.957427978515625000e+00
5.604644775390625000e+00
5.204864501953125000e+00
4.610382080078125000e+00
2.774444580078125000e+00
5.351654052734375000e+00
1.574188232421875000e+00
3.207183837890625000e+00
5.652252197265625000e+00
1.066070556640625000e+00
1.247955322265625000e+00
5.603118896484375000e+00
3.458343505859375000e+00
1.932464599609375000e+00
4.087005615234375000e+00
2.382293701171875000e+00
5.683074951171875000e+00
2.162567138671875000e+00
3.804718017578125000e+00
3.480926513671875000e+00
1.260467529296875000e+00
5.316558837890625000e+00
5.742889404296875000e+00
3.350311279296875000e+00
5.920806884765625000e+00
1.255889892578125000e+00
1.462493896484375000e+00
4.841094970703125000e+00
5.892730712890625000e+00
4.014678955078125000e+00
2.392364501953125000e+00
3.081756591796875000e+00
2.460418701171875000e+00
4.538055419921875000e+00
2.047821044921875000e+00
4.227386474609375000e+00
1.191192626953125000e+00
1.823516845703125000e+00
5.136199951171875000e+00
3.147979736328125000e+00
2.405487060546875000e+00
4.507232666015625000e+00
3.582550048828125000e+00
3.201385498046875000e+00
5.175567626953125000e+00
5.469451904296875000e+00
3.085723876953125000e+00
1.406646728515625000e+00
3.634124755859375000e+00
4.589324951171875000e+00
1.913848876953125000e+00
1.901947021484375000e+00
1.334014892578125000e+00
1.062713623046875000e+00
3.535552978515625000e+00
2.169891357421875000e+00
5.922332763671875000e+00
5.228057861328125000e+00
2.933135986328125000e+00
3.510223388671875000e+00
1.360870361328125000e+00
2.177215576171875000e+00
4.927764892578125000e+00
3.293548583984375000e+00
4.109893798828125000e+00
3.916107177734375000e+00
2.645660400390625000e+00
5.326019287109375000e+00
1.368804931640625000e+00
3.941436767578125000e+00
4.949737548828125000e+00
5.748992919921875000e+00
2.916961669921875000e+00
4.067474365234375000e+00
2.315460205078125000e+00
4.852081298828125000e+00
5.170074462890625000e+00
3.922515869140625000e+00
3.308807373046875000e+00
4.504180908203125000e+00
5.517669677734375000e+00
3.858123779296875000e+00
3.525787353515625000e+00
3.796783447265625000e+00
2.763763427734375000e+00
4.789825439453125000e+00
5.819488525390625000e+00
4.639678955078125000e+00
2.685638427734375000e+00
4.537445068359375000e+00
4.750152587890625000e+00
5.575653076171875000e+00
3.541656494140625000e+00
1.291900634765625000e+00
4.916778564453125000e+00
5.230804443359375000e+00
3.757415771484375000e+00
3.637481689453125000e+00
1.313873291015625000e+00
3.654571533203125000e+00
3.300262451171875000e+00
3.561187744140625000e+00
5.227142333984375000e+00
4.006134033203125000e+00
3.468109130859375000e+00
4.878936767578125000e+00
2.726531982421875000e+00
1.420074462890625000e+00
4.556060791015625000e+00
3.394561767578125000e+00
5.935455322265625000e+00
5.435882568359375000e+00
4.620452880859375000e+00
1.598907470703125000e+00
2.398773193359375000e+00
1.529937744140625000e+00
4.829498291015625000e+00
1.039825439453125000e+00
2.787567138671875000e+00
4.899688720703125000e+00
2.436920166015625000e+00
3.343597412109375000e+00
4.260650634765625000e+00
1.468292236328125000e+00
3.993316650390625000e+00
3.951202392578125000e+00
5.300689697265625000e+00
3.529449462890625000e+00
4.270721435546875000e+00
5.542694091796875000e+00
5.277801513671875000e+00
1.732574462890625000e+00
3.297210693359375000e+00
3.338104248046875000e+00
3.516632080078125000e+00
5.333343505859375000e+00
4.273468017578125000e+00
4.237152099609375000e+00
3.518768310546875000e+00
3.504425048828125000e+00
3.749481201171875000e+00
4.358612060546875000e+00
1.957489013671875000e+00
5.763031005859375000e+00
2.921234130859375000e+00
3.512359619140625000e+00
3.441864013671875000e+00
1.317230224609375000e+00
5.118194580078125000e+00
4.574066162109375000e+00
5.778900146484375000e+00
2.224517822265625000e+00
3.132415771484375000e+00
3.749176025390625000e+00
2.145477294921875000e+00
3.640533447265625000e+00
5.389801025390625000e+00
1.483245849609375000e+00
1.348968505859375000e+00
4.527984619140625000e+00
1.742034912109375000e+00
1.917510986328125000e+00
2.897735595703125000e+00
3.255706787109375000e+00
3.963104248046875000e+00
2.759796142578125000e+00
5.916839599609375000e+00
1.143280029296875000e+00
3.307281494140625000e+00
5.470672607421875000e+00
3.526702880859375000e+00
2.377105712890625000e+00
5.040374755859375000e+00
3.307891845703125000e+00
5.695892333984375000e+00
3.494659423828125000e+00
4.231353759765625000e+00
1.522918701171875000e+00
3.811126708984375000e+00
1.481414794921875000e+00
1.234222412109375000e+00
5.632110595703125000e+00
3.425079345703125000e+00
4.867340087890625000e+00
1.870208740234375000e+00
4.385467529296875000e+00
5.804534912109375000e+00
2.364593505859375000e+00
5.941864013671875000e+00
4.801422119140625000e+00
1.462799072265625000e+00
1.090484619140625000e+00
5.225006103515625000e+00
5.708099365234375000e+00
5.047088623046875000e+00
1.291290283203125000e+00
2.114044189453125000e+00
2.923370361328125000e+00
2.279449462890625000e+00
3.060089111328125000e+00
1.159149169921875000e+00
5.087066650390625000e+00
3.174224853515625000e+00
4.833770751953125000e+00
3.943267822265625000e+00
5.052581787109375000e+00
2.343536376953125000e+00
2.274261474609375000e+00
4.817596435546875000e+00
3.526092529296875000e+00
3.508087158203125000e+00
2.634063720703125000e+00
4.059234619140625000e+00
2.508331298828125000e+00
5.849090576171875000e+00
4.867034912109375000e+00
2.158905029296875000e+00
2.561737060546875000e+00
3.567596435546875000e+00
2.609954833984375000e+00
1.824737548828125000e+00
5.651031494140625000e+00
5.610443115234375000e+00
4.119659423828125000e+00
2.801605224609375000e+00
4.927459716796875000e+00
3.982635498046875000e+00
3.042999267578125000e+00
2.296844482421875000e+00
1.003509521484375000e+00
3.011871337890625000e+00
4.812103271484375000e+00
5.669342041015625000e+00
1.399932861328125000e+00
5.917755126953125000e+00
2.060943603515625000e+00
2.629791259765625000e+00
3.317657470703125000e+00
2.928558349609375000e+00
2.901397705078125000e+00
1.436248779296875000e+00
4.017730712890625000e+00
5.164581298828125000e+00
1.243682861328125000e+00
5.735565185546875000e+00
5.017791748046875000e+00
3.675018310546875000e+00
4.178558349609375000e+00
1.837554931640625000e+00
1.518646240234375000e+00
2.819305419921875000e+00
5.779815673828125000e+00
3.828521728515625000e+00
2.860504150390625000e+00
4.301544189453125000e+00
1.641632080078125000e+00
3.929534912109375000e+00
2.441497802734375000e+00
3.462921142578125000e+00
3.351226806640625000e+00
1.788421630859375000e+00
2.909637451171875000e+00
5.690399169921875000e+00
2.269683837890625000e+00
5.720611572265625000e+00
4.960723876953125000e+00
3.598419189453125000e+00
2.520233154296875000e+00
5.804840087890625000e+00
2.670074462890625000e+00
3.988128662109375000e+00
5.371490478515625000e+00
5.648590087890625000e+00
5.469757080078125000e+00
5.756927490234375000e+00
2.360321044921875000e+00
2.845855712890625000e+00
5.967498779296875000e+00
4.692169189453125000e+00
1.519866943359375000e+00
1.913238525390625000e+00
1.846099853515625000e+00
5.688262939453125000e+00
1.744781494140625000e+00
3.659149169921875000e+00
2.699981689453125000e+00
5.333953857421875000e+00
1.950164794921875000e+00
2.342620849609375000e+00
2.659393310546875000e+00
4.380889892578125000e+00
3.404632568359375000e+00
5.920501708984375000e+00
4.968963623046875000e+00
5.388275146484375000e+00
2.273651123046875000e+00
5.721221923828125000e+00
5.083404541015625000e+00
4.022003173828125000e+00
3.857208251953125000e+00
1.959320068359375000e+00
3.229156494140625000e+00
2.220245361328125000e+00
1.121917724609375000e+00
4.948211669921875000e+00
5.159698486328125000e+00
3.236480712890625000e+00
4.567962646484375000e+00
3.763519287109375000e+00
3.638092041015625000e+00
1.954132080078125000e+00
3.947540283203125000e+00
5.168853759765625000e+00
1.043182373046875000e+00
5.909820556640625000e+00
4.505706787109375000e+00
3.373809814453125000e+00
1.393524169921875000e+00
4.678436279296875000e+00
4.924713134765625000e+00
2.997222900390625000e+00
3.414703369140625000e+00
5.532928466796875000e+00
5.334259033203125000e+00
4.571929931640625000e+00
1.545196533203125000e+00
4.108673095703125000e+00
3.861480712890625000e+00
5.727020263671875000e+00
3.267303466796875000e+00
2.381072998046875000e+00
2.668548583984375000e+00
5.867401123046875000e+00
2.598358154296875000e+00
4.353729248046875000e+00
2.240997314453125000e+00
3.565765380859375000e+00
5.986419677734375000e+00
3.583160400390625000e+00
4.671417236328125000e+00
2.619110107421875000e+00
4.502349853515625000e+00
2.422576904296875000e+00
5.122161865234375000e+00
3.543487548828125000e+00
1.548553466796875000e+00
4.386383056640625000e+00
3.115020751953125000e+00
4.743743896484375000e+00
1.529327392578125000e+00
4.205718994140625000e+00
5.075775146484375000e+00
4.246002197265625000e+00
5.298553466796875000e+00
4.940582275390625000e+00
2.238250732421875000e+00
1.911102294921875000e+00
4.983306884765625000e+00
5.594268798828125000e+00
3.412567138671875000e+00
5.417877197265625000e+00
5.517974853515625000e+00
2.256256103515625000e+00
2.104888916015625000e+00
3.204742431640625000e+00
2.062469482421875000e+00
5.731903076171875000e+00
4.192901611328125000e+00
4.141937255859375000e+00
4.522186279296875000e+00
2.311187744140625000e+00
4.401641845703125000e+00
3.678070068359375000e+00
2.580352783203125000e+00
2.644134521484375000e+00
1.212554931640625000e+00
5.009857177734375000e+00
3.312774658203125000e+00
3.086334228515625000e+00
2.477813720703125000e+00
1.446319580078125000e+00
4.033905029296875000e+00
3.781524658203125000e+00
4.492889404296875000e+00
4.264312744140625000e+00
1.249481201171875000e+00
1.047760009765625000e+00
1.729522705078125000e+00
5.623870849609375000e+00
5.000701904296875000e+00
3.647552490234375000e+00
2.705780029296875000e+00
1.244293212890625000e+00
2.397857666015625000e+00
2.097869873046875000e+00
1.998992919921875000e+00
2.497955322265625000e+00
2.993255615234375000e+00
3.097930908203125000e+00
4.861846923828125000e+00
1.449371337890625000e+00
2.593170166015625000e+00
3.520294189453125000e+00
2.768646240234375000e+00
2.732330322265625000e+00
5.223785400390625000e+00
2.995391845703125000e+00
1.012359619140625000e+00
3.480316162109375000e+00
3.399749755859375000e+00
5.391937255859375000e+00
5.480133056640625000e+00
4.383331298828125000e+00
4.006439208984375000e+00
3.522430419921875000e+00
5.969329833984375000e+00
3.731781005859375000e+00
4.954315185546875000e+00
1.707244873046875000e+00
2.444854736328125000e+00
2.608123779296875000e+00
4.820037841796875000e+00
3.143402099609375000e+00
5.600067138671875000e+00
1.735321044921875000e+00
1.059661865234375000e+00
2.991729736328125000e+00
2.915740966796875000e+00
5.352874755859375000e+00
5.672393798828125000e+00
2.725006103515625000e+00
1.457916259765625000e+00
2.459197998046875000e+00
2.775360107421875000e+00
2.391448974609375000e+00
3.693634033203125000e+00
2.785736083984375000e+00
3.761993408203125000e+00
3.983856201171875000e+00
3.778472900390625000e+00
3.256622314453125000e+00
4.269195556640625000e+00
5.857635498046875000e+00
3.923431396484375000e+00
5.909210205078125000e+00
5.290618896484375000e+00
4.088531494140625000e+00
1.557708740234375000e+00
1.522613525390625000e+00
3.626190185546875000e+00
3.499237060546875000e+00
4.950347900390625000e+00
5.044952392578125000e+00
3.816619873046875000e+00
4.332061767578125000e+00
5.250640869140625000e+00
5.401092529296875000e+00
4.132171630859375000e+00
5.461517333984375000e+00
4.619537353515625000e+00
5.646453857421875000e+00
2.522979736328125000e+00
1.313568115234375000e+00
2.390533447265625000e+00
4.992767333984375000e+00
1.236053466796875000e+00
1.304718017578125000e+00
5.006805419921875000e+00
4.869781494140625000e+00
1.795135498046875000e+00
3.872467041015625000e+00
3.417144775390625000e+00
4.762664794921875000e+00
2.910247802734375000e+00
3.094573974609375000e+00
1.552520751953125000e+00
4.612518310546875000e+00
4.167877197265625000e+00
4.312225341796875000e+00
1.107879638671875000e+00
5.428558349609375000e+00
4.021392822265625000e+00
4.159637451171875000e+00
5.433746337890625000e+00
4.939361572265625000e+00
2.253204345703125000e+00
1.579681396484375000e+00
2.764678955078125000e+00
1.555572509765625000e+00
5.959869384765625000e+00
3.344818115234375000e+00
1.779266357421875000e+00
3.098236083984375000e+00
4.787994384765625000e+00
3.124176025390625000e+00
5.885406494140625000e+00
1.500335693359375000e+00
5.204559326171875000e+00
2.424407958984375000e+00
3.288970947265625000e+00
3.613067626953125000e+00
4.665008544921875000e+00
3.863006591796875000e+00
5.839019775390625000e+00
5.176788330078125000e+00
3.820892333984375000e+00
4.975677490234375000e+00
5.404144287109375000e+00
2.468353271484375000e+00
5.515533447265625000e+00
1.553436279296875000e+00
4.826751708984375000e+00
2.101531982421875000e+00
2.519317626953125000e+00
4.031768798828125000e+00
2.309967041015625000e+00
4.742218017578125000e+00
2.451873779296875000e+00
5.720306396484375000e+00
2.151885986328125000e+00
2.463775634765625000e+00
3.751312255859375000e+00
4.456573486328125000e+00
2.455535888671875000e+00
2.853485107421875000e+00
5.249114990234375000e+00
2.937408447265625000e+00
5.730072021484375000e+00
4.281097412109375000e+00
3.642059326171875000e+00
2.059722900390625000e+00
1.541229248046875000e+00
4.261871337890625000e+00
2.700592041015625000e+00
2.946868896484375000e+00
3.510528564453125000e+00
5.721832275390625000e+00
5.781646728515625000e+00
5.114837646484375000e+00
3.895660400390625000e+00
5.768524169921875000e+00
2.001129150390625000e+00
4.600311279296875000e+00
4.543853759765625000e+00
5.678192138671875000e+00
5.200592041015625000e+00
1.522003173828125000e+00
4.367767333984375000e+00
5.971771240234375000e+00
3.975311279296875000e+00
3.697296142578125000e+00
1.889434814453125000e+00
1.149078369140625000e+00
1.128631591796875000e+00
5.708404541015625000e+00
1.084991455078125000e+00
4.455657958984375000e+00
4.609466552734375000e+00
5.997711181640625000e+00
3.611236572265625000e+00
4.343353271484375000e+00
5.363861083984375000e+00
4.965911865234375000e+00
1.492095947265625000e+00
1.354156494140625000e+00
4.816680908203125000e+00
4.316192626953125000e+00
1.804595947265625000e+00
4.009796142578125000e+00
1.979766845703125000e+00
5.307098388671875000e+00
5.752349853515625000e+00
2.545257568359375000e+00
3.455596923828125000e+00
5.235992431640625000e+00
2.335601806640625000e+00
2.698760986328125000e+00
5.430389404296875000e+00
5.766693115234375000e+00
2.893157958984375000e+00
4.717193603515625000e+00
3.913360595703125000e+00
5.811859130859375000e+00
2.332244873046875000e+00
4.025665283203125000e+00
1.106964111328125000e+00
1.944366455078125000e+00
1.114593505859375000e+00
2.114959716796875000e+00
2.391143798828125000e+00
1.254974365234375000e+00
1.733795166015625000e+00
2.417694091796875000e+00
1.232391357421875000e+00
1.411529541015625000e+00
1.410308837890625000e+00
2.925811767578125000e+00
3.620086669921875000e+00
3.388763427734375000e+00
1.806427001953125000e+00
3.798004150390625000e+00
1.300445556640625000e+00
1.132293701171875000e+00
2.063995361328125000e+00
4.925628662109375000e+00
1.536651611328125000e+00
5.609527587890625000e+00
2.726226806640625000e+00
1.623321533203125000e+00
2.969757080078125000e+00
5.636993408203125000e+00
4.493804931640625000e+00
5.705352783203125000e+00
4.419036865234375000e+00
3.652740478515625000e+00
4.365325927734375000e+00
3.948455810546875000e+00
2.636505126953125000e+00
3.241668701171875000e+00
5.465179443359375000e+00
1.567474365234375000e+00
2.194610595703125000e+00
1.130462646484375000e+00
4.061370849609375000e+00
2.116180419921875000e+00
1.423736572265625000e+00
4.758697509765625000e+00
4.154144287109375000e+00
4.443450927734375000e+00
3.215118408203125000e+00
4.793487548828125000e+00
2.893768310546875000e+00
5.204254150390625000e+00
5.002227783203125000e+00
4.561248779296875000e+00
1.629119873046875000e+00
5.498138427734375000e+00
1.707550048828125000e+00
2.413116455078125000e+00
4.061676025390625000e+00
5.169464111328125000e+00
4.280792236328125000e+00
4.818206787109375000e+00
2.940460205078125000e+00
1.250701904296875000e+00
4.273162841796875000e+00
1.290374755859375000e+00
5.035491943359375000e+00
1.920562744140625000e+00
1.886688232421875000e+00
4.713226318359375000e+00
2.622772216796875000e+00
4.811798095703125000e+00
2.578521728515625000e+00
1.069122314453125000e+00
5.697723388671875000e+00
2.296539306640625000e+00
3.105560302734375000e+00
2.331634521484375000e+00
2.976165771484375000e+00
2.516571044921875000e+00
3.238922119140625000e+00
3.013702392578125000e+00
5.613800048828125000e+00
5.053802490234375000e+00
3.623443603515625000e+00
3.039031982421875000e+00
5.499053955078125000e+00
2.677093505859375000e+00
5.245147705078125000e+00
4.196868896484375000e+00
1.388946533203125000e+00
1.187835693359375000e+00
3.921295166015625000e+00
1.841522216796875000e+00
3.325897216796875000e+00
3.917938232421875000e+00
5.803314208984375000e+00
3.656097412109375000e+00
1.782012939453125000e+00
5.090118408203125000e+00
3.785797119140625000e+00
3.299041748046875000e+00
5.358673095703125000e+00
3.903900146484375000e+00
3.173309326171875000e+00
1.884857177734375000e+00
3.402496337890625000e+00
5.807586669921875000e+00
1.637359619140625000e+00
1.218048095703125000e+00
2.437530517578125000e+00
2.194000244140625000e+00
3.696685791015625000e+00
4.706207275390625000e+00
5.847869873046875000e+00
5.594879150390625000e+00
2.915435791015625000e+00
5.470977783203125000e+00
5.319000244140625000e+00
1.491485595703125000e+00
5.520721435546875000e+00
5.600372314453125000e+00
2.278839111328125000e+00
2.439361572265625000e+00
4.512725830078125000e+00
3.869110107421875000e+00
1.002593994140625000e+00
2.732940673828125000e+00
2.569671630859375000e+00
1.494842529296875000e+00
3.058563232421875000e+00
3.264862060546875000e+00
2.878509521484375000e+00
4.676910400390625000e+00
3.935943603515625000e+00
2.016082763671875000e+00
3.808685302734375000e+00
5.527130126953125000e+00
4.037872314453125000e+00
5.834136962890625000e+00
4.056182861328125000e+00
3.674713134765625000e+00
3.677459716796875000e+00
2.574249267578125000e+00
4.835906982421875000e+00
4.887786865234375000e+00
4.594512939453125000e+00
3.291412353515625000e+00
5.793243408203125000e+00
5.345855712890625000e+00
2.693572998046875000e+00
3.718353271484375000e+00
1.707855224609375000e+00
2.081390380859375000e+00
2.093292236328125000e+00
3.507476806640625000e+00
1.509185791015625000e+00
5.300994873046875000e+00
4.264923095703125000e+00
4.861541748046875000e+00
4.969573974609375000e+00
5.828338623046875000e+00
4.486480712890625000e+00
5.188995361328125000e+00
4.671112060546875000e+00
5.268646240234375000e+00
1.087738037109375000e+00
5.945220947265625000e+00
4.672943115234375000e+00
1.145721435546875000e+00
2.951141357421875000e+00
2.621856689453125000e+00
4.984527587890625000e+00
2.584014892578125000e+00
4.106231689453125000e+00
5.190521240234375000e+00
4.118743896484375000e+00
3.957916259765625000e+00
2.503143310546875000e+00
1.476531982421875000e+00
2.136322021484375000e+00
1.338592529296875000e+00
4.986358642578125000e+00
1.598297119140625000e+00
5.628448486328125000e+00
1.274200439453125000e+00
5.061737060546875000e+00
4.012542724609375000e+00
1.710296630859375000e+00
4.759613037109375000e+00
5.446868896484375000e+00
2.720733642578125000e+00
4.493499755859375000e+00
4.737030029296875000e+00
3.162017822265625000e+00
5.183807373046875000e+00
3.958526611328125000e+00
4.185577392578125000e+00
1.814971923828125000e+00
4.957977294921875000e+00
4.587799072265625000e+00
5.701690673828125000e+00
3.395477294921875000e+00
3.419586181640625000e+00
5.749603271484375000e+00
2.022186279296875000e+00
5.094390869140625000e+00
5.184417724609375000e+00
2.160430908203125000e+00
5.000091552734375000e+00
2.361541748046875000e+00
5.770660400390625000e+00
5.391326904296875000e+00
4.259735107421875000e+00
3.429046630859375000e+00
2.301422119140625000e+00
3.781219482421875000e+00
1.176239013671875000e+00
3.690582275390625000e+00
3.308197021484375000e+00
1.570831298828125000e+00
5.283599853515625000e+00
2.672210693359375000e+00
1.259857177734375000e+00
1.666351318359375000e+00
4.331451416015625000e+00
3.386016845703125000e+00
2.069793701171875000e+00
3.479705810546875000e+00
5.496307373046875000e+00
1.465850830078125000e+00
4.785247802734375000e+00
2.864166259765625000e+00
2.826934814453125000e+00
5.448394775390625000e+00
5.264373779296875000e+00
4.002166748046875000e+00
5.847259521484375000e+00
3.437286376953125000e+00
3.400970458984375000e+00
5.142913818359375000e+00
4.691558837890625000e+00
3.019500732421875000e+00
4.390045166015625000e+00
1.551910400390625000e+00
4.963775634765625000e+00
5.538726806640625000e+00
1.160369873046875000e+00
4.152923583984375000e+00
1.077972412109375000e+00
5.169158935546875000e+00
1.387115478515625000e+00
1.839996337890625000e+00
5.171295166015625000e+00
2.033172607421875000e+00
1.577545166015625000e+00
4.120574951171875000e+00
2.262664794921875000e+00
4.303070068359375000e+00
3.066497802734375000e+00
3.422027587890625000e+00
4.727264404296875000e+00
2.146087646484375000e+00
3.397918701171875000e+00
5.882049560546875000e+00
3.825164794921875000e+00
4.917999267578125000e+00
2.367645263671875000e+00
3.519989013671875000e+00
1.125274658203125000e+00
2.370086669921875000e+00
3.710113525390625000e+00
3.428131103515625000e+00
5.318695068359375000e+00
1.497283935546875000e+00
4.946990966796875000e+00
4.659820556640625000e+00
2.604766845703125000e+00
2.488800048828125000e+00
1.870513916015625000e+00
3.251129150390625000e+00
1.278167724609375000e+00
4.005523681640625000e+00
3.985382080078125000e+00
5.488067626953125000e+00
2.349029541015625000e+00
4.602447509765625000e+00
1.593109130859375000e+00
1.937042236328125000e+00
1.658111572265625000e+00
4.433685302734375000e+00
1.245208740234375000e+00
2.408233642578125000e+00
3.442169189453125000e+00
5.447174072265625000e+00
4.043365478515625000e+00
2.753387451171875000e+00
3.557525634765625000e+00
4.100738525390625000e+00
2.480255126953125000e+00
5.467926025390625000e+00
2.917572021484375000e+00
5.425201416015625000e+00
2.157379150390625000e+00
3.755889892578125000e+00
3.306671142578125000e+00
1.258026123046875000e+00
2.126861572265625000e+00
3.639312744140625000e+00
1.664825439453125000e+00
1.642242431640625000e+00
2.570892333984375000e+00
5.148406982421875000e+00
1.319061279296875000e+00
2.526947021484375000e+00
2.620941162109375000e+00
5.262847900390625000e+00
3.537689208984375000e+00
3.477569580078125000e+00
1.603790283203125000e+00
4.222503662109375000e+00
1.666046142578125000e+00
1.331878662109375000e+00
5.089202880859375000e+00
5.093780517578125000e+00
4.916168212890625000e+00
1.775909423828125000e+00
4.394622802734375000e+00
4.614349365234375000e+00
4.866119384765625000e+00
4.774566650390625000e+00
3.214813232421875000e+00
2.138763427734375000e+00
4.985443115234375000e+00
3.546844482421875000e+00
1.016632080078125000e+00
1.257110595703125000e+00
2.822357177734375000e+00
3.678680419921875000e+00
2.069488525390625000e+00
5.579620361328125000e+00
4.443756103515625000e+00
2.140289306640625000e+00
3.128753662109375000e+00
1.959930419921875000e+00
2.353607177734375000e+00
1.704498291015625000e+00
3.536163330078125000e+00
2.216888427734375000e+00
4.855438232421875000e+00
4.840789794921875000e+00
5.865264892578125000e+00
1.414581298828125000e+00
3.802886962890625000e+00
1.391693115234375000e+00
1.359954833984375000e+00
2.760406494140625000e+00
4.137969970703125000e+00
3.214202880859375000e+00
2.287994384765625000e+00
2.062774658203125000e+00
2.186676025390625000e+00
1.525360107421875000e+00
5.643402099609375000e+00
2.512298583984375000e+00
3.015838623046875000e+00
5.025726318359375000e+00
1.533905029296875000e+00
1.860137939453125000e+00
4.419952392578125000e+00
4.715972900390625000e+00
4.886260986328125000e+00
3.720794677734375000e+00
4.345794677734375000e+00
2.120452880859375000e+00
1.524444580078125000e+00
3.281951904296875000e+00
2.762847900390625000e+00
4.925323486328125000e+00
5.722747802734375000e+00
5.833221435546875000e+00
4.553314208984375000e+00
4.473663330078125000e+00
1.657501220703125000e+00
3.436981201171875000e+00
5.100189208984375000e+00
4.526458740234375000e+00
5.837799072265625000e+00
1.716705322265625000e+00
3.581024169921875000e+00
2.181793212890625000e+00
2.151275634765625000e+00
3.334442138671875000e+00
5.561614990234375000e+00
1.442657470703125000e+00
5.576873779296875000e+00
3.383575439453125000e+00
3.806854248046875000e+00
1.038909912109375000e+00
3.726593017578125000e+00
1.886077880859375000e+00
1.496673583984375000e+00
4.220672607421875000e+00
4.909454345703125000e+00
4.181610107421875000e+00
2.694488525390625000e+00
4.434600830078125000e+00
1.879058837890625000e+00
2.520538330078125000e+00
3.972564697265625000e+00
4.135833740234375000e+00
2.032257080078125000e+00
2.464996337890625000e+00
4.040313720703125000e+00
4.641815185546875000e+00
5.293670654296875000e+00
5.758148193359375000e+00
4.134613037109375000e+00
2.300201416015625000e+00
5.390716552734375000e+00
2.208953857421875000e+00
4.974761962890625000e+00
3.899322509765625000e+00
4.074188232421875000e+00
1.581207275390625000e+00
4.412933349609375000e+00
4.639984130859375000e+00
4.688812255859375000e+00
3.811737060546875000e+00
1.037994384765625000e+00
5.111480712890625000e+00
4.162078857421875000e+00
2.189117431640625000e+00
1.683441162109375000e+00
2.307830810546875000e+00
4.697052001953125000e+00
3.254486083984375000e+00
4.897552490234375000e+00
4.973846435546875000e+00
2.543121337890625000e+00
4.346710205078125000e+00
4.657684326171875000e+00
1.152435302734375000e+00
3.904815673828125000e+00
5.519195556640625000e+00
2.353302001953125000e+00
5.859771728515625000e+00
2.018218994140625000e+00
5.129180908203125000e+00
1.511627197265625000e+00
3.877349853515625000e+00
1.139007568359375000e+00
2.393585205078125000e+00
2.010589599609375000e+00
2.161041259765625000e+00
3.604522705078125000e+00
5.991607666015625000e+00
3.718048095703125000e+00
5.143218994140625000e+00
2.675262451171875000e+00
1.990753173828125000e+00
2.598968505859375000e+00
5.333648681640625000e+00
5.666900634765625000e+00
2.632537841796875000e+00
1.167999267578125000e+00
1.108184814453125000e+00
1.055084228515625000e+00
2.992950439453125000e+00
3.443389892578125000e+00
5.843902587890625000e+00
4.794097900390625000e+00
1.331573486328125000e+00
1.416717529296875000e+00
1.336761474609375000e+00
2.031951904296875000e+00
3.470245361328125000e+00
5.299163818359375000e+00
4.290557861328125000e+00
1.222930908203125000e+00
1.638885498046875000e+00
2.511993408203125000e+00
1.932159423828125000e+00
2.484527587890625000e+00
5.423065185546875000e+00
5.616851806640625000e+00
2.849822998046875000e+00
4.122406005859375000e+00
2.521759033203125000e+00
4.813323974609375000e+00
2.658782958984375000e+00
1.576324462890625000e+00
5.302520751953125000e+00
1.370025634765625000e+00
2.786651611328125000e+00
5.518280029296875000e+00
2.237945556640625000e+00
3.187957763671875000e+00
3.549285888671875000e+00
1.789337158203125000e+00
2.535186767578125000e+00
5.797210693359375000e+00
4.166656494140625000e+00
1.749969482421875000e+00
3.277679443359375000e+00
2.182098388671875000e+00
5.076385498046875000e+00
2.214141845703125000e+00
2.290435791015625000e+00
3.238006591796875000e+00
3.881622314453125000e+00
1.279083251953125000e+00
3.307586669921875000e+00
2.272430419921875000e+00
5.189300537109375000e+00
4.949432373046875000e+00
1.599212646484375000e+00
4.309478759765625000e+00
1.683746337890625000e+00
4.956451416015625000e+00
2.460113525390625000e+00
5.784393310546875000e+00
1.413360595703125000e+00
4.397674560546875000e+00
2.892852783203125000e+00
1.014190673828125000e+00
3.170867919921875000e+00
2.755828857421875000e+00
1.499725341796875000e+00
3.105865478515625000e+00
5.502410888671875000e+00
3.476959228515625000e+00
1.406341552734375000e+00
5.782867431640625000e+00
1.651397705078125000e+00
2.964874267578125000e+00
1.518951416015625000e+00
4.163299560546875000e+00
3.476043701171875000e+00
1.279998779296875000e+00
1.308685302734375000e+00
5.155731201171875000e+00
3.182159423828125000e+00
3.611846923828125000e+00
1.064239501953125000e+00
3.845001220703125000e+00
1.735626220703125000e+00
2.270599365234375000e+00
5.602813720703125000e+00
4.546295166015625000e+00
3.384185791015625000e+00
3.204132080078125000e+00
2.073760986328125000e+00
1.191802978515625000e+00
5.571990966796875000e+00
2.450653076171875000e+00
2.212921142578125000e+00
5.748077392578125000e+00
5.875030517578125000e+00
1.583038330078125000e+00
4.836822509765625000e+00
4.553619384765625000e+00
4.684234619140625000e+00
4.356781005859375000e+00
5.042510986328125000e+00
1.508880615234375000e+00
2.284942626953125000e+00
2.127471923828125000e+00
2.114349365234375000e+00
2.756744384765625000e+00
4.421173095703125000e+00
2.919403076171875000e+00
1.215606689453125000e+00
4.534088134765625000e+00
5.198150634765625000e+00
2.463470458984375000e+00
1.341033935546875000e+00
2.705169677734375000e+00
5.070587158203125000e+00
4.274078369140625000e+00
4.686981201171875000e+00
4.767852783203125000e+00
4.251495361328125000e+00
5.875335693359375000e+00
5.003753662109375000e+00
4.430328369140625000e+00
4.350677490234375000e+00
3.319183349609375000e+00
3.194976806640625000e+00
3.377777099609375000e+00
3.641143798828125000e+00
3.156829833984375000e+00
1.565032958984375000e+00
5.954376220703125000e+00
5.934539794921875000e+00
2.563262939453125000e+00
2.348114013671875000e+00
1.176544189453125000e+00
1.117034912109375000e+00
1.276336669921875000e+00
2.535797119140625000e+00
2.404571533203125000e+00
1.578460693359375000e+00
5.889984130859375000e+00
3.864227294921875000e+00
4.823699951171875000e+00
5.951019287109375000e+00
2.702423095703125000e+00
5.545440673828125000e+00
5.322967529296875000e+00
1.188751220703125000e+00
2.010894775390625000e+00
2.025543212890625000e+00
2.487274169921875000e+00
5.038543701171875000e+00
1.921783447265625000e+00
4.868865966796875000e+00
1.740203857421875000e+00
2.143035888671875000e+00
3.906036376953125000e+00
5.474639892578125000e+00
4.910675048828125000e+00
2.108551025390625000e+00
4.230133056640625000e+00
4.597564697265625000e+00
3.579498291015625000e+00
4.223114013671875000e+00
3.393646240234375000e+00
2.843109130859375000e+00
5.013214111328125000e+00
1.833282470703125000e+00
1.508575439453125000e+00
1.783843994140625000e+00
5.791107177734375000e+00
2.905364990234375000e+00
4.674163818359375000e+00
1.109405517578125000e+00
3.639923095703125000e+00
2.013641357421875000e+00
4.028106689453125000e+00
2.145782470703125000e+00
1.857696533203125000e+00
4.926544189453125000e+00
1.226898193359375000e+00
2.080169677734375000e+00
2.863861083984375000e+00
1.718841552734375000e+00
3.977142333984375000e+00
4.449554443359375000e+00
2.031341552734375000e+00
5.592437744140625000e+00
2.923065185546875000e+00
3.147064208984375000e+00
5.315032958984375000e+00
5.539337158203125000e+00
3.089996337890625000e+00
1.715789794921875000e+00
4.330841064453125000e+00
2.824188232421875000e+00
1.541534423828125000e+00
3.253265380859375000e+00
4.758087158203125000e+00
2.645965576171875000e+00
3.619171142578125000e+00
3.251739501953125000e+00
5.672088623046875000e+00
2.818695068359375000e+00
4.034820556640625000e+00
4.721771240234375000e+00
5.856414794921875000e+00
3.852325439453125000e+00
2.600799560546875000e+00
4.280487060546875000e+00
5.368438720703125000e+00
5.713592529296875000e+00
4.678741455078125000e+00
3.653350830078125000e+00
2.146392822265625000e+00
3.487335205078125000e+00
1.192108154296875000e+00
4.447113037109375000e+00
5.935150146484375000e+00
4.031463623046875000e+00
1.868682861328125000e+00
1.474700927734375000e+00
1.422821044921875000e+00
3.404022216796875000e+00
4.076324462890625000e+00
2.164093017578125000e+00
4.888092041015625000e+00
3.989044189453125000e+00
4.953704833984375000e+00
1.806732177734375000e+00
1.466766357421875000e+00
1.785064697265625000e+00
2.555633544921875000e+00
5.160919189453125000e+00
1.047454833984375000e+00
5.085235595703125000e+00
2.102142333984375000e+00
2.381378173828125000e+00
1.550384521484375000e+00
5.760589599609375000e+00
3.928314208984375000e+00
2.980743408203125000e+00
1.668182373046875000e+00
2.141815185546875000e+00
1.169830322265625000e+00
3.377471923828125000e+00
5.663238525390625000e+00
1.882720947265625000e+00
2.168365478515625000e+00
1.071868896484375000e+00
5.649200439453125000e+00
1.076751708984375000e+00
3.592926025390625000e+00
1.757293701171875000e+00
3.862701416015625000e+00
5.600982666015625000e+00
5.343719482421875000e+00
4.735809326171875000e+00
1.082550048828125000e+00
5.924163818359375000e+00
2.231536865234375000e+00
2.425323486328125000e+00
1.223236083984375000e+00
4.180694580078125000e+00
2.364898681640625000e+00
1.840301513671875000e+00
1.926055908203125000e+00
5.588775634765625000e+00
4.584747314453125000e+00
1.124969482421875000e+00
5.116363525390625000e+00
4.260345458984375000e+00
3.823333740234375000e+00
5.366607666015625000e+00
3.035980224609375000e+00
4.185272216796875000e+00
3.608184814453125000e+00
3.747344970703125000e+00
1.784759521484375000e+00
5.662017822265625000e+00
2.852264404296875000e+00
2.527252197265625000e+00
2.908721923828125000e+00
5.202117919921875000e+00
2.387786865234375000e+00
2.540374755859375000e+00
4.507843017578125000e+00
5.515838623046875000e+00
2.417083740234375000e+00
4.300323486328125000e+00
5.375152587890625000e+00
5.445648193359375000e+00
1.892181396484375000e+00
5.572601318359375000e+00
5.815216064453125000e+00
4.260955810546875000e+00
1.073699951171875000e+00
5.106597900390625000e+00
2.166229248046875000e+00
2.638946533203125000e+00
2.148223876953125000e+00
1.827789306640625000e+00
5.789886474609375000e+00
3.265777587890625000e+00
3.798309326171875000e+00
5.925079345703125000e+00
5.152984619140625000e+00
3.426605224609375000e+00
1.016326904296875000e+00
2.448516845703125000e+00
5.929046630859375000e+00
4.883514404296875000e+00
5.125823974609375000e+00
4.791961669921875000e+00
4.952789306640625000e+00
5.073333740234375000e+00
1.663299560546875000e+00
3.825775146484375000e+00
3.832489013671875000e+00
3.908172607421875000e+00
2.166839599609375000e+00
2.944122314453125000e+00
1.815277099609375000e+00
5.939422607421875000e+00
1.499114990234375000e+00
5.952850341796875000e+00
1.658416748046875000e+00
1.996856689453125000e+00
1.594024658203125000e+00
2.902313232421875000e+00
5.744110107421875000e+00
4.554229736328125000e+00
1.254364013671875000e+00
2.279144287109375000e+00
5.705963134765625000e+00
3.059783935546875000e+00
3.197723388671875000e+00
3.968902587890625000e+00
5.401397705078125000e+00
3.540740966796875000e+00
3.430572509765625000e+00
5.217681884765625000e+00
4.894195556640625000e+00
5.434661865234375000e+00
4.032073974609375000e+00
2.062164306640625000e+00
2.751251220703125000e+00
3.150115966796875000e+00
4.363800048828125000e+00
2.051788330078125000e+00
3.824859619140625000e+00
1.396270751953125000e+00
2.044158935546875000e+00
1.395050048828125000e+00
5.252471923828125000e+00
2.167449951171875000e+00
2.215972900390625000e+00
2.281585693359375000e+00
5.829864501953125000e+00
3.847442626953125000e+00
3.285614013671875000e+00
1.968170166015625000e+00
5.472808837890625000e+00
2.677703857421875000e+00
2.973724365234375000e+00
5.842681884765625000e+00
5.806060791015625000e+00
4.846282958984375000e+00
3.748870849609375000e+00
3.359466552734375000e+00
1.127105712890625000e+00
4.359832763671875000e+00
5.438629150390625000e+00
1.655670166015625000e+00
4.758392333984375000e+00
4.239288330078125000e+00
3.012176513671875000e+00
2.275177001953125000e+00
5.373321533203125000e+00
2.506195068359375000e+00
3.295379638671875000e+00
1.673065185546875000e+00
5.680328369140625000e+00
4.653717041015625000e+00
3.735137939453125000e+00
4.906402587890625000e+00
3.533721923828125000e+00
2.775970458984375000e+00
1.138397216796875000e+00
1.922698974609375000e+00
2.961822509765625000e+00
5.186248779296875000e+00
3.062530517578125000e+00
4.058929443359375000e+00
5.976654052734375000e+00
1.464019775390625000e+00
2.704254150390625000e+00
4.439483642578125000e+00
4.193511962890625000e+00
5.709625244140625000e+00
4.438873291015625000e+00
4.329315185546875000e+00
3.506256103515625000e+00
1.839691162109375000e+00
5.215545654296875000e+00
4.112335205078125000e+00
4.592987060546875000e+00
1.526580810546875000e+00
4.562469482421875000e+00
3.258453369140625000e+00
5.691009521484375000e+00
4.577728271484375000e+00
3.184295654296875000e+00
2.289520263671875000e+00
1.200042724609375000e+00
3.530975341796875000e+00
5.176483154296875000e+00
1.800628662109375000e+00
1.376739501953125000e+00
4.579864501953125000e+00
4.636627197265625000e+00
1.451202392578125000e+00
4.649749755859375000e+00
1.648651123046875000e+00
3.357025146484375000e+00
5.976959228515625000e+00
1.933685302734375000e+00
3.243804931640625000e+00
3.739715576171875000e+00
2.986236572265625000e+00
3.393341064453125000e+00
4.703460693359375000e+00
2.774749755859375000e+00
5.417266845703125000e+00
4.396453857421875000e+00
2.945648193359375000e+00
5.735260009765625000e+00
5.111785888671875000e+00
5.251556396484375000e+00
2.652984619140625000e+00
3.260284423828125000e+00
3.598724365234375000e+00
1.934906005859375000e+00
2.855316162109375000e+00
2.582489013671875000e+00
3.448883056640625000e+00
1.842742919921875000e+00
2.362152099609375000e+00
2.880950927734375000e+00
1.156402587890625000e+00
5.282379150390625000e+00
2.412811279296875000e+00
3.610321044921875000e+00
2.700897216796875000e+00
5.118499755859375000e+00
2.987152099609375000e+00
5.402618408203125000e+00
5.985198974609375000e+00
3.926177978515625000e+00
3.518157958984375000e+00
4.477020263671875000e+00
5.686126708984375000e+00
5.605255126953125000e+00
5.612274169921875000e+00
5.058990478515625000e+00
2.721343994140625000e+00
1.920867919921875000e+00
1.564727783203125000e+00
3.882232666015625000e+00
3.955474853515625000e+00
3.168426513671875000e+00
4.695526123046875000e+00
2.633148193359375000e+00
5.592742919921875000e+00
2.698150634765625000e+00
2.274871826171875000e+00
1.181121826171875000e+00
3.810516357421875000e+00
2.596221923828125000e+00
4.450164794921875000e+00
3.489166259765625000e+00
2.133880615234375000e+00
1.998382568359375000e+00
1.963897705078125000e+00
2.803741455078125000e+00
4.005828857421875000e+00
3.957305908203125000e+00
4.278656005859375000e+00
5.974822998046875000e+00
3.058868408203125000e+00
5.687347412109375000e+00
3.758941650390625000e+00
2.068572998046875000e+00
1.189971923828125000e+00
3.509002685546875000e+00
4.699798583984375000e+00
3.924652099609375000e+00
3.748565673828125000e+00
4.350067138671875000e+00
5.243927001953125000e+00
5.911651611328125000e+00
1.757598876953125000e+00
4.822479248046875000e+00
2.843719482421875000e+00
2.115264892578125000e+00
2.510162353515625000e+00
1.063018798828125000e+00
4.765106201171875000e+00
1.450286865234375000e+00
2.259002685546875000e+00
4.190765380859375000e+00
3.291717529296875000e+00
4.322601318359375000e+00
2.788482666015625000e+00
2.785430908203125000e+00
4.738555908203125000e+00
1.371246337890625000e+00
2.679534912109375000e+00
4.676605224609375000e+00
5.928131103515625000e+00
3.872772216796875000e+00
5.233551025390625000e+00
4.950653076171875000e+00
2.943511962890625000e+00
1.874176025390625000e+00
1.365447998046875000e+00
5.434356689453125000e+00
4.123016357421875000e+00
5.608306884765625000e+00
4.766937255859375000e+00
2.089935302734375000e+00
2.013946533203125000e+00
3.716827392578125000e+00
4.294525146484375000e+00
1.623016357421875000e+00
3.266082763671875000e+00
2.554107666015625000e+00
2.096038818359375000e+00
4.926239013671875000e+00
1.619354248046875000e+00
3.101898193359375000e+00
4.199615478515625000e+00
4.025054931640625000e+00
4.712921142578125000e+00
5.181976318359375000e+00
4.635711669921875000e+00
5.483795166015625000e+00
3.727203369140625000e+00
1.062103271484375000e+00
1.133514404296875000e+00
2.282501220703125000e+00
3.304229736328125000e+00
4.125762939453125000e+00
2.262054443359375000e+00
1.613555908203125000e+00
5.295501708984375000e+00
2.100311279296875000e+00
3.891387939453125000e+00
4.224029541015625000e+00
2.590423583984375000e+00
3.635040283203125000e+00
4.164520263671875000e+00
4.999481201171875000e+00
4.412322998046875000e+00
2.282196044921875000e+00
3.744598388671875000e+00
3.258758544921875000e+00
5.237823486328125000e+00
3.805938720703125000e+00
3.345123291015625000e+00
4.271331787109375000e+00
5.651336669921875000e+00
4.580780029296875000e+00
4.813934326171875000e+00
3.608795166015625000e+00
4.416595458984375000e+00
2.515960693359375000e+00
1.708160400390625000e+00
5.153289794921875000e+00
2.414947509765625000e+00
2.912994384765625000e+00
4.236236572265625000e+00
4.316497802734375000e+00
2.870574951171875000e+00
1.144195556640625000e+00
2.199493408203125000e+00
4.952484130859375000e+00
5.185028076171875000e+00
3.820281982421875000e+00
3.012786865234375000e+00
3.164154052734375000e+00
5.001312255859375000e+00
5.405059814453125000e+00
2.920623779296875000e+00
4.538665771484375000e+00
4.777008056640625000e+00
5.777984619140625000e+00
3.521209716796875000e+00
1.974273681640625000e+00
4.462371826171875000e+00
1.319366455078125000e+00
5.799346923828125000e+00
1.044403076171875000e+00
2.616363525390625000e+00
5.743194580078125000e+00
2.804962158203125000e+00
4.484344482421875000e+00
2.974639892578125000e+00
2.953582763671875000e+00
1.708465576171875000e+00
5.715728759765625000e+00
1.566864013671875000e+00
3.711639404296875000e+00
4.356170654296875000e+00
2.231231689453125000e+00
3.594757080078125000e+00
2.465911865234375000e+00
4.226165771484375000e+00
2.500396728515625000e+00
1.616912841796875000e+00
3.114410400390625000e+00
2.988067626953125000e+00
2.330413818359375000e+00
3.534942626953125000e+00
4.469085693359375000e+00
2.665191650390625000e+00
4.364410400390625000e+00
3.359771728515625000e+00
5.483184814453125000e+00
1.157623291015625000e+00
4.340301513671875000e+00
1.553741455078125000e+00
2.499481201171875000e+00
5.957733154296875000e+00
5.179840087890625000e+00
4.149871826171875000e+00
4.987274169921875000e+00
3.015533447265625000e+00
5.211578369140625000e+00
1.534515380859375000e+00
1.045623779296875000e+00
5.173126220703125000e+00
1.167083740234375000e+00
3.829742431640625000e+00
5.538421630859375000e+00
5.674224853515625000e+00
1.529022216796875000e+00
3.490386962890625000e+00
5.616546630859375000e+00
3.410430908203125000e+00
5.717864990234375000e+00
4.125152587890625000e+00
4.183746337890625000e+00
1.905914306640625000e+00
2.855926513671875000e+00
4.814544677734375000e+00
3.513275146484375000e+00
2.088409423828125000e+00
3.343902587890625000e+00
2.259613037109375000e+00
2.599273681640625000e+00
5.054107666015625000e+00
2.961212158203125000e+00
2.886749267578125000e+00
5.239959716796875000e+00
2.491546630859375000e+00
3.728729248046875000e+00
3.256317138671875000e+00
2.603240966796875000e+00
1.902557373046875000e+00
4.192291259765625000e+00
3.791900634765625000e+00
4.524017333984375000e+00
4.113250732421875000e+00
2.554412841796875000e+00
3.397613525390625000e+00
3.375030517578125000e+00
5.132843017578125000e+00
2.246185302734375000e+00
4.389129638671875000e+00
4.209686279296875000e+00
2.642608642578125000e+00
1.667877197265625000e+00
2.427459716796875000e+00
2.008758544921875000e+00
3.470855712890625000e+00
4.703155517578125000e+00
1.453948974609375000e+00
4.459320068359375000e+00
2.362457275390625000e+00
2.872406005859375000e+00
4.622283935546875000e+00
4.427581787109375000e+00
5.376068115234375000e+00
5.102630615234375000e+00
3.435760498046875000e+00
5.219207763671875000e+00
3.853546142578125000e+00
4.018341064453125000e+00
2.039581298828125000e+00
4.535308837890625000e+00
5.968414306640625000e+00
2.793975830078125000e+00
4.704071044921875000e+00
3.645416259765625000e+00
3.171478271484375000e+00
5.047698974609375000e+00
4.053131103515625000e+00
3.979583740234375000e+00
4.360748291015625000e+00
5.696502685546875000e+00
2.448211669921875000e+00
5.068145751953125000e+00
5.089813232421875000e+00
1.539093017578125000e+00
4.253021240234375000e+00
3.668304443359375000e+00
1.451812744140625000e+00
5.571685791015625000e+00
1.207977294921875000e+00
3.172393798828125000e+00
1.220489501953125000e+00
1.066680908203125000e+00
3.682342529296875000e+00
5.532623291015625000e+00
2.049346923828125000e+00
2.214752197265625000e+00
1.522308349609375000e+00
1.605010986328125000e+00
5.795074462890625000e+00
1.832672119140625000e+00
2.963958740234375000e+00
5.134674072265625000e+00
5.636383056640625000e+00
4.302154541015625000e+00
3.427215576171875000e+00
4.124542236328125000e+00
3.942352294921875000e+00
3.978057861328125000e+00
3.789459228515625000e+00
5.348602294921875000e+00
5.210968017578125000e+00
2.574554443359375000e+00
2.329498291015625000e+00
2.892242431640625000e+00
1.767669677734375000e+00
5.619598388671875000e+00
3.302398681640625000e+00
1.082855224609375000e+00
4.491973876953125000e+00
3.788848876953125000e+00
4.825531005859375000e+00
2.848602294921875000e+00
2.977081298828125000e+00
2.896514892578125000e+00
3.128143310546875000e+00
4.849334716796875000e+00
1.873565673828125000e+00
2.651153564453125000e+00
1.194549560546875000e+00
5.904937744140625000e+00
3.299957275390625000e+00
4.891448974609375000e+00
1.052642822265625000e+00
2.004486083984375000e+00
3.431793212890625000e+00
5.270477294921875000e+00
2.610870361328125000e+00
4.739166259765625000e+00
4.773040771484375000e+00
2.536712646484375000e+00
4.568267822265625000e+00
4.566436767578125000e+00
1.642852783203125000e+00
5.677581787109375000e+00
5.666290283203125000e+00
3.891998291015625000e+00
1.369415283203125000e+00
5.126739501953125000e+00
1.796661376953125000e+00
5.806671142578125000e+00
3.380828857421875000e+00
3.885284423828125000e+00
2.155853271484375000e+00
4.158721923828125000e+00
4.885955810546875000e+00
2.000213623046875000e+00
2.277923583984375000e+00
5.464263916015625000e+00
3.464141845703125000e+00
5.667816162109375000e+00
2.209869384765625000e+00
3.616119384765625000e+00
4.889312744140625000e+00
4.661956787109375000e+00
4.020172119140625000e+00
1.402069091796875000e+00
5.474029541015625000e+00
2.912689208984375000e+00
4.347015380859375000e+00
2.057586669921875000e+00
2.277618408203125000e+00
5.146270751953125000e+00
5.640960693359375000e+00
2.818084716796875000e+00
3.520904541015625000e+00
2.563568115234375000e+00
5.746551513671875000e+00
1.844879150390625000e+00
3.753143310546875000e+00
1.214996337890625000e+00
3.141876220703125000e+00
5.506072998046875000e+00
1.164947509765625000e+00
5.355926513671875000e+00
5.199676513671875000e+00
5.533538818359375000e+00
3.450714111328125000e+00
2.538238525390625000e+00
1.599517822265625000e+00
5.337921142578125000e+00
3.980804443359375000e+00
4.244781494140625000e+00
3.533111572265625000e+00
1.940093994140625000e+00
5.949798583984375000e+00
2.841888427734375000e+00
1.803375244140625000e+00
5.188690185546875000e+00
5.189910888671875000e+00
2.351165771484375000e+00
4.339996337890625000e+00
5.629974365234375000e+00
5.321136474609375000e+00
5.383392333984375000e+00
3.073822021484375000e+00
1.130767822265625000e+00
5.233856201171875000e+00
5.813385009765625000e+00
1.885467529296875000e+00
4.529510498046875000e+00
2.658172607421875000e+00
5.165496826171875000e+00
4.723297119140625000e+00
1.687408447265625000e+00
3.118377685546875000e+00
1.969085693359375000e+00
4.034515380859375000e+00
3.813568115234375000e+00
1.198822021484375000e+00
2.562957763671875000e+00
5.046478271484375000e+00
3.082366943359375000e+00
4.585662841796875000e+00
3.614288330078125000e+00
1.110931396484375000e+00
2.363983154296875000e+00
4.050689697265625000e+00
1.101776123046875000e+00
4.604583740234375000e+00
2.183624267578125000e+00
4.956756591796875000e+00
2.615753173828125000e+00
2.781463623046875000e+00
3.945709228515625000e+00
1.305633544921875000e+00
5.546966552734375000e+00
5.698333740234375000e+00
2.475372314453125000e+00
2.651458740234375000e+00
1.009002685546875000e+00
5.400482177734375000e+00
4.068389892578125000e+00
2.407318115234375000e+00
5.493560791015625000e+00
4.763885498046875000e+00
4.311309814453125000e+00
2.137847900390625000e+00
3.133636474609375000e+00
2.322479248046875000e+00
1.076141357421875000e+00
3.443695068359375000e+00
4.455963134765625000e+00
3.067108154296875000e+00
4.379058837890625000e+00
3.982940673828125000e+00
3.249603271484375000e+00
2.290740966796875000e+00
3.799224853515625000e+00
4.501739501953125000e+00
4.007049560546875000e+00
4.609161376953125000e+00
4.301849365234375000e+00
1.029449462890625000e+00
2.927947998046875000e+00
3.304534912109375000e+00
3.448272705078125000e+00
4.615264892578125000e+00
2.085662841796875000e+00
5.553070068359375000e+00
1.630645751953125000e+00
1.399322509765625000e+00
1.925750732421875000e+00
5.890899658203125000e+00
1.919647216796875000e+00
5.985504150390625000e+00
4.697357177734375000e+00
1.279693603515625000e+00
3.724456787109375000e+00
5.567108154296875000e+00
2.092071533203125000e+00
5.788360595703125000e+00
1.725555419921875000e+00
3.670135498046875000e+00
4.507537841796875000e+00
5.084930419921875000e+00
1.247650146484375000e+00
5.855804443359375000e+00
5.469146728515625000e+00
4.069000244140625000e+00
2.537017822265625000e+00
2.699676513671875000e+00
5.911041259765625000e+00
4.956146240234375000e+00
2.011505126953125000e+00
2.851959228515625000e+00
2.596527099609375000e+00
3.705230712890625000e+00
1.572662353515625000e+00
2.128082275390625000e+00
4.299407958984375000e+00
5.670867919921875000e+00
4.996429443359375000e+00
2.606903076171875000e+00
3.375335693359375000e+00
3.112579345703125000e+00
3.725067138671875000e+00
2.467437744140625000e+00
5.133758544921875000e+00
5.021453857421875000e+00
4.272552490234375000e+00
1.966644287109375000e+00
1.223541259765625000e+00
2.788177490234375000e+00
1.916900634765625000e+00
3.656707763671875000e+00
5.711151123046875000e+00
2.983795166015625000e+00
2.547698974609375000e+00
5.449920654296875000e+00
4.545379638671875000e+00
5.674835205078125000e+00
1.349884033203125000e+00
2.308135986328125000e+00
5.621734619140625000e+00
4.470306396484375000e+00
2.569976806640625000e+00
1.792388916015625000e+00
4.250579833984375000e+00
1.240325927734375000e+00
4.581390380859375000e+00
5.760894775390625000e+00
3.888641357421875000e+00
2.284637451171875000e+00
4.848724365234375000e+00
2.235504150390625000e+00
5.734039306640625000e+00
4.358917236328125000e+00
3.241058349609375000e+00
2.795196533203125000e+00
2.507415771484375000e+00
5.376983642578125000e+00
2.917266845703125000e+00
1.470123291015625000e+00
1.705718994140625000e+00
5.774322509765625000e+00
2.881256103515625000e+00
4.661651611328125000e+00
4.495330810546875000e+00
4.648223876953125000e+00
2.017913818359375000e+00
1.158538818359375000e+00
2.830291748046875000e+00
1.612640380859375000e+00
5.438323974609375000e+00
3.631683349609375000e+00
5.053497314453125000e+00
4.784027099609375000e+00
5.420928955078125000e+00
1.947418212890625000e+00
5.738922119140625000e+00
1.290985107421875000e+00
3.231597900390625000e+00
2.671295166015625000e+00
3.911834716796875000e+00
5.038238525390625000e+00
3.906341552734375000e+00
2.900177001953125000e+00
5.839324951171875000e+00
4.233489990234375000e+00
5.897003173828125000e+00
4.804168701171875000e+00
5.476470947265625000e+00
4.305511474609375000e+00
4.564910888671875000e+00
4.770599365234375000e+00
1.741424560546875000e+00
4.295135498046875000e+00
2.154632568359375000e+00
2.701812744140625000e+00
3.680816650390625000e+00
4.667144775390625000e+00
4.839569091796875000e+00
4.866424560546875000e+00
1.431365966796875000e+00
4.816986083984375000e+00
5.682159423828125000e+00
1.925140380859375000e+00
3.234649658203125000e+00
3.334747314453125000e+00
5.411773681640625000e+00
3.917633056640625000e+00
3.288665771484375000e+00
5.537811279296875000e+00
5.009552001953125000e+00
4.105621337890625000e+00
2.888885498046875000e+00
5.455718994140625000e+00
5.390106201171875000e+00
2.837310791015625000e+00
4.188934326171875000e+00
5.472198486328125000e+00
1.260162353515625000e+00
2.634979248046875000e+00
1.017547607421875000e+00
4.715057373046875000e+00
4.660125732421875000e+00
1.560455322265625000e+00
3.682952880859375000e+00
5.217376708984375000e+00
5.299468994140625000e+00
2.251373291015625000e+00
1.515899658203125000e+00
4.475799560546875000e+00
1.702056884765625000e+00
1.102386474609375000e+00
3.739105224609375000e+00
3.701568603515625000e+00
4.370208740234375000e+00
4.643646240234375000e+00
1.456085205078125000e+00
3.786407470703125000e+00
4.695220947265625000e+00
3.223052978515625000e+00
3.358551025390625000e+00
2.175994873046875000e+00
2.433563232421875000e+00
4.043670654296875000e+00
5.141082763671875000e+00
1.241546630859375000e+00
5.962005615234375000e+00
4.895721435546875000e+00
1.121002197265625000e+00
4.996124267578125000e+00
5.400177001953125000e+00
2.891021728515625000e+00
3.863922119140625000e+00
1.096893310546875000e+00
1.614471435546875000e+00
4.526153564453125000e+00
2.930084228515625000e+00
1.031585693359375000e+00
2.637725830078125000e+00
3.585296630859375000e+00
4.524932861328125000e+00
4.807525634765625000e+00
4.308258056640625000e+00
1.457000732421875000e+00
2.621551513671875000e+00
3.944488525390625000e+00
5.126434326171875000e+00
3.399444580078125000e+00
2.681365966796875000e+00
2.555023193359375000e+00
2.572418212890625000e+00
5.426116943359375000e+00
1.771331787109375000e+00
5.410552978515625000e+00
2.357574462890625000e+00
1.439300537109375000e+00
5.427947998046875000e+00
5.486846923828125000e+00
1.065765380859375000e+00
2.808929443359375000e+00
5.174652099609375000e+00
2.550140380859375000e+00
3.247772216796875000e+00
3.758331298828125000e+00
4.192596435546875000e+00
1.337371826171875000e+00
1.688629150390625000e+00
4.135223388671875000e+00
2.477203369140625000e+00
5.850616455078125000e+00
3.051239013671875000e+00
1.789642333984375000e+00
1.220794677734375000e+00
4.549041748046875000e+00
2.952056884765625000e+00
3.731475830078125000e+00
5.326629638671875000e+00
4.670196533203125000e+00
3.122344970703125000e+00
4.759918212890625000e+00
4.945465087890625000e+00
4.184356689453125000e+00
5.537200927734375000e+00
5.230499267578125000e+00
4.610687255859375000e+00
5.550018310546875000e+00
2.264190673828125000e+00
3.105255126953125000e+00
3.052459716796875000e+00
4.710174560546875000e+00
4.856353759765625000e+00
3.191314697265625000e+00
4.844451904296875000e+00
1.706939697265625000e+00
1.952301025390625000e+00
3.005462646484375000e+00
4.448638916015625000e+00
4.141326904296875000e+00
5.930267333984375000e+00
2.838836669921875000e+00
2.025848388671875000e+00
4.338470458984375000e+00
4.632354736328125000e+00
2.937713623046875000e+00
5.922943115234375000e+00
3.590179443359375000e+00
4.145599365234375000e+00
5.409027099609375000e+00
4.859100341796875000e+00
3.521820068359375000e+00
5.613494873046875000e+00
4.007965087890625000e+00
1.227508544921875000e+00
4.062591552734375000e+00
2.302947998046875000e+00
1.720977783203125000e+00
3.680511474609375000e+00
4.577423095703125000e+00
4.231048583984375000e+00
2.647186279296875000e+00
2.952972412109375000e+00
1.995635986328125000e+00
3.287750244140625000e+00
5.886627197265625000e+00
4.802032470703125000e+00
1.333404541015625000e+00
5.574127197265625000e+00
1.312347412109375000e+00
1.798797607421875000e+00
1.876312255859375000e+00
1.571136474609375000e+00
4.912811279296875000e+00
2.758575439453125000e+00
2.030426025390625000e+00
1.704803466796875000e+00
1.544891357421875000e+00
2.164703369140625000e+00
5.336395263671875000e+00
1.680999755859375000e+00
3.376251220703125000e+00
4.787078857421875000e+00
3.568206787109375000e+00
2.692047119140625000e+00
1.026702880859375000e+00
5.310760498046875000e+00
2.492767333984375000e+00
4.694915771484375000e+00
5.365692138671875000e+00
3.890472412109375000e+00
3.933502197265625000e+00
4.406219482421875000e+00
1.265960693359375000e+00
4.959503173828125000e+00
5.219512939453125000e+00
2.960296630859375000e+00
2.461029052734375000e+00
2.270294189453125000e+00
2.595001220703125000e+00
3.583770751953125000e+00
1.693817138671875000e+00
5.200286865234375000e+00
1.668487548828125000e+00
1.702667236328125000e+00
1.771636962890625000e+00
4.334808349609375000e+00
5.369659423828125000e+00
1.088348388671875000e+00
5.349212646484375000e+00
3.085113525390625000e+00
3.670745849609375000e+00
2.475982666015625000e+00
2.076202392578125000e+00
3.580108642578125000e+00
5.420013427734375000e+00
4.808746337890625000e+00
4.245086669921875000e+00
3.153778076171875000e+00
2.952362060546875000e+00
1.212249755859375000e+00
1.791778564453125000e+00
5.595489501953125000e+00
4.617401123046875000e+00
5.668426513671875000e+00
2.297454833984375000e+00
4.284759521484375000e+00
4.479156494140625000e+00
3.588348388671875000e+00
3.370758056640625000e+00
5.578399658203125000e+00
5.144744873046875000e+00
5.135284423828125000e+00
4.349761962890625000e+00
3.794952392578125000e+00
5.500274658203125000e+00
5.350433349609375000e+00
1.982513427734375000e+00
1.071258544921875000e+00
4.423309326171875000e+00
2.557464599609375000e+00
3.309112548828125000e+00
5.845123291015625000e+00
5.739532470703125000e+00
2.063690185546875000e+00
2.694793701171875000e+00
4.357391357421875000e+00
3.077789306640625000e+00
2.420440673828125000e+00
4.870086669921875000e+00
5.841766357421875000e+00
5.220123291015625000e+00
5.763336181640625000e+00
2.046295166015625000e+00
4.869171142578125000e+00
2.552581787109375000e+00
3.766571044921875000e+00
5.288787841796875000e+00
3.161712646484375000e+00
3.831878662109375000e+00
1.326690673828125000e+00
1.104827880859375000e+00
2.085052490234375000e+00
2.668853759765625000e+00
5.120635986328125000e+00
1.696868896484375000e+00
3.713775634765625000e+00
1.004119873046875000e+00
2.050262451171875000e+00
4.269500732421875000e+00
2.904449462890625000e+00
2.415252685546875000e+00
5.514923095703125000e+00
3.197113037109375000e+00
1.688323974609375000e+00
4.712310791015625000e+00
4.472137451171875000e+00
2.873321533203125000e+00
5.051666259765625000e+00
5.234466552734375000e+00
5.871673583984375000e+00
4.351593017578125000e+00
3.154693603515625000e+00
5.263763427734375000e+00
2.400299072265625000e+00
4.434295654296875000e+00
3.803497314453125000e+00
5.640045166015625000e+00
1.240020751953125000e+00
5.347686767578125000e+00
5.323272705078125000e+00
3.843475341796875000e+00
4.016815185546875000e+00
5.386749267578125000e+00
4.030853271484375000e+00
3.165985107421875000e+00
2.806488037109375000e+00
3.445220947265625000e+00
4.781585693359375000e+00
5.182586669921875000e+00
5.311370849609375000e+00
2.486053466796875000e+00
3.565460205078125000e+00
2.998138427734375000e+00
3.356719970703125000e+00
4.803558349609375000e+00
3.445831298828125000e+00
5.659576416015625000e+00
5.481658935546875000e+00
5.278411865234375000e+00
5.960174560546875000e+00
5.809112548828125000e+00
3.661590576171875000e+00
2.977996826171875000e+00
5.842987060546875000e+00
1.725860595703125000e+00
2.248626708984375000e+00
2.032562255859375000e+00
1.655364990234375000e+00
3.388458251953125000e+00
1.051422119140625000e+00
4.114166259765625000e+00
4.715667724609375000e+00
3.126312255859375000e+00
4.401336669921875000e+00
4.191680908203125000e+00
2.760711669921875000e+00
1.820159912109375000e+00
5.729766845703125000e+00
2.912384033203125000e+00
1.945281982421875000e+00
4.222808837890625000e+00
3.613983154296875000e+00
3.292327880859375000e+00
1.161895751953125000e+00
2.280670166015625000e+00
3.315826416015625000e+00
3.671661376953125000e+00
3.236175537109375000e+00
2.572113037109375000e+00
5.216766357421875000e+00
3.589569091796875000e+00
5.945831298828125000e+00
4.271942138671875000e+00
1.652008056640625000e+00
5.097137451171875000e+00
3.010040283203125000e+00
3.523651123046875000e+00
3.564239501953125000e+00
4.485260009765625000e+00
1.538482666015625000e+00
1.442047119140625000e+00
2.674041748046875000e+00
4.747711181640625000e+00
1.695953369140625000e+00
3.552337646484375000e+00
5.249725341796875000e+00
3.401580810546875000e+00
1.758819580078125000e+00
3.682647705078125000e+00
3.989959716796875000e+00
3.759246826171875000e+00
5.954681396484375000e+00
2.086883544921875000e+00
3.976837158203125000e+00
1.628204345703125000e+00
2.209564208984375000e+00
5.639739990234375000e+00
1.343780517578125000e+00
4.444366455078125000e+00
3.617950439453125000e+00
5.888458251953125000e+00
5.641265869140625000e+00
4.065338134765625000e+00
2.800079345703125000e+00
4.232269287109375000e+00
3.433929443359375000e+00
2.402435302734375000e+00
4.726654052734375000e+00
4.286285400390625000e+00
2.610260009765625000e+00
2.956939697265625000e+00
5.157867431640625000e+00
5.234161376953125000e+00
5.110565185546875000e+00
1.181732177734375000e+00
4.239898681640625000e+00
4.705596923828125000e+00
2.431732177734375000e+00
1.200958251953125000e+00
4.014984130859375000e+00
4.509368896484375000e+00
5.023590087890625000e+00
3.339935302734375000e+00
5.831390380859375000e+00
5.419708251953125000e+00
1.663909912109375000e+00
5.479217529296875000e+00
3.931671142578125000e+00
1.175323486328125000e+00
2.525115966796875000e+00
4.796539306640625000e+00
4.406524658203125000e+00
5.687042236328125000e+00
4.263397216796875000e+00
2.165313720703125000e+00
4.321685791015625000e+00
3.783660888671875000e+00
1.041961669921875000e+00
2.249237060546875000e+00
2.745758056640625000e+00
2.238555908203125000e+00
5.891204833984375000e+00
3.803192138671875000e+00
4.476715087890625000e+00
5.655303955078125000e+00
2.474151611328125000e+00
1.871124267578125000e+00
5.794769287109375000e+00
1.438079833984375000e+00
5.480743408203125000e+00
3.200164794921875000e+00
3.669830322265625000e+00
4.257598876953125000e+00
3.086029052734375000e+00
4.328399658203125000e+00
3.573394775390625000e+00
1.794830322265625000e+00
1.592498779296875000e+00
2.558380126953125000e+00
2.064910888671875000e+00
5.915313720703125000e+00
1.942535400390625000e+00
5.106292724609375000e+00
2.910858154296875000e+00
4.170013427734375000e+00
3.296600341796875000e+00
5.562530517578125000e+00
1.328826904296875000e+00
5.775238037109375000e+00
2.591644287109375000e+00
3.051544189453125000e+00
1.837249755859375000e+00
4.795623779296875000e+00
4.488922119140625000e+00
2.115875244140625000e+00
1.580596923828125000e+00
4.907318115234375000e+00
5.312591552734375000e+00
2.193084716796875000e+00
2.992034912109375000e+00
5.563140869140625000e+00
3.652435302734375000e+00
3.205657958984375000e+00
1.230560302734375000e+00
5.535064697265625000e+00
5.822845458984375000e+00
1.973358154296875000e+00
3.402801513671875000e+00
3.323760986328125000e+00
1.619049072265625000e+00
1.639801025390625000e+00
3.176055908203125000e+00
5.631500244140625000e+00
3.280731201171875000e+00
5.131011962890625000e+00
5.342193603515625000e+00
2.244354248046875000e+00
2.252593994140625000e+00
4.382720947265625000e+00
4.011016845703125000e+00
2.728057861328125000e+00
4.616485595703125000e+00
1.677032470703125000e+00
3.282562255859375000e+00
1.807647705078125000e+00
4.683319091796875000e+00
1.350799560546875000e+00
3.271881103515625000e+00
2.936187744140625000e+00
4.169708251953125000e+00
1.246124267578125000e+00
2.734771728515625000e+00
3.601165771484375000e+00
1.576934814453125000e+00
1.896148681640625000e+00
4.724212646484375000e+00
1.373687744140625000e+00
1.895233154296875000e+00
3.150726318359375000e+00
5.445953369140625000e+00
2.129302978515625000e+00
4.297271728515625000e+00
2.678009033203125000e+00
1.967864990234375000e+00
1.301971435546875000e+00
5.752960205078125000e+00
1.525054931640625000e+00
2.733856201171875000e+00
4.035430908203125000e+00
4.218841552734375000e+00
3.209320068359375000e+00
4.914337158203125000e+00
2.482391357421875000e+00
3.834930419921875000e+00
4.029632568359375000e+00
1.301361083984375000e+00
3.185211181640625000e+00
1.923004150390625000e+00
2.722869873046875000e+00
3.790679931640625000e+00
5.503326416015625000e+00
3.229461669921875000e+00
2.591949462890625000e+00
4.238983154296875000e+00
2.240386962890625000e+00
5.766998291015625000e+00
3.851409912109375000e+00
5.510650634765625000e+00
1.327606201171875000e+00
4.155364990234375000e+00
3.332305908203125000e+00
2.132965087890625000e+00
1.230865478515625000e+00
2.234283447265625000e+00
4.595428466796875000e+00
3.361602783203125000e+00
5.696197509765625000e+00
5.954986572265625000e+00
4.152313232421875000e+00
3.679901123046875000e+00
3.246551513671875000e+00
5.524383544921875000e+00
1.787200927734375000e+00
4.636016845703125000e+00
1.639190673828125000e+00
1.951080322265625000e+00
2.902618408203125000e+00
3.184600830078125000e+00
2.218719482421875000e+00
2.009063720703125000e+00
5.258880615234375000e+00
4.544158935546875000e+00
1.946807861328125000e+00
3.379608154296875000e+00
1.730743408203125000e+00
1.436553955078125000e+00
2.633453369140625000e+00
5.030609130859375000e+00
5.941253662109375000e+00
2.341705322265625000e+00
3.786712646484375000e+00
5.041595458984375000e+00
4.216705322265625000e+00
4.191070556640625000e+00
2.500701904296875000e+00
3.348175048828125000e+00
5.586029052734375000e+00
5.594573974609375000e+00
2.490020751953125000e+00
2.436614990234375000e+00
5.027557373046875000e+00
5.141998291015625000e+00
1.265350341796875000e+00
1.305328369140625000e+00
1.831146240234375000e+00
1.514068603515625000e+00
2.202239990234375000e+00
3.141265869140625000e+00
3.606048583984375000e+00
1.993804931640625000e+00
3.979278564453125000e+00
5.088897705078125000e+00
2.985015869140625000e+00
3.768707275390625000e+00
2.117706298828125000e+00
1.632171630859375000e+00
4.427276611328125000e+00
3.401885986328125000e+00
3.544097900390625000e+00
3.859039306640625000e+00
4.468170166015625000e+00
3.612152099609375000e+00
3.827606201171875000e+00
3.941741943359375000e+00
2.436309814453125000e+00
2.065521240234375000e+00
1.506744384765625000e+00
5.426727294921875000e+00
5.980010986328125000e+00
2.342926025390625000e+00
1.631866455078125000e+00
3.301483154296875000e+00
2.081695556640625000e+00
2.020355224609375000e+00
1.318450927734375000e+00
3.250213623046875000e+00
4.978729248046875000e+00
3.123260498046875000e+00
4.517913818359375000e+00
5.073638916015625000e+00
4.668060302734375000e+00
2.283721923828125000e+00
3.151641845703125000e+00
1.736236572265625000e+00
5.810333251953125000e+00
5.500579833984375000e+00
3.137298583984375000e+00
4.600006103515625000e+00
5.105682373046875000e+00
2.862640380859375000e+00
2.241607666015625000e+00
4.651885986328125000e+00
5.767303466796875000e+00
5.152679443359375000e+00
4.326568603515625000e+00
3.208404541015625000e+00
5.098663330078125000e+00
5.077606201171875000e+00
1.838470458984375000e+00
3.567291259765625000e+00
2.053619384765625000e+00
4.677520751953125000e+00
1.956268310546875000e+00
5.686737060546875000e+00
2.346588134765625000e+00
1.455780029296875000e+00
2.905670166015625000e+00
2.465301513671875000e+00
1.317535400390625000e+00
4.022613525390625000e+00
5.518890380859375000e+00
1.572357177734375000e+00
1.384368896484375000e+00
3.975921630859375000e+00
5.152374267578125000e+00
3.120208740234375000e+00
4.289337158203125000e+00
5.099578857421875000e+00
4.141632080078125000e+00
2.082611083984375000e+00
1.946197509765625000e+00
5.654998779296875000e+00
5.592132568359375000e+00
3.618255615234375000e+00
2.266021728515625000e+00
2.464691162109375000e+00
3.284393310546875000e+00
4.371429443359375000e+00
2.642913818359375000e+00
5.145050048828125000e+00
1.447235107421875000e+00
2.385040283203125000e+00
5.030914306640625000e+00
5.109039306640625000e+00
4.086090087890625000e+00
4.318328857421875000e+00
5.344024658203125000e+00
5.852447509765625000e+00
3.131500244140625000e+00
4.076019287109375000e+00
1.862579345703125000e+00
1.166778564453125000e+00
5.899444580078125000e+00
4.442840576171875000e+00
1.018463134765625000e+00
4.243865966796875000e+00
4.005218505859375000e+00
3.594451904296875000e+00
4.283538818359375000e+00
3.494049072265625000e+00
2.777191162109375000e+00
4.863067626953125000e+00
3.830047607421875000e+00
2.430816650390625000e+00
2.648406982421875000e+00
1.383758544921875000e+00
5.933319091796875000e+00
3.750396728515625000e+00
5.706573486328125000e+00
1.627288818359375000e+00
1.251312255859375000e+00
4.586883544921875000e+00
3.141571044921875000e+00
4.833160400390625000e+00
2.999053955078125000e+00
1.757904052734375000e+00
3.400054931640625000e+00
4.779449462890625000e+00
5.672698974609375000e+00
3.350616455078125000e+00
5.325103759765625000e+00
4.333282470703125000e+00
1.146026611328125000e+00
1.387420654296875000e+00
2.573333740234375000e+00
3.519378662109375000e+00
4.099212646484375000e+00
1.141143798828125000e+00
1.510101318359375000e+00
4.303375244140625000e+00
4.555450439453125000e+00
3.747039794921875000e+00
5.184722900390625000e+00
1.408782958984375000e+00
2.450347900390625000e+00
4.458099365234375000e+00
1.339813232421875000e+00
1.894012451171875000e+00
2.548614501953125000e+00
2.455230712890625000e+00
2.375579833984375000e+00
2.684722900390625000e+00
3.350006103515625000e+00
5.332427978515625000e+00
5.608612060546875000e+00
1.581512451171875000e+00
4.149261474609375000e+00
3.116851806640625000e+00
3.653961181640625000e+00
3.140960693359375000e+00
5.699554443359375000e+00
2.447296142578125000e+00
4.772735595703125000e+00
4.043060302734375000e+00
4.700408935546875000e+00
3.595672607421875000e+00
2.802215576171875000e+00
1.659332275390625000e+00
2.122283935546875000e+00
1.645904541015625000e+00
1.117340087890625000e+00
2.894683837890625000e+00
4.428497314453125000e+00
3.581939697265625000e+00
3.963409423828125000e+00
4.500213623046875000e+00
2.426544189453125000e+00
1.229949951171875000e+00
1.610198974609375000e+00
4.140716552734375000e+00
4.947906494140625000e+00
5.943084716796875000e+00
2.075592041015625000e+00
3.527618408203125000e+00
1.894927978515625000e+00
4.252410888671875000e+00
4.011627197265625000e+00
5.700164794921875000e+00
4.881378173828125000e+00
2.717987060546875000e+00
2.337738037109375000e+00
1.590667724609375000e+00
2.083526611328125000e+00
4.782196044921875000e+00
3.214508056640625000e+00
4.144378662109375000e+00
1.264739990234375000e+00
1.288238525390625000e+00
4.065948486328125000e+00
1.420989990234375000e+00
1.300750732421875000e+00
5.523773193359375000e+00
1.507659912109375000e+00
4.929595947265625000e+00
4.928070068359375000e+00
4.535003662109375000e+00
3.614593505859375000e+00
3.016143798828125000e+00
5.497833251953125000e+00
2.990814208984375000e+00
4.073577880859375000e+00
2.823272705078125000e+00
4.041839599609375000e+00
5.591522216796875000e+00
4.506317138671875000e+00
2.222381591796875000e+00
1.125579833984375000e+00
3.946929931640625000e+00
1.191497802734375000e+00
3.522735595703125000e+00
3.340240478515625000e+00
1.475616455078125000e+00
5.372406005859375000e+00
4.536529541015625000e+00
5.256134033203125000e+00
1.538177490234375000e+00
5.573516845703125000e+00
5.960479736328125000e+00
3.793731689453125000e+00
4.287811279296875000e+00
5.113616943359375000e+00
3.342987060546875000e+00
1.185699462890625000e+00
3.287139892578125000e+00
3.046051025390625000e+00
5.829254150390625000e+00
4.519439697265625000e+00
3.422943115234375000e+00
2.312103271484375000e+00
4.080291748046875000e+00
3.381439208984375000e+00
3.312164306640625000e+00
3.343292236328125000e+00
5.079132080078125000e+00
2.986541748046875000e+00
4.236541748046875000e+00
5.373931884765625000e+00
3.427825927734375000e+00
3.370452880859375000e+00
3.216339111328125000e+00
4.580169677734375000e+00
1.905609130859375000e+00
3.155609130859375000e+00
5.556427001953125000e+00
5.777679443359375000e+00
1.666656494140625000e+00
2.210479736328125000e+00
2.603851318359375000e+00
4.888397216796875000e+00
2.177520751953125000e+00
3.305755615234375000e+00
2.984100341796875000e+00
2.988372802734375000e+00
1.496063232421875000e+00
4.390655517578125000e+00
3.151031494140625000e+00
5.366302490234375000e+00
4.289031982421875000e+00
1.299835205078125000e+00
4.094635009765625000e+00
1.011749267578125000e+00
3.816314697265625000e+00
2.399688720703125000e+00
1.321502685546875000e+00
1.372467041015625000e+00
3.612762451171875000e+00
3.122039794921875000e+00
3.068939208984375000e+00
3.110443115234375000e+00
1.517120361328125000e+00
1.984039306640625000e+00
5.614410400390625000e+00
4.563690185546875000e+00
4.817901611328125000e+00
1.034332275390625000e+00
4.959808349609375000e+00
1.578155517578125000e+00
3.723846435546875000e+00
3.637786865234375000e+00
2.045989990234375000e+00
3.893218994140625000e+00
5.015045166015625000e+00
4.474273681640625000e+00
5.722137451171875000e+00
4.942108154296875000e+00
3.386627197265625000e+00
4.616790771484375000e+00
5.260406494140625000e+00
3.342681884765625000e+00
2.731109619140625000e+00
3.933197021484375000e+00
3.417755126953125000e+00
2.371002197265625000e+00
2.297149658203125000e+00
1.444183349609375000e+00
5.409637451171875000e+00
1.614776611328125000e+00
1.219879150390625000e+00
2.162261962890625000e+00
1.124053955078125000e+00
2.040802001953125000e+00
4.270416259765625000e+00
4.679656982421875000e+00
4.127288818359375000e+00
2.518707275390625000e+00
3.257537841796875000e+00
2.401824951171875000e+00
3.776641845703125000e+00
1.929718017578125000e+00
2.648101806640625000e+00
2.797027587890625000e+00
4.683624267578125000e+00
1.717010498046875000e+00
5.576568603515625000e+00
3.558441162109375000e+00
3.447357177734375000e+00
4.048248291015625000e+00
3.911529541015625000e+00
5.135894775390625000e+00
3.710723876953125000e+00
2.887359619140625000e+00
2.657867431640625000e+00
3.169647216796875000e+00
1.281219482421875000e+00
1.908660888671875000e+00
5.065399169921875000e+00
5.082794189453125000e+00
5.003143310546875000e+00
3.439422607421875000e+00
5.482574462890625000e+00
3.148895263671875000e+00
5.568023681640625000e+00
3.596893310546875000e+00
3.068634033203125000e+00
4.542022705078125000e+00
5.593048095703125000e+00
5.851226806640625000e+00
1.930938720703125000e+00
2.635589599609375000e+00
3.442779541015625000e+00
3.556915283203125000e+00
4.642120361328125000e+00
3.237396240234375000e+00
4.975372314453125000e+00
2.148529052734375000e+00
1.326385498046875000e+00
3.771453857421875000e+00
3.394256591796875000e+00
3.060699462890625000e+00
4.620758056640625000e+00
1.902252197265625000e+00
4.709564208984375000e+00
3.895965576171875000e+00
5.443817138671875000e+00
3.956695556640625000e+00
4.075714111328125000e+00
5.647064208984375000e+00
2.989288330078125000e+00
5.998016357421875000e+00
1.805511474609375000e+00
1.600433349609375000e+00
4.884124755859375000e+00
4.060760498046875000e+00
5.053192138671875000e+00
5.261932373046875000e+00
3.500152587890625000e+00
2.196441650390625000e+00
5.796905517578125000e+00
2.788787841796875000e+00
1.942230224609375000e+00
5.623565673828125000e+00
4.689422607421875000e+00
1.669708251953125000e+00
3.804412841796875000e+00
1.892486572265625000e+00
3.485198974609375000e+00
1.642547607421875000e+00
5.370574951171875000e+00
5.360809326171875000e+00
5.373016357421875000e+00
4.641510009765625000e+00
1.189056396484375000e+00
3.243499755859375000e+00
3.905731201171875000e+00
1.197601318359375000e+00
1.834808349609375000e+00
3.524871826171875000e+00
4.472747802734375000e+00
2.704864501953125000e+00
4.665313720703125000e+00
1.539703369140625000e+00
1.215911865234375000e+00
2.077728271484375000e+00
5.889373779296875000e+00
4.048858642578125000e+00
5.692535400390625000e+00
1.648956298828125000e+00
3.700042724609375000e+00
5.460906982421875000e+00
3.420806884765625000e+00
2.381988525390625000e+00
4.002471923828125000e+00
4.840484619140625000e+00
4.067169189453125000e+00
1.415191650390625000e+00
5.485015869140625000e+00
3.594146728515625000e+00
2.711273193359375000e+00
1.894317626953125000e+00
3.085418701171875000e+00
1.807952880859375000e+00
4.266448974609375000e+00
1.350494384765625000e+00
3.027740478515625000e+00
3.030181884765625000e+00
3.602996826171875000e+00
4.623199462890625000e+00
1.767974853515625000e+00
2.476593017578125000e+00
3.549591064453125000e+00
3.236785888671875000e+00
2.466217041015625000e+00
5.194183349609375000e+00
1.502777099609375000e+00
4.751983642578125000e+00
2.328582763671875000e+00
4.710479736328125000e+00
4.697967529296875000e+00
1.367584228515625000e+00
1.594635009765625000e+00
5.870758056640625000e+00
1.659027099609375000e+00
4.118133544921875000e+00
5.731292724609375000e+00
5.781036376953125000e+00
2.052703857421875000e+00
4.780670166015625000e+00
1.253143310546875000e+00
2.263275146484375000e+00
1.827484130859375000e+00
4.206939697265625000e+00
3.073211669921875000e+00
1.021820068359375000e+00
4.085784912109375000e+00
3.194061279296875000e+00
3.715301513671875000e+00
2.410980224609375000e+00
4.311614990234375000e+00
1.624542236328125000e+00
4.935394287109375000e+00
2.576690673828125000e+00
2.446990966796875000e+00
3.601776123046875000e+00
4.847198486328125000e+00
3.232208251953125000e+00
2.015167236328125000e+00
3.909088134765625000e+00
1.109100341796875000e+00
5.140167236328125000e+00
2.564483642578125000e+00
4.517608642578125000e+00
2.373138427734375000e+00
1.878753662109375000e+00
4.251190185546875000e+00
2.819000244140625000e+00
4.687286376953125000e+00
3.537078857421875000e+00
5.086151123046875000e+00
1.532989501953125000e+00
2.343231201171875000e+00
4.939056396484375000e+00
1.556793212890625000e+00
1.114898681640625000e+00
1.684967041015625000e+00
5.172821044921875000e+00
5.878692626953125000e+00
1.636138916015625000e+00
5.890594482421875000e+00
1.458831787109375000e+00
5.644012451171875000e+00
5.921417236328125000e+00
4.058319091796875000e+00
1.327301025390625000e+00
4.924407958984375000e+00
2.399383544921875000e+00
3.855072021484375000e+00
1.050506591796875000e+00
5.315338134765625000e+00
3.467193603515625000e+00
3.901763916015625000e+00
5.836273193359375000e+00
5.966583251953125000e+00
3.460479736328125000e+00
4.700103759765625000e+00
5.664764404296875000e+00
5.732513427734375000e+00
4.607635498046875000e+00
4.799896240234375000e+00
5.492034912109375000e+00
2.237335205078125000e+00
5.827117919921875000e+00
1.819549560546875000e+00
3.392120361328125000e+00
3.248382568359375000e+00
3.646331787109375000e+00
3.534332275390625000e+00
5.255828857421875000e+00
1.142669677734375000e+00
3.644805908203125000e+00
4.843536376953125000e+00
5.213409423828125000e+00
1.219268798828125000e+00
4.157501220703125000e+00
3.730560302734375000e+00
3.091827392578125000e+00
1.935516357421875000e+00
4.729400634765625000e+00
1.385894775390625000e+00
1.250091552734375000e+00
3.532501220703125000e+00
3.943572998046875000e+00
3.740936279296875000e+00
3.475433349609375000e+00
1.492706298828125000e+00
2.171112060546875000e+00
4.705902099609375000e+00
2.579437255859375000e+00
4.399810791015625000e+00
1.491790771484375000e+00
1.902862548828125000e+00
1.869598388671875000e+00
4.483428955078125000e+00
2.168060302734375000e+00
3.496490478515625000e+00
3.481842041015625000e+00
5.879608154296875000e+00
4.102264404296875000e+00
5.258270263671875000e+00
5.297943115234375000e+00
1.561981201171875000e+00
2.996307373046875000e+00
2.630706787109375000e+00
5.297332763671875000e+00
1.815582275390625000e+00
3.464447021484375000e+00
1.478057861328125000e+00
3.883148193359375000e+00
2.858062744140625000e+00
3.006988525390625000e+00
4.632965087890625000e+00
4.011322021484375000e+00
3.658233642578125000e+00
1.480804443359375000e+00
4.437957763671875000e+00
4.249969482421875000e+00
2.001739501953125000e+00
1.384674072265625000e+00
4.363189697265625000e+00
2.581878662109375000e+00
3.780609130859375000e+00
1.030059814453125000e+00
5.412384033203125000e+00
1.964202880859375000e+00
3.313995361328125000e+00
2.907806396484375000e+00
5.508209228515625000e+00
3.762603759765625000e+00
4.922271728515625000e+00
4.097686767578125000e+00
5.014739990234375000e+00
1.825958251953125000e+00
3.514801025390625000e+00
4.069610595703125000e+00
3.789154052734375000e+00
1.225067138671875000e+00
2.228179931640625000e+00
5.241180419921875000e+00
4.369903564453125000e+00
1.085906982421875000e+00
2.305999755859375000e+00
4.680267333984375000e+00
4.543548583984375000e+00
4.970794677734375000e+00
2.197357177734375000e+00
4.138885498046875000e+00
2.875152587890625000e+00
2.950836181640625000e+00
5.857025146484375000e+00
4.626861572265625000e+00
1.507965087890625000e+00
5.634246826171875000e+00
1.179595947265625000e+00
5.181060791015625000e+00
4.344879150390625000e+00
4.820343017578125000e+00
2.029510498046875000e+00
3.478790283203125000e+00
3.987213134765625000e+00
4.423919677734375000e+00
5.337005615234375000e+00
5.503936767578125000e+00
2.250762939453125000e+00
5.933013916015625000e+00
3.239227294921875000e+00
2.002960205078125000e+00
3.910308837890625000e+00
2.387176513671875000e+00
4.063507080078125000e+00
1.246429443359375000e+00
5.964141845703125000e+00
5.522857666015625000e+00
2.783599853515625000e+00
3.866363525390625000e+00
3.952728271484375000e+00
4.452606201171875000e+00
1.045013427734375000e+00
2.229705810546875000e+00
5.652557373046875000e+00
3.940826416015625000e+00
5.818572998046875000e+00
3.878570556640625000e+00
4.241729736328125000e+00
3.268829345703125000e+00
1.812835693359375000e+00
4.593902587890625000e+00
1.596160888671875000e+00
4.539581298828125000e+00
1.198516845703125000e+00
4.953399658203125000e+00
5.019927978515625000e+00
2.272735595703125000e+00
3.733001708984375000e+00
1.684661865234375000e+00
5.284210205078125000e+00
5.599151611328125000e+00
4.012237548828125000e+00
2.430206298828125000e+00
5.869232177734375000e+00
5.087371826171875000e+00
1.719146728515625000e+00
3.889862060546875000e+00
5.233245849609375000e+00
4.720550537109375000e+00
3.658538818359375000e+00
5.125213623046875000e+00
2.307525634765625000e+00
1.048065185546875000e+00
2.484832763671875000e+00
4.873138427734375000e+00
1.829925537109375000e+00
2.160736083984375000e+00
2.791229248046875000e+00
2.200714111328125000e+00
1.828704833984375000e+00
2.816558837890625000e+00
1.646820068359375000e+00
1.511016845703125000e+00
1.978240966796875000e+00
4.841705322265625000e+00
4.551177978515625000e+00
3.333526611328125000e+00
5.973907470703125000e+00
5.215850830078125000e+00
3.805023193359375000e+00
5.221649169921875000e+00
2.461334228515625000e+00
4.291168212890625000e+00
1.323028564453125000e+00
2.013031005859375000e+00
4.103790283203125000e+00
3.279205322265625000e+00
2.280975341796875000e+00
5.816131591796875000e+00
1.647735595703125000e+00
4.490753173828125000e+00
1.817718505859375000e+00
5.257354736328125000e+00
1.870819091796875000e+00
2.816253662109375000e+00
1.839385986328125000e+00
5.359588623046875000e+00
4.290863037109375000e+00
2.368865966796875000e+00
1.910797119140625000e+00
4.400726318359375000e+00
5.520111083984375000e+00
1.607147216796875000e+00
1.879974365234375000e+00
1.653533935546875000e+00
1.006256103515625000e+00
2.822662353515625000e+00
1.185089111328125000e+00
4.004913330078125000e+00
3.486419677734375000e+00
5.892120361328125000e+00
2.421966552734375000e+00
3.079925537109375000e+00
5.041290283203125000e+00
5.904632568359375000e+00
3.891693115234375000e+00
3.573699951171875000e+00
1.917205810546875000e+00
4.424530029296875000e+00
2.429901123046875000e+00
4.321075439453125000e+00
3.924041748046875000e+00
1.698089599609375000e+00
4.372650146484375000e+00
5.443511962890625000e+00
1.116119384765625000e+00
1.113067626953125000e+00
1.238800048828125000e+00
2.374664306640625000e+00
3.251434326171875000e+00
1.010833740234375000e+00
2.810455322265625000e+00
3.090301513671875000e+00
1.648345947265625000e+00
4.941802978515625000e+00
2.883697509765625000e+00
2.560821533203125000e+00
2.595306396484375000e+00
2.123504638671875000e+00
2.229095458984375000e+00
4.948516845703125000e+00
4.253326416015625000e+00
4.967437744140625000e+00
1.204010009765625000e+00
5.897613525390625000e+00
2.451568603515625000e+00
2.034088134765625000e+00
1.074005126953125000e+00
4.920440673828125000e+00
1.014495849609375000e+00
3.689971923828125000e+00
5.792633056640625000e+00
1.584259033203125000e+00
2.240692138671875000e+00
5.459991455078125000e+00
2.756134033203125000e+00
4.986663818359375000e+00
2.305084228515625000e+00
3.366180419921875000e+00
4.554840087890625000e+00
5.159088134765625000e+00
5.605865478515625000e+00
3.839202880859375000e+00
1.977630615234375000e+00
4.510894775390625000e+00
5.977874755859375000e+00
3.708587646484375000e+00
3.603302001953125000e+00
4.111114501953125000e+00
2.039886474609375000e+00
2.786956787109375000e+00
2.498565673828125000e+00
2.540985107421875000e+00
5.019622802734375000e+00
3.548675537109375000e+00
1.677947998046875000e+00
2.020050048828125000e+00
5.036407470703125000e+00
1.514678955078125000e+00
2.617279052734375000e+00
4.050079345703125000e+00
3.513885498046875000e+00
4.414459228515625000e+00
5.305267333984375000e+00
1.550994873046875000e+00
3.283782958984375000e+00
3.933807373046875000e+00
1.198211669921875000e+00
5.064483642578125000e+00
5.862823486328125000e+00
2.534271240234375000e+00
5.225616455078125000e+00
5.100799560546875000e+00
4.802947998046875000e+00
5.900360107421875000e+00
1.269622802734375000e+00
3.672576904296875000e+00
1.867462158203125000e+00
2.906280517578125000e+00
1.114288330078125000e+00
4.236846923828125000e+00
1.172576904296875000e+00
4.156585693359375000e+00
5.136505126953125000e+00
2.175384521484375000e+00
3.923736572265625000e+00
2.866302490234375000e+00
1.850982666015625000e+00
4.027496337890625000e+00
2.136016845703125000e+00
5.481964111328125000e+00
3.404327392578125000e+00
1.025482177734375000e+00
3.216949462890625000e+00
5.375457763671875000e+00
3.512054443359375000e+00
2.680755615234375000e+00
2.283416748046875000e+00
5.093170166015625000e+00
3.017364501953125000e+00
4.459930419921875000e+00
3.551422119140625000e+00
2.406707763671875000e+00
2.729278564453125000e+00
3.174835205078125000e+00
2.971893310546875000e+00
1.677642822265625000e+00
1.634002685546875000e+00
5.542083740234375000e+00
2.956329345703125000e+00
4.827056884765625000e+00
1.390472412109375000e+00
4.918609619140625000e+00
3.714996337890625000e+00
2.050567626953125000e+00
5.644317626953125000e+00
2.222686767578125000e+00
4.099822998046875000e+00
1.800323486328125000e+00
3.894134521484375000e+00
5.244842529296875000e+00
4.355560302734375000e+00
5.715118408203125000e+00
2.629486083984375000e+00
3.563018798828125000e+00
1.921173095703125000e+00
3.485504150390625000e+00
1.262908935546875000e+00
3.069244384765625000e+00
4.193817138671875000e+00
3.368316650390625000e+00
2.932830810546875000e+00
2.894989013671875000e+00
2.522674560546875000e+00
1.249786376953125000e+00
4.964385986328125000e+00
5.696807861328125000e+00
1.303802490234375000e+00
4.735504150390625000e+00
3.089691162109375000e+00
3.436065673828125000e+00
2.439971923828125000e+00
5.878387451171875000e+00
4.822174072265625000e+00
2.428070068359375000e+00
5.487152099609375000e+00
4.115081787109375000e+00
3.892608642578125000e+00
4.965606689453125000e+00
3.277984619140625000e+00
1.751190185546875000e+00
4.178253173828125000e+00
3.657928466796875000e+00
4.944549560546875000e+00
3.092742919921875000e+00
3.985687255859375000e+00
2.070404052734375000e+00
1.103607177734375000e+00
3.619476318359375000e+00
3.068023681640625000e+00
3.140045166015625000e+00
5.377288818359375000e+00
2.914215087890625000e+00
5.473114013671875000e+00
2.174774169921875000e+00
5.867095947265625000e+00
3.259368896484375000e+00
2.987762451171875000e+00
5.107208251953125000e+00
3.848968505859375000e+00
3.224884033203125000e+00
3.465057373046875000e+00
4.860015869140625000e+00
1.851593017578125000e+00
1.709991455078125000e+00
3.624359130859375000e+00
5.893951416015625000e+00
5.099884033203125000e+00
5.286651611328125000e+00
4.938751220703125000e+00
5.745635986328125000e+00
4.592376708984375000e+00
1.697479248046875000e+00
4.217315673828125000e+00
1.478363037109375000e+00
2.100921630859375000e+00
2.589508056640625000e+00
2.434173583984375000e+00
1.415802001953125000e+00
3.494354248046875000e+00
4.177337646484375000e+00
3.030487060546875000e+00
4.254852294921875000e+00
4.354339599609375000e+00
3.544403076171875000e+00
5.498748779296875000e+00
3.432098388671875000e+00
1.358734130859375000e+00
3.660980224609375000e+00
2.833343505859375000e+00
4.169097900390625000e+00
1.279388427734375000e+00
3.064971923828125000e+00
3.480010986328125000e+00
1.333099365234375000e+00
5.662628173828125000e+00
3.451324462890625000e+00
1.482330322265625000e+00
5.227447509765625000e+00
5.024505615234375000e+00
4.843231201171875000e+00
2.023406982421875000e+00
5.856719970703125000e+00
3.840728759765625000e+00
3.336273193359375000e+00
5.301910400390625000e+00
5.907379150390625000e+00
5.034271240234375000e+00
5.358978271484375000e+00
2.137542724609375000e+00
4.759002685546875000e+00
2.834869384765625000e+00
4.800811767578125000e+00
2.580047607421875000e+00
4.511199951171875000e+00
1.952911376953125000e+00
4.034210205078125000e+00
1.301666259765625000e+00
5.569244384765625000e+00
3.003631591796875000e+00
1.202484130859375000e+00
5.271697998046875000e+00
1.006561279296875000e+00
3.206878662109375000e+00
2.057891845703125000e+00
3.140655517578125000e+00
3.755279541015625000e+00
4.311004638671875000e+00
4.999786376953125000e+00
5.964447021484375000e+00
1.874786376953125000e+00
2.969146728515625000e+00
4.282928466796875000e+00
4.436431884765625000e+00
4.124847412109375000e+00
1.008697509765625000e+00
1.234832763671875000e+00
2.521148681640625000e+00
4.314361572265625000e+00
2.423492431640625000e+00
3.866668701171875000e+00
3.188568115234375000e+00
1.223846435546875000e+00
1.951385498046875000e+00
4.732147216796875000e+00
3.701873779296875000e+00
3.324066162109375000e+00
2.868743896484375000e+00
5.001922607421875000e+00
3.475128173828125000e+00
2.329803466796875000e+00
3.168121337890625000e+00
5.691925048828125000e+00
1.533599853515625000e+00
1.926361083984375000e+00
3.421722412109375000e+00
4.421478271484375000e+00
2.860809326171875000e+00
2.133270263671875000e+00
2.667938232421875000e+00
4.488006591796875000e+00
3.242584228515625000e+00
2.978912353515625000e+00
2.407623291015625000e+00
5.589691162109375000e+00
1.767059326171875000e+00
2.317596435546875000e+00
2.613006591796875000e+00
3.771148681640625000e+00
5.495391845703125000e+00
3.745819091796875000e+00
4.657989501953125000e+00
3.371978759765625000e+00
2.102752685546875000e+00
3.949981689453125000e+00
2.121673583984375000e+00
3.595977783203125000e+00
1.233306884765625000e+00
1.334930419921875000e+00
2.945037841796875000e+00
5.372711181640625000e+00
3.385406494140625000e+00
3.851715087890625000e+00
3.446746826171875000e+00
4.629608154296875000e+00
1.187225341796875000e+00
4.993682861328125000e+00
2.253814697265625000e+00
2.568450927734375000e+00
3.951507568359375000e+00
1.997772216796875000e+00
3.946319580078125000e+00
4.414154052734375000e+00
4.056488037109375000e+00
3.474517822265625000e+00
1.357818603515625000e+00
3.828216552734375000e+00
1.266876220703125000e+00
2.448822021484375000e+00
3.213592529296875000e+00
3.926483154296875000e+00
2.897430419921875000e+00
5.507904052734375000e+00
1.888824462890625000e+00
5.357452392578125000e+00
3.620391845703125000e+00
1.085296630859375000e+00
5.543914794921875000e+00
2.332855224609375000e+00
2.218414306640625000e+00
3.463836669921875000e+00
2.369781494140625000e+00
3.503204345703125000e+00
5.855194091796875000e+00
3.008209228515625000e+00
3.459259033203125000e+00
4.004302978515625000e+00
3.831268310546875000e+00
3.964630126953125000e+00
4.533477783203125000e+00
5.959259033203125000e+00
3.276763916015625000e+00
5.162750244140625000e+00
2.810760498046875000e+00
4.442230224609375000e+00
1.772552490234375000e+00
3.741241455078125000e+00
5.259185791015625000e+00
4.449249267578125000e+00
3.072296142578125000e+00
2.059112548828125000e+00
1.601043701171875000e+00
2.661224365234375000e+00
1.363922119140625000e+00
1.021209716796875000e+00
1.620269775390625000e+00
2.488494873046875000e+00
1.914459228515625000e+00
5.075164794921875000e+00
5.891510009765625000e+00
4.159942626953125000e+00
2.232147216796875000e+00
2.800689697265625000e+00
3.966156005859375000e+00
1.434112548828125000e+00
2.312713623046875000e+00
2.212615966796875000e+00
4.668365478515625000e+00
3.023162841796875000e+00
4.623504638671875000e+00
5.369049072265625000e+00
1.005645751953125000e+00
4.309173583984375000e+00
5.453582763671875000e+00
2.178131103515625000e+00
5.210357666015625000e+00
4.781280517578125000e+00
3.924346923828125000e+00
5.996490478515625000e+00
1.348663330078125000e+00
2.772613525390625000e+00
2.562652587890625000e+00
2.334686279296875000e+00
2.207122802734375000e+00
3.415313720703125000e+00
1.639495849609375000e+00
3.733917236328125000e+00
4.938446044921875000e+00
3.866973876953125000e+00
5.487457275390625000e+00
5.402008056640625000e+00
1.700225830078125000e+00
2.014251708984375000e+00
1.629425048828125000e+00
1.058746337890625000e+00
5.642181396484375000e+00
2.410369873046875000e+00
2.161651611328125000e+00
1.765838623046875000e+00
2.507720947265625000e+00
4.639068603515625000e+00
2.435394287109375000e+00
4.859405517578125000e+00
1.439605712890625000e+00
3.998809814453125000e+00
2.822967529296875000e+00
1.280609130859375000e+00
1.186309814453125000e+00
5.227752685546875000e+00
4.663787841796875000e+00
2.691741943359375000e+00
3.603912353515625000e+00
3.697906494140625000e+00
5.835662841796875000e+00
1.308990478515625000e+00
2.476287841796875000e+00
4.712005615234375000e+00
4.818511962890625000e+00
4.893890380859375000e+00
2.989593505859375000e+00
1.678558349609375000e+00
4.369598388671875000e+00
5.541778564453125000e+00
2.644439697265625000e+00
1.847625732421875000e+00
2.482086181640625000e+00
4.903961181640625000e+00
2.049652099609375000e+00
3.952423095703125000e+00
1.540313720703125000e+00
3.159576416015625000e+00
4.500823974609375000e+00
1.855255126953125000e+00
2.208038330078125000e+00
1.861053466796875000e+00
3.521514892578125000e+00
1.967254638671875000e+00
1.662689208984375000e+00
2.392974853515625000e+00
2.469268798828125000e+00
1.764923095703125000e+00
1.476226806640625000e+00
3.559967041015625000e+00
4.825225830078125000e+00
4.891143798828125000e+00
3.819061279296875000e+00
5.011993408203125000e+00
1.280914306640625000e+00
1.000762939453125000e+00
1.459747314453125000e+00
5.391021728515625000e+00
4.007354736328125000e+00
2.282806396484375000e+00
2.803436279296875000e+00
2.474456787109375000e+00
1.511932373046875000e+00
5.656524658203125000e+00
4.923797607421875000e+00
3.110137939453125000e+00
4.341827392578125000e+00
4.442535400390625000e+00
5.172515869140625000e+00
1.326080322265625000e+00
2.591339111328125000e+00
5.477081298828125000e+00
3.490081787109375000e+00
1.106048583984375000e+00
5.051971435546875000e+00
4.074493408203125000e+00
1.052947998046875000e+00
4.457183837890625000e+00
1.814666748046875000e+00
1.643768310546875000e+00
2.002044677734375000e+00
4.638153076171875000e+00
2.979827880859375000e+00
3.133026123046875000e+00
3.412872314453125000e+00
3.918548583984375000e+00
4.225250244140625000e+00
4.277435302734375000e+00
2.363067626953125000e+00
1.278472900390625000e+00
4.784942626953125000e+00
3.574920654296875000e+00
1.331268310546875000e+00
5.902191162109375000e+00
3.498321533203125000e+00
1.650482177734375000e+00
1.754547119140625000e+00
4.986968994140625000e+00
4.939971923828125000e+00
4.890533447265625000e+00
5.575347900390625000e+00
1.400848388671875000e+00
3.354888916015625000e+00
3.318878173828125000e+00
1.144500732421875000e+00
1.527496337890625000e+00
4.846893310546875000e+00
5.147186279296875000e+00
3.196502685546875000e+00
5.599456787109375000e+00
1.292510986328125000e+00
3.685394287109375000e+00
2.336517333984375000e+00
3.743682861328125000e+00
2.167755126953125000e+00
1.326995849609375000e+00
3.678375244140625000e+00
1.786285400390625000e+00
2.970672607421875000e+00
4.609771728515625000e+00
4.198394775390625000e+00
2.729583740234375000e+00
3.547760009765625000e+00
3.378082275390625000e+00
1.459136962890625000e+00
1.159454345703125000e+00
5.367828369140625000e+00
3.855377197265625000e+00
1.738677978515625000e+00
1.965118408203125000e+00
4.769073486328125000e+00
2.043243408203125000e+00
3.156219482421875000e+00
4.181304931640625000e+00
5.430999755859375000e+00
4.525543212890625000e+00
3.034759521484375000e+00
1.745086669921875000e+00
2.458892822265625000e+00
2.034393310546875000e+00
5.827423095703125000e+00
3.321929931640625000e+00
3.000579833984375000e+00
1.934295654296875000e+00
5.455108642578125000e+00
1.742950439453125000e+00
3.715911865234375000e+00
4.371734619140625000e+00
3.598114013671875000e+00
4.599090576171875000e+00
5.760284423828125000e+00
3.868194580078125000e+00
2.237030029296875000e+00
3.845916748046875000e+00
1.886993408203125000e+00
3.223663330078125000e+00
4.888702392578125000e+00
2.739044189453125000e+00
1.908966064453125000e+00
2.560211181640625000e+00
4.682708740234375000e+00
2.262359619140625000e+00
5.012908935546875000e+00
3.051849365234375000e+00
2.090545654296875000e+00
3.073516845703125000e+00
1.428924560546875000e+00
5.262542724609375000e+00
1.286407470703125000e+00
2.666717529296875000e+00
5.940643310546875000e+00
1.282135009765625000e+00
2.852874755859375000e+00
1.494232177734375000e+00
3.353668212890625000e+00
4.381500244140625000e+00
4.052215576171875000e+00
4.336639404296875000e+00
4.076934814453125000e+00
3.367706298828125000e+00
2.831817626953125000e+00
2.775054931640625000e+00
5.427642822265625000e+00
4.634490966796875000e+00
3.472991943359375000e+00
2.703643798828125000e+00
5.988555908203125000e+00
1.402984619140625000e+00
3.037200927734375000e+00
5.716339111328125000e+00
2.551361083984375000e+00
4.078460693359375000e+00
3.298126220703125000e+00
2.447601318359375000e+00
3.948150634765625000e+00
2.029815673828125000e+00
4.531951904296875000e+00
2.373443603515625000e+00
5.740447998046875000e+00
1.231475830078125000e+00
4.230438232421875000e+00
2.508941650390625000e+00
3.708892822265625000e+00
5.497222900390625000e+00
2.957855224609375000e+00
1.179290771484375000e+00
4.568878173828125000e+00
2.325225830078125000e+00
5.212188720703125000e+00
1.201873779296875000e+00
1.625152587890625000e+00
4.591156005859375000e+00
3.487030029296875000e+00
5.934234619140625000e+00
5.957122802734375000e+00
5.839935302734375000e+00
2.093597412109375000e+00
2.382598876953125000e+00
5.968109130859375000e+00
5.305877685546875000e+00
1.375823974609375000e+00
4.209075927734375000e+00
2.953887939453125000e+00
1.460968017578125000e+00
4.748626708984375000e+00
1.274505615234375000e+00
4.588104248046875000e+00
1.583953857421875000e+00
4.864288330078125000e+00
2.753082275390625000e+00
1.206451416015625000e+00
5.669647216796875000e+00
1.777130126953125000e+00
4.482208251953125000e+00
3.629547119140625000e+00
5.033966064453125000e+00
1.089874267578125000e+00
2.562347412109375000e+00
5.117279052734375000e+00
2.163482666015625000e+00
3.333831787109375000e+00
4.150177001953125000e+00
3.091522216796875000e+00
1.479583740234375000e+00
1.550689697265625000e+00
1.016021728515625000e+00
3.245941162109375000e+00
2.846771240234375000e+00
1.119171142578125000e+00
1.321807861328125000e+00
3.142486572265625000e+00
3.669219970703125000e+00
1.019989013671875000e+00
5.243621826171875000e+00
3.878875732421875000e+00
2.205291748046875000e+00
1.922088623046875000e+00
2.134490966796875000e+00
5.492645263671875000e+00
2.901092529296875000e+00
5.937286376953125000e+00
2.976776123046875000e+00
1.705413818359375000e+00
5.978485107421875000e+00
4.340911865234375000e+00
3.586822509765625000e+00
5.395599365234375000e+00
5.069671630859375000e+00
5.243011474609375000e+00
3.980194091796875000e+00
5.285736083984375000e+00
5.492950439453125000e+00
2.072845458984375000e+00
2.571197509765625000e+00
3.927398681640625000e+00
1.363006591796875000e+00
3.597503662109375000e+00
1.209503173828125000e+00
3.892913818359375000e+00
4.395233154296875000e+00
4.857879638671875000e+00
1.266571044921875000e+00
2.355743408203125000e+00
2.685943603515625000e+00
5.016265869140625000e+00
2.472015380859375000e+00
4.967742919921875000e+00
5.772491455078125000e+00
3.075042724609375000e+00
4.644866943359375000e+00
4.989715576171875000e+00
1.052032470703125000e+00
5.626922607421875000e+00
1.201568603515625000e+00
3.765960693359375000e+00
3.638702392578125000e+00
2.265106201171875000e+00
3.337493896484375000e+00
3.107696533203125000e+00
1.645599365234375000e+00
4.474884033203125000e+00
5.897308349609375000e+00
1.737762451171875000e+00
2.812286376953125000e+00
3.916412353515625000e+00
4.716888427734375000e+00
3.944183349609375000e+00
1.901641845703125000e+00
1.148468017578125000e+00
2.405181884765625000e+00
5.914093017578125000e+00
3.296905517578125000e+00
2.162872314453125000e+00
5.334564208984375000e+00
3.792510986328125000e+00
3.967987060546875000e+00
3.023773193359375000e+00
5.098052978515625000e+00
1.767364501953125000e+00
4.633270263671875000e+00
5.314117431640625000e+00
1.722808837890625000e+00
3.317962646484375000e+00
2.103363037109375000e+00
5.646148681640625000e+00
4.910064697265625000e+00
3.665252685546875000e+00
5.040069580078125000e+00
3.960052490234375000e+00
2.467742919921875000e+00
2.767120361328125000e+00
3.541046142578125000e+00
3.362213134765625000e+00
5.899749755859375000e+00
5.534454345703125000e+00
2.285858154296875000e+00
2.257476806640625000e+00
2.963653564453125000e+00
2.236419677734375000e+00
1.107574462890625000e+00
1.530548095703125000e+00
2.052093505859375000e+00
3.441558837890625000e+00
1.111236572265625000e+00
4.550262451171875000e+00
2.748504638671875000e+00
2.949920654296875000e+00
2.093902587890625000e+00
4.330230712890625000e+00
1.353546142578125000e+00
1.630950927734375000e+00
1.005035400390625000e+00
1.927276611328125000e+00
2.461944580078125000e+00
4.055877685546875000e+00
1.418853759765625000e+00
4.435516357421875000e+00
3.217254638671875000e+00
2.940765380859375000e+00
2.530609130859375000e+00
1.561370849609375000e+00
3.932891845703125000e+00
4.722686767578125000e+00
1.846710205078125000e+00
4.837432861328125000e+00
5.073944091796875000e+00
1.987091064453125000e+00
5.970550537109375000e+00
3.032318115234375000e+00
2.876373291015625000e+00
5.759368896484375000e+00
2.372833251953125000e+00
4.117828369140625000e+00
3.496185302734375000e+00
5.893035888671875000e+00
1.297088623046875000e+00
2.334991455078125000e+00
5.644622802734375000e+00
5.463958740234375000e+00
4.072967529296875000e+00
1.513153076171875000e+00
5.614715576171875000e+00
5.820709228515625000e+00
4.247528076171875000e+00
5.982757568359375000e+00
2.808013916015625000e+00
5.185638427734375000e+00
1.803985595703125000e+00
5.019012451171875000e+00
4.754730224609375000e+00
3.070465087890625000e+00
3.593841552734375000e+00
1.124664306640625000e+00
2.187591552734375000e+00
1.811920166015625000e+00
1.822601318359375000e+00
4.393707275390625000e+00
5.603424072265625000e+00
1.467987060546875000e+00
4.650970458984375000e+00
2.388702392578125000e+00
3.674407958984375000e+00
1.546417236328125000e+00
2.654510498046875000e+00
5.424896240234375000e+00
4.354034423828125000e+00
5.109954833984375000e+00
2.637420654296875000e+00
3.684783935546875000e+00
3.347564697265625000e+00
4.213043212890625000e+00
2.663665771484375000e+00
2.712799072265625000e+00
4.791656494140625000e+00
2.074676513671875000e+00
4.815765380859375000e+00
5.451141357421875000e+00
4.113555908203125000e+00
2.709442138671875000e+00
1.585784912109375000e+00
4.714752197265625000e+00
1.622711181640625000e+00
5.241485595703125000e+00
2.078948974609375000e+00
1.221710205078125000e+00
1.624237060546875000e+00
1.479888916015625000e+00
1.355682373046875000e+00
5.119110107421875000e+00
1.416412353515625000e+00
5.938507080078125000e+00
5.558258056640625000e+00
5.471588134765625000e+00
5.406280517578125000e+00
1.840911865234375000e+00
5.619293212890625000e+00
3.082977294921875000e+00
3.263031005859375000e+00
4.937530517578125000e+00
2.721649169921875000e+00
1.904083251953125000e+00
2.030120849609375000e+00
5.464569091796875000e+00
1.781402587890625000e+00
4.502655029296875000e+00
1.823822021484375000e+00
4.728485107421875000e+00
3.406158447265625000e+00
4.329620361328125000e+00
2.389617919921875000e+00
3.369842529296875000e+00
5.365081787109375000e+00
3.454681396484375000e+00
3.241973876953125000e+00
4.489532470703125000e+00
2.715850830078125000e+00
1.338287353515625000e+00
3.953338623046875000e+00
2.060028076171875000e+00
1.147552490234375000e+00
5.617156982421875000e+00
3.330474853515625000e+00
5.139251708984375000e+00
3.079315185546875000e+00
2.181182861328125000e+00
2.024017333984375000e+00
5.201812744140625000e+00
3.773895263671875000e+00
2.442108154296875000e+00
2.617584228515625000e+00
2.779022216796875000e+00
4.423614501953125000e+00
5.917144775390625000e+00
4.176116943359375000e+00
3.185821533203125000e+00
3.263946533203125000e+00
3.339019775390625000e+00
1.960235595703125000e+00
2.299285888671875000e+00
4.628692626953125000e+00
3.517852783203125000e+00
1.489959716796875000e+00
3.672882080078125000e+00
2.338043212890625000e+00
3.884674072265625000e+00
3.301788330078125000e+00
3.004547119140625000e+00
3.049713134765625000e+00
2.261138916015625000e+00
3.162322998046875000e+00
1.974578857421875000e+00
4.306121826171875000e+00
4.131866455078125000e+00
1.577239990234375000e+00
2.994476318359375000e+00
5.856109619140625000e+00
2.078033447265625000e+00
4.960113525390625000e+00
3.122650146484375000e+00
1.712738037109375000e+00
4.647613525390625000e+00
5.029083251953125000e+00
3.176971435546875000e+00
5.568634033203125000e+00
1.675506591796875000e+00
4.407745361328125000e+00
2.345977783203125000e+00
2.866912841796875000e+00
4.574371337890625000e+00
2.298980712890625000e+00
1.801544189453125000e+00
1.408477783203125000e+00
1.101165771484375000e+00
5.422149658203125000e+00
3.119598388671875000e+00
5.867706298828125000e+00
3.916717529296875000e+00
1.306243896484375000e+00
3.380218505859375000e+00
4.221282958984375000e+00
4.354644775390625000e+00
4.708648681640625000e+00
2.032867431640625000e+00
2.143951416015625000e+00
1.546722412109375000e+00
2.192169189453125000e+00
5.662933349609375000e+00
1.719451904296875000e+00
1.015411376953125000e+00
3.421417236328125000e+00
4.582916259765625000e+00
2.346282958984375000e+00
1.946502685546875000e+00
1.813140869140625000e+00
3.078704833984375000e+00
2.533050537109375000e+00
4.162384033203125000e+00
3.255096435546875000e+00
4.308563232421875000e+00
1.096588134765625000e+00
1.314178466796875000e+00
2.588287353515625000e+00
2.314239501953125000e+00
2.407928466796875000e+00
3.019195556640625000e+00
5.610748291015625000e+00
2.468048095703125000e+00
5.573211669921875000e+00
2.836090087890625000e+00
5.562835693359375000e+00
5.555816650390625000e+00
3.429962158203125000e+00
5.253387451171875000e+00
5.444427490234375000e+00
5.177093505859375000e+00
1.263519287109375000e+00
2.626129150390625000e+00
3.001495361328125000e+00
5.931182861328125000e+00
4.858184814453125000e+00
4.450469970703125000e+00
4.583221435546875000e+00
4.094940185546875000e+00
2.204681396484375000e+00
2.587371826171875000e+00
5.927520751953125000e+00
3.501068115234375000e+00
1.858917236328125000e+00
1.256500244140625000e+00
5.252166748046875000e+00
1.238189697265625000e+00
4.360443115234375000e+00
5.748687744140625000e+00
5.424591064453125000e+00
1.740814208984375000e+00
1.097808837890625000e+00
2.360015869140625000e+00
3.877960205078125000e+00
3.869415283203125000e+00
2.584320068359375000e+00
3.012481689453125000e+00
5.195709228515625000e+00
1.380401611328125000e+00
4.917694091796875000e+00
1.398406982421875000e+00
2.976470947265625000e+00
2.299896240234375000e+00
5.564666748046875000e+00
1.492401123046875000e+00
1.856781005859375000e+00
3.934112548828125000e+00
2.917877197265625000e+00
3.897186279296875000e+00
5.601593017578125000e+00
1.303497314453125000e+00
5.032440185546875000e+00
3.718658447265625000e+00
5.565582275390625000e+00
5.247283935546875000e+00
3.147369384765625000e+00
4.157196044921875000e+00
5.972686767578125000e+00
1.590362548828125000e+00
3.180023193359375000e+00
3.161407470703125000e+00
2.060638427734375000e+00
1.564117431640625000e+00
2.530914306640625000e+00
4.143768310546875000e+00
3.162628173828125000e+00
2.583709716796875000e+00
4.298797607421875000e+00
4.715362548828125000e+00
1.543975830078125000e+00
2.504669189453125000e+00
2.634674072265625000e+00
2.932525634765625000e+00
2.927032470703125000e+00
2.186370849609375000e+00
4.168792724609375000e+00
2.876983642578125000e+00
4.957672119140625000e+00
4.296051025390625000e+00
3.341461181640625000e+00
4.597259521484375000e+00
1.168609619140625000e+00
3.787322998046875000e+00
5.031829833984375000e+00
5.955596923828125000e+00
3.772369384765625000e+00
4.649139404296875000e+00
3.198028564453125000e+00
5.086456298828125000e+00
5.708709716796875000e+00
2.845245361328125000e+00
4.656158447265625000e+00
3.548980712890625000e+00
3.015228271484375000e+00
3.632904052734375000e+00
4.658599853515625000e+00
3.440643310546875000e+00
3.203216552734375000e+00
1.410003662109375000e+00
2.415557861328125000e+00
5.319915771484375000e+00
4.398590087890625000e+00
4.627166748046875000e+00
1.070648193359375000e+00
5.174346923828125000e+00
3.580718994140625000e+00
4.646392822265625000e+00
3.461700439453125000e+00
3.262725830078125000e+00
1.324554443359375000e+00
4.182220458984375000e+00
5.822540283203125000e+00
2.797637939453125000e+00
5.692230224609375000e+00
4.213653564453125000e+00
3.335357666015625000e+00
1.077056884765625000e+00
2.337432861328125000e+00
4.569793701171875000e+00
4.856964111328125000e+00
5.857940673828125000e+00
2.154327392578125000e+00
5.499969482421875000e+00
4.553924560546875000e+00
4.596343994140625000e+00
4.102874755859375000e+00
5.079437255859375000e+00
1.653839111328125000e+00
4.476104736328125000e+00
5.109649658203125000e+00
1.929412841796875000e+00
3.919769287109375000e+00
5.571075439453125000e+00
4.066558837890625000e+00
3.657012939453125000e+00
3.296295166015625000e+00
2.098480224609375000e+00
4.701629638671875000e+00
5.156951904296875000e+00
4.731842041015625000e+00
2.564788818359375000e+00
5.892425537109375000e+00
3.354278564453125000e+00
5.417572021484375000e+00
5.484405517578125000e+00
5.479827880859375000e+00
3.223968505859375000e+00
1.988006591796875000e+00
4.629913330078125000e+00
2.235198974609375000e+00
2.918487548828125000e+00
3.034454345703125000e+00
4.940887451171875000e+00
4.563995361328125000e+00
4.794403076171875000e+00
3.747955322265625000e+00
5.879913330078125000e+00
5.925689697265625000e+00
5.032745361328125000e+00
2.883087158203125000e+00
5.017181396484375000e+00
5.789581298828125000e+00
3.931060791015625000e+00
1.821990966796875000e+00
5.286346435546875000e+00
2.431121826171875000e+00
3.953033447265625000e+00
5.347076416015625000e+00
1.597991943359375000e+00
5.791717529296875000e+00
1.990447998046875000e+00
1.889739990234375000e+00
4.323211669921875000e+00
2.232452392578125000e+00
4.665618896484375000e+00
1.081329345703125000e+00
3.934417724609375000e+00
5.923248291015625000e+00
2.157989501953125000e+00
4.737945556640625000e+00
3.245635986328125000e+00
3.650604248046875000e+00
2.139068603515625000e+00
5.905242919921875000e+00
3.588653564453125000e+00
5.682464599609375000e+00
5.981231689453125000e+00
1.402679443359375000e+00
1.662078857421875000e+00
5.539031982421875000e+00
1.356292724609375000e+00
1.470428466796875000e+00
3.455291748046875000e+00
4.332672119140625000e+00
5.183502197265625000e+00
2.687774658203125000e+00
1.230255126953125000e+00
5.913787841796875000e+00
3.559356689453125000e+00
4.615875244140625000e+00
1.720672607421875000e+00
4.486785888671875000e+00
2.858978271484375000e+00
3.852020263671875000e+00
5.561004638671875000e+00
4.310699462890625000e+00
3.499542236328125000e+00
3.943878173828125000e+00
4.371124267578125000e+00
3.504730224609375000e+00
3.413787841796875000e+00
3.124481201171875000e+00
4.915557861328125000e+00
1.209808349609375000e+00
2.045074462890625000e+00
5.784088134765625000e+00
3.987823486328125000e+00
1.001373291015625000e+00
5.039764404296875000e+00
4.407135009765625000e+00
1.349273681640625000e+00
5.795989990234375000e+00
1.027618408203125000e+00
4.208770751953125000e+00
2.155242919921875000e+00
5.274139404296875000e+00
5.120330810546875000e+00
1.679168701171875000e+00
5.488372802734375000e+00
1.610504150390625000e+00
5.671783447265625000e+00
4.039398193359375000e+00
5.042816162109375000e+00
4.318939208984375000e+00
5.894256591796875000e+00
5.359283447265625000e+00
2.623077392578125000e+00
1.803070068359375000e+00
1.083770751953125000e+00
2.036224365234375000e+00
5.303131103515625000e+00
5.382476806640625000e+00
1.092620849609375000e+00
2.864776611328125000e+00
5.881134033203125000e+00
3.746124267578125000e+00
1.843658447265625000e+00
1.670013427734375000e+00
2.564178466796875000e+00
1.739593505859375000e+00
2.912078857421875000e+00
3.400665283203125000e+00
4.944244384765625000e+00
3.494964599609375000e+00
2.804656982421875000e+00
4.920135498046875000e+00
3.324676513671875000e+00
1.270233154296875000e+00
2.934051513671875000e+00
1.204315185546875000e+00
3.388153076171875000e+00
3.368621826171875000e+00
5.209136962890625000e+00
1.742645263671875000e+00
3.247161865234375000e+00
1.145416259765625000e+00
2.865692138671875000e+00
3.947845458984375000e+00
3.027435302734375000e+00
2.063079833984375000e+00
3.640228271484375000e+00
4.949127197265625000e+00
2.049041748046875000e+00
5.728240966796875000e+00
4.373565673828125000e+00
4.718414306640625000e+00
5.488677978515625000e+00
2.513824462890625000e+00
3.820587158203125000e+00
4.071136474609375000e+00
3.661285400390625000e+00
5.151458740234375000e+00
2.771087646484375000e+00
5.995880126953125000e+00
4.380584716796875000e+00
4.254547119140625000e+00
1.535736083984375000e+00
1.589752197265625000e+00
2.344451904296875000e+00
1.532684326171875000e+00
4.535919189453125000e+00
2.624298095703125000e+00
1.976715087890625000e+00
4.028717041015625000e+00
3.211761474609375000e+00
5.489593505859375000e+00
4.059539794921875000e+00
1.070953369140625000e+00
4.169403076171875000e+00
4.384857177734375000e+00
5.999847412109375000e+00
5.060516357421875000e+00
5.381866455078125000e+00
5.346160888671875000e+00
5.496002197265625000e+00
5.178009033203125000e+00
4.503875732421875000e+00
4.409881591796875000e+00
5.746246337890625000e+00
1.178680419921875000e+00
4.133392333984375000e+00
5.226226806640625000e+00
4.140411376953125000e+00
4.852691650390625000e+00
5.214630126953125000e+00
3.713165283203125000e+00
1.762176513671875000e+00
1.521697998046875000e+00
1.916595458984375000e+00
2.738433837890625000e+00
5.063262939453125000e+00
3.888946533203125000e+00
5.415130615234375000e+00
1.105133056640625000e+00
5.399566650390625000e+00
1.202178955078125000e+00
4.520965576171875000e+00
1.523834228515625000e+00
2.206817626953125000e+00
5.522247314453125000e+00
1.128021240234375000e+00
1.827178955078125000e+00
2.783905029296875000e+00
5.762420654296875000e+00
4.857574462890625000e+00
1.483551025390625000e+00
4.446197509765625000e+00
5.782257080078125000e+00
4.605499267578125000e+00
1.697174072265625000e+00
5.641876220703125000e+00
4.777313232421875000e+00
4.484039306640625000e+00
3.402191162109375000e+00
1.996551513671875000e+00
2.361236572265625000e+00
3.101593017578125000e+00
3.860260009765625000e+00
1.670623779296875000e+00
4.049468994140625000e+00
2.321258544921875000e+00
3.454986572265625000e+00
3.124786376953125000e+00
2.519622802734375000e+00
5.405364990234375000e+00
1.066375732421875000e+00
5.197235107421875000e+00
4.806304931640625000e+00
4.184967041015625000e+00
1.186920166015625000e+00
3.621612548828125000e+00
5.394989013671875000e+00
1.214385986328125000e+00
1.822296142578125000e+00
3.701263427734375000e+00
2.854095458984375000e+00
5.740753173828125000e+00
2.342315673828125000e+00
3.407989501953125000e+00
3.552032470703125000e+00
2.436004638671875000e+00
1.335540771484375000e+00
4.863372802734375000e+00
4.946685791015625000e+00
4.656463623046875000e+00
4.013458251953125000e+00
2.327362060546875000e+00
2.348724365234375000e+00
2.532135009765625000e+00
3.400360107421875000e+00
3.427520751953125000e+00
4.171539306640625000e+00
3.605743408203125000e+00
2.029205322265625000e+00
5.902801513671875000e+00
5.756622314453125000e+00
3.100372314453125000e+00
1.088653564453125000e+00
5.028167724609375000e+00
3.744293212890625000e+00
4.217010498046875000e+00
2.089630126953125000e+00
1.518341064453125000e+00
2.650848388671875000e+00
4.086395263671875000e+00
1.909576416015625000e+00
3.534637451171875000e+00
4.189544677734375000e+00
3.033233642578125000e+00
2.973114013671875000e+00
4.701324462890625000e+00
2.895904541015625000e+00
3.332611083984375000e+00
4.265533447265625000e+00
3.870025634765625000e+00
3.234039306640625000e+00
5.004669189453125000e+00
2.354522705078125000e+00
3.681732177734375000e+00
1.373992919921875000e+00
2.108856201171875000e+00
3.072906494140625000e+00
5.210052490234375000e+00
5.812774658203125000e+00
1.150299072265625000e+00
5.418487548828125000e+00
2.649627685546875000e+00
2.835479736328125000e+00
5.402313232421875000e+00
1.959014892578125000e+00
3.500762939453125000e+00
5.330596923828125000e+00
2.940155029296875000e+00
5.450531005859375000e+00
4.669891357421875000e+00
2.998748779296875000e+00
3.275238037109375000e+00
4.774261474609375000e+00
3.364044189453125000e+00
3.246856689453125000e+00
3.364959716796875000e+00
4.871002197265625000e+00
1.251007080078125000e+00
5.066619873046875000e+00
4.752593994140625000e+00
3.046356201171875000e+00
2.807098388671875000e+00
2.770782470703125000e+00
3.278289794921875000e+00
4.388214111328125000e+00
2.524810791015625000e+00
5.023895263671875000e+00
1.933380126953125000e+00
3.818145751953125000e+00
3.244415283203125000e+00
5.134063720703125000e+00
5.956207275390625000e+00
2.942291259765625000e+00
4.008880615234375000e+00
1.285797119140625000e+00
3.902069091796875000e+00
2.791534423828125000e+00
2.118621826171875000e+00
1.649871826171875000e+00
2.615447998046875000e+00
5.137420654296875000e+00
5.273834228515625000e+00
5.569854736328125000e+00
3.268524169921875000e+00
3.507171630859375000e+00
3.274017333984375000e+00
2.787261962890625000e+00
3.131805419921875000e+00
1.626983642578125000e+00
1.332794189453125000e+00
1.540618896484375000e+00
4.800506591796875000e+00
2.920318603515625000e+00
1.756988525390625000e+00
5.840850830078125000e+00
5.385223388671875000e+00
3.574310302734375000e+00
4.201446533203125000e+00
1.335845947265625000e+00
3.430267333984375000e+00
5.372100830078125000e+00
1.467071533203125000e+00
2.593780517578125000e+00
2.928253173828125000e+00
3.050628662109375000e+00
4.211517333984375000e+00
5.462432861328125000e+00
3.461395263671875000e+00
2.745452880859375000e+00
5.951934814453125000e+00
2.442718505859375000e+00
5.715423583984375000e+00
1.355072021484375000e+00
3.885589599609375000e+00
5.095001220703125000e+00
5.340972900390625000e+00
2.672821044921875000e+00
4.895111083984375000e+00
3.685089111328125000e+00
5.229278564453125000e+00
1.588531494140625000e+00
2.710052490234375000e+00
1.847320556640625000e+00
1.506134033203125000e+00
5.297637939453125000e+00
4.982696533203125000e+00
4.065643310546875000e+00
3.128448486328125000e+00
5.336090087890625000e+00
1.675201416015625000e+00
5.796600341796875000e+00
2.094512939453125000e+00
3.633819580078125000e+00
1.935211181640625000e+00
5.450836181640625000e+00
2.750030517578125000e+00
4.163909912109375000e+00
1.991668701171875000e+00
4.143463134765625000e+00
5.127044677734375000e+00
2.904754638671875000e+00
3.629241943359375000e+00
4.893585205078125000e+00
5.636077880859375000e+00
3.094268798828125000e+00
3.532806396484375000e+00
1.515289306640625000e+00
5.772796630859375000e+00
2.254119873046875000e+00
2.321868896484375000e+00
2.652679443359375000e+00
2.632232666015625000e+00
5.499664306640625000e+00
1.407257080078125000e+00
1.108795166015625000e+00
2.125335693359375000e+00
4.416900634765625000e+00
5.256439208984375000e+00
4.117523193359375000e+00
3.502899169921875000e+00
5.069061279296875000e+00
3.931976318359375000e+00
1.570526123046875000e+00
4.461761474609375000e+00
2.331024169921875000e+00
3.030792236328125000e+00
1.235443115234375000e+00
4.847808837890625000e+00
3.841949462890625000e+00
4.827972412109375000e+00
1.525665283203125000e+00
4.510589599609375000e+00
1.473480224609375000e+00
5.995269775390625000e+00
4.670806884765625000e+00
3.546539306640625000e+00
5.121856689453125000e+00
5.199371337890625000e+00
4.482818603515625000e+00
5.973297119140625000e+00
1.325469970703125000e+00
3.190704345703125000e+00
4.533782958984375000e+00
5.673309326171875000e+00
5.207000732421875000e+00
5.970245361328125000e+00
1.814361572265625000e+00
3.061004638671875000e+00
5.604949951171875000e+00
3.718963623046875000e+00
4.878631591796875000e+00
4.654937744140625000e+00
5.557037353515625000e+00
1.517730712890625000e+00
5.785614013671875000e+00
5.657440185546875000e+00
5.125518798828125000e+00
4.304290771484375000e+00
5.790496826171875000e+00
3.344207763671875000e+00
4.451995849609375000e+00
1.850372314453125000e+00
5.978179931640625000e+00
5.384918212890625000e+00
3.063140869140625000e+00
1.382843017578125000e+00
4.019561767578125000e+00
5.294281005859375000e+00
5.983978271484375000e+00
1.418548583984375000e+00
4.370513916015625000e+00
2.916656494140625000e+00
3.281341552734375000e+00
4.617095947265625000e+00
1.851898193359375000e+00
3.088775634765625000e+00
2.030731201171875000e+00
4.689117431640625000e+00
2.602630615234375000e+00
2.970977783203125000e+00
4.744964599609375000e+00
4.709259033203125000e+00
3.548065185546875000e+00
5.701385498046875000e+00
1.486297607421875000e+00
4.197784423828125000e+00
3.501983642578125000e+00
4.699493408203125000e+00
5.155426025390625000e+00
5.055328369140625000e+00
2.304779052734375000e+00
3.986297607421875000e+00
1.157318115234375000e+00
4.611907958984375000e+00
3.581634521484375000e+00
4.350982666015625000e+00
5.283905029296875000e+00
3.061614990234375000e+00
3.922210693359375000e+00
4.101654052734375000e+00
4.783111572265625000e+00
4.765411376953125000e+00
4.990631103515625000e+00
5.196624755859375000e+00
2.506500244140625000e+00
4.889007568359375000e+00
2.096954345703125000e+00
2.183013916015625000e+00
1.116424560546875000e+00
4.228607177734375000e+00
4.816070556640625000e+00
4.441314697265625000e+00
4.559112548828125000e+00
5.103240966796875000e+00
1.601654052734375000e+00
3.531280517578125000e+00
3.852630615234375000e+00
1.652618408203125000e+00
3.493438720703125000e+00
5.553680419921875000e+00
5.689178466796875000e+00
5.821319580078125000e+00
5.635162353515625000e+00
1.574798583984375000e+00
2.469573974609375000e+00
4.993988037109375000e+00
3.886810302734375000e+00
4.851470947265625000e+00
1.256195068359375000e+00
4.464813232421875000e+00
5.441375732421875000e+00
4.805999755859375000e+00
4.625335693359375000e+00
2.680450439453125000e+00
3.420196533203125000e+00
3.745513916015625000e+00
1.845184326171875000e+00
1.057525634765625000e+00
1.734405517578125000e+00
5.866485595703125000e+00
1.654144287109375000e+00
3.398529052734375000e+00
4.929290771484375000e+00
5.817047119140625000e+00
3.774810791015625000e+00
3.277069091796875000e+00
5.654388427734375000e+00
4.042755126953125000e+00
5.753265380859375000e+00
4.664093017578125000e+00
3.676544189453125000e+00
1.099334716796875000e+00
3.609100341796875000e+00
5.235076904296875000e+00
2.640777587890625000e+00
4.777618408203125000e+00
2.713409423828125000e+00
2.533966064453125000e+00
4.692779541015625000e+00
1.528717041015625000e+00
3.981109619140625000e+00
3.231903076171875000e+00
1.483856201171875000e+00
2.725616455078125000e+00
1.730438232421875000e+00
1.296478271484375000e+00
5.626312255859375000e+00
2.440887451171875000e+00
5.698028564453125000e+00
1.672149658203125000e+00
5.711456298828125000e+00
4.687591552734375000e+00
3.417449951171875000e+00
2.213836669921875000e+00
2.687164306640625000e+00
3.671051025390625000e+00
1.357208251953125000e+00
4.023834228515625000e+00
4.701019287109375000e+00
5.910125732421875000e+00
1.255279541015625000e+00
4.878021240234375000e+00
5.792938232421875000e+00
2.384124755859375000e+00
1.110015869140625000e+00
3.327117919921875000e+00
4.059844970703125000e+00
4.368072509765625000e+00
3.845611572265625000e+00
4.736419677734375000e+00
2.119232177734375000e+00
4.941497802734375000e+00
1.460052490234375000e+00
2.337127685546875000e+00
2.857452392578125000e+00
3.486114501953125000e+00
5.732818603515625000e+00
3.835845947265625000e+00
4.379974365234375000e+00
1.120697021484375000e+00
1.817108154296875000e+00
4.065032958984375000e+00
4.229522705078125000e+00
1.545806884765625000e+00
4.853302001953125000e+00
1.959625244140625000e+00
2.626434326171875000e+00
4.698883056640625000e+00
3.095489501953125000e+00
4.144683837890625000e+00
3.048797607421875000e+00
4.979034423828125000e+00
2.524200439453125000e+00
4.973236083984375000e+00
3.488250732421875000e+00
3.007904052734375000e+00
1.340118408203125000e+00
2.921844482421875000e+00
3.635650634765625000e+00
1.816802978515625000e+00
5.267120361328125000e+00
3.970428466796875000e+00
5.607696533203125000e+00
1.742340087890625000e+00
2.150665283203125000e+00
2.268463134765625000e+00
4.768768310546875000e+00
5.582061767578125000e+00
3.181243896484375000e+00
2.583099365234375000e+00
1.158233642578125000e+00
1.792694091796875000e+00
4.674774169921875000e+00
3.785491943359375000e+00
3.302703857421875000e+00
3.996978759765625000e+00
4.165435791015625000e+00
3.515716552734375000e+00
1.272369384765625000e+00
5.648284912109375000e+00
5.738616943359375000e+00
1.075836181640625000e+00
5.765167236328125000e+00
2.090850830078125000e+00
3.986907958984375000e+00
1.498504638671875000e+00
2.009979248046875000e+00
3.920379638671875000e+00
5.091033935546875000e+00
4.217926025390625000e+00
2.719512939453125000e+00
4.910369873046875000e+00
5.094696044921875000e+00
4.497161865234375000e+00
3.966461181640625000e+00
5.904022216796875000e+00
2.631927490234375000e+00
4.267059326171875000e+00
4.802642822265625000e+00
4.582305908203125000e+00
4.831329345703125000e+00
2.935882568359375000e+00
5.380035400390625000e+00
3.380523681640625000e+00
5.988250732421875000e+00
5.872283935546875000e+00
4.136749267578125000e+00
1.397491455078125000e+00
3.144317626953125000e+00
2.165924072265625000e+00
2.160125732421875000e+00
1.435943603515625000e+00
2.586761474609375000e+00
2.494598388671875000e+00
2.453704833984375000e+00
2.493682861328125000e+00
5.223175048828125000e+00
5.559478759765625000e+00
5.303741455078125000e+00
4.078765869140625000e+00
1.744171142578125000e+00
5.939117431640625000e+00
3.177886962890625000e+00
4.453216552734375000e+00
2.616668701171875000e+00
3.795257568359375000e+00
3.122955322265625000e+00
4.466033935546875000e+00
5.497528076171875000e+00
5.060821533203125000e+00
2.819915771484375000e+00
3.877655029296875000e+00
3.478485107421875000e+00
2.954803466796875000e+00
1.379180908203125000e+00
1.051727294921875000e+00
3.613677978515625000e+00
4.116302490234375000e+00
1.512847900390625000e+00
5.490203857421875000e+00
5.239349365234375000e+00
1.877838134765625000e+00
5.292449951171875000e+00
4.266143798828125000e+00
3.910003662109375000e+00
5.987335205078125000e+00
3.836456298828125000e+00
3.981719970703125000e+00
3.748260498046875000e+00
4.760223388671875000e+00
1.838165283203125000e+00
4.391265869140625000e+00
3.088165283203125000e+00
3.689056396484375000e+00
2.153411865234375000e+00
3.955780029296875000e+00
5.325408935546875000e+00
2.191558837890625000e+00
3.113189697265625000e+00
3.774505615234375000e+00
5.411163330078125000e+00
3.647857666015625000e+00
2.661529541015625000e+00
5.567718505859375000e+00
1.426483154296875000e+00
2.107940673828125000e+00
4.835601806640625000e+00
2.295318603515625000e+00
1.676116943359375000e+00
5.077301025390625000e+00
5.468231201171875000e+00
4.395843505859375000e+00
5.323883056640625000e+00
5.220733642578125000e+00
5.281463623046875000e+00
3.071685791015625000e+00
2.249847412109375000e+00
3.213287353515625000e+00
1.632476806640625000e+00
4.175811767578125000e+00
3.314910888671875000e+00
1.195159912109375000e+00
1.193634033203125000e+00
2.505279541015625000e+00
3.712249755859375000e+00
2.204376220703125000e+00
4.092193603515625000e+00
1.002288818359375000e+00
1.858001708984375000e+00
5.416351318359375000e+00
3.037811279296875000e+00
1.474090576171875000e+00
5.801788330078125000e+00
4.944854736328125000e+00
4.719635009765625000e+00
2.975555419921875000e+00
3.511749267578125000e+00
3.927093505859375000e+00
3.801971435546875000e+00
5.547576904296875000e+00
3.821502685546875000e+00
4.375091552734375000e+00
1.528411865234375000e+00
1.257720947265625000e+00
4.172760009765625000e+00
2.734161376953125000e+00
3.636566162109375000e+00
4.079071044921875000e+00
3.332916259765625000e+00
5.457855224609375000e+00
5.033050537109375000e+00
5.472503662109375000e+00
2.768341064453125000e+00
5.813079833984375000e+00
2.837615966796875000e+00
5.871368408203125000e+00
3.693939208984375000e+00
1.369110107421875000e+00
2.092987060546875000e+00
2.526641845703125000e+00
1.977325439453125000e+00
3.499847412109375000e+00
1.566253662109375000e+00
3.967376708984375000e+00
5.838409423828125000e+00
3.472076416015625000e+00
3.268218994140625000e+00
1.596466064453125000e+00
5.506378173828125000e+00
4.495941162109375000e+00
4.444976806640625000e+00
1.055694580078125000e+00
5.005584716796875000e+00
2.175689697265625000e+00
2.078643798828125000e+00
3.793121337890625000e+00
2.331939697265625000e+00
1.366058349609375000e+00
2.815643310546875000e+00
4.304901123046875000e+00
4.414764404296875000e+00
3.356414794921875000e+00
2.087799072265625000e+00
2.477508544921875000e+00
2.884002685546875000e+00
2.509857177734375000e+00
4.623809814453125000e+00
3.349395751953125000e+00
3.439727783203125000e+00
5.335479736328125000e+00
5.624481201171875000e+00
3.150421142578125000e+00
4.084564208984375000e+00
4.989105224609375000e+00
4.560333251953125000e+00
4.724517822265625000e+00
4.494415283203125000e+00
2.383514404296875000e+00
4.874969482421875000e+00
3.648162841796875000e+00
4.091278076171875000e+00
4.716583251953125000e+00
2.830596923828125000e+00
1.537567138671875000e+00
5.774017333984375000e+00
2.699371337890625000e+00
1.358123779296875000e+00
5.551849365234375000e+00
1.589447021484375000e+00
3.584381103515625000e+00
4.536834716796875000e+00
5.801177978515625000e+00
2.867218017578125000e+00
4.756256103515625000e+00
3.764434814453125000e+00
3.299652099609375000e+00
5.356231689453125000e+00
2.754302978515625000e+00
4.259124755859375000e+00
1.187530517578125000e+00
1.141754150390625000e+00
4.535614013671875000e+00
3.989654541015625000e+00
4.342437744140625000e+00
3.902374267578125000e+00
3.720184326171875000e+00
2.965484619140625000e+00
3.183685302734375000e+00
2.432342529296875000e+00
5.291229248046875000e+00
5.633331298828125000e+00
2.747894287109375000e+00
5.882354736328125000e+00
2.632843017578125000e+00
4.091888427734375000e+00
2.007232666015625000e+00
1.734710693359375000e+00
5.245452880859375000e+00
3.040252685546875000e+00
4.054962158203125000e+00
4.530426025390625000e+00
3.971038818359375000e+00
1.520172119140625000e+00
4.834381103515625000e+00
1.543365478515625000e+00
3.264251708984375000e+00
5.159393310546875000e+00
2.284332275390625000e+00
5.928436279296875000e+00
2.187286376953125000e+00
3.456207275390625000e+00
5.226531982421875000e+00
5.734344482421875000e+00
4.981170654296875000e+00
3.717437744140625000e+00
2.076812744140625000e+00
5.456024169921875000e+00
2.108245849609375000e+00
5.883575439453125000e+00
5.006500244140625000e+00
4.961334228515625000e+00
5.359893798828125000e+00
1.022430419921875000e+00
3.156524658203125000e+00
2.043853759765625000e+00
2.779632568359375000e+00
3.880401611328125000e+00
2.316680908203125000e+00
1.920257568359375000e+00
3.990875244140625000e+00
2.427764892578125000e+00
1.785675048828125000e+00
1.658721923828125000e+00
2.673736572265625000e+00
1.634918212890625000e+00
4.469390869140625000e+00
5.308929443359375000e+00
2.616058349609375000e+00
2.766815185546875000e+00
1.804901123046875000e+00
5.624786376953125000e+00
5.409332275390625000e+00
1.426788330078125000e+00
4.938140869140625000e+00
2.586456298828125000e+00
2.365509033203125000e+00
2.746368408203125000e+00
1.793304443359375000e+00
2.095123291015625000e+00
1.809783935546875000e+00
3.765350341796875000e+00
1.726776123046875000e+00
1.606536865234375000e+00
2.891326904296875000e+00
3.737274169921875000e+00
5.098968505859375000e+00
5.105987548828125000e+00
1.524139404296875000e+00
4.378753662109375000e+00
5.487762451171875000e+00
3.592315673828125000e+00
1.030364990234375000e+00
4.336334228515625000e+00
4.630828857421875000e+00
4.039703369140625000e+00
2.768035888671875000e+00
3.632293701171875000e+00
4.767242431640625000e+00
4.058013916015625000e+00
4.481292724609375000e+00
2.583404541015625000e+00
5.963836669921875000e+00
1.812225341796875000e+00
3.138519287109375000e+00
2.597137451171875000e+00
2.730499267578125000e+00
4.617706298828125000e+00
4.756561279296875000e+00
4.303680419921875000e+00
3.090606689453125000e+00
5.824676513671875000e+00
1.103302001953125000e+00
5.453887939453125000e+00
1.063323974609375000e+00
2.443328857421875000e+00
1.140533447265625000e+00
2.955413818359375000e+00
1.751800537109375000e+00
3.654876708984375000e+00
3.169342041015625000e+00
3.042083740234375000e+00
5.554595947265625000e+00
2.098175048828125000e+00
2.437225341796875000e+00
2.724090576171875000e+00
3.636260986328125000e+00
3.139739990234375000e+00
4.470611572265625000e+00
3.289581298828125000e+00
2.368560791015625000e+00
1.039215087890625000e+00
5.779510498046875000e+00
5.942169189453125000e+00
4.479766845703125000e+00
2.376190185546875000e+00
4.197174072265625000e+00
2.880645751953125000e+00
2.545562744140625000e+00
4.618011474609375000e+00
1.615386962890625000e+00
3.149200439453125000e+00
2.728973388671875000e+00
3.113494873046875000e+00
5.170684814453125000e+00
5.513702392578125000e+00
4.711395263671875000e+00
5.376373291015625000e+00
2.114654541015625000e+00
4.346405029296875000e+00
2.820220947265625000e+00
2.315155029296875000e+00
1.728302001953125000e+00
4.458404541015625000e+00
3.719573974609375000e+00
3.226715087890625000e+00
2.056365966796875000e+00
4.517303466796875000e+00
1.887603759765625000e+00
4.628997802734375000e+00
2.197052001953125000e+00
4.232879638671875000e+00
2.761322021484375000e+00
3.074737548828125000e+00
1.864410400390625000e+00
1.347747802734375000e+00
4.900299072265625000e+00
5.278717041015625000e+00
5.984283447265625000e+00
3.036285400390625000e+00
2.055145263671875000e+00
4.199310302734375000e+00
4.780059814453125000e+00
1.710906982421875000e+00
5.073028564453125000e+00
4.228302001953125000e+00
1.424652099609375000e+00
4.867950439453125000e+00
4.224945068359375000e+00
4.539886474609375000e+00
2.503753662109375000e+00
1.731964111328125000e+00
2.116790771484375000e+00
3.295684814453125000e+00
1.839080810546875000e+00
1.100555419921875000e+00
2.534576416015625000e+00
3.994537353515625000e+00
2.497344970703125000e+00
2.335296630859375000e+00
2.268768310546875000e+00
1.648040771484375000e+00
3.632598876953125000e+00
1.903167724609375000e+00
4.212738037109375000e+00
3.502593994140625000e+00
2.847076416015625000e+00
4.433990478515625000e+00
5.338226318359375000e+00
2.073455810546875000e+00
5.079742431640625000e+00
5.176177978515625000e+00
1.719757080078125000e+00
1.531768798828125000e+00
1.787811279296875000e+00
4.082122802734375000e+00
1.190887451171875000e+00
1.142059326171875000e+00
3.798614501953125000e+00
5.802398681640625000e+00
2.125946044921875000e+00
5.732208251953125000e+00
4.601226806640625000e+00
5.711761474609375000e+00
2.708831787109375000e+00
2.094207763671875000e+00
4.109283447265625000e+00
4.642730712890625000e+00
3.977447509765625000e+00
1.037384033203125000e+00
2.067047119140625000e+00
4.822784423828125000e+00
3.365264892578125000e+00
5.743804931640625000e+00
2.118011474609375000e+00
5.458770751953125000e+00
5.550628662109375000e+00
2.243133544921875000e+00
3.812347412109375000e+00
4.240814208984375000e+00
3.351837158203125000e+00
1.195770263671875000e+00
3.705841064453125000e+00
1.239105224609375000e+00
5.072723388671875000e+00
2.345062255859375000e+00
1.709075927734375000e+00
1.897979736328125000e+00
1.643157958984375000e+00
5.621429443359375000e+00
3.688446044921875000e+00
1.503082275390625000e+00
4.458709716796875000e+00
5.462127685546875000e+00
2.909027099609375000e+00
4.352203369140625000e+00
2.365203857421875000e+00
3.648468017578125000e+00
1.204620361328125000e+00
2.112213134765625000e+00
4.122100830078125000e+00
1.587310791015625000e+00
5.269256591796875000e+00
5.573822021484375000e+00
4.727874755859375000e+00
1.570220947265625000e+00
3.411346435546875000e+00
3.493743896484375000e+00
2.273956298828125000e+00
4.925018310546875000e+00
2.333465576171875000e+00
4.528289794921875000e+00
5.328155517578125000e+00
4.477630615234375000e+00
5.083099365234375000e+00
5.078216552734375000e+00
2.656341552734375000e+00
1.484466552734375000e+00
2.047515869140625000e+00
5.374237060546875000e+00
3.542572021484375000e+00
1.852203369140625000e+00
1.945892333984375000e+00
5.551544189453125000e+00
3.969207763671875000e+00
5.114227294921875000e+00
2.334075927734375000e+00
5.863739013671875000e+00
2.812896728515625000e+00
2.747589111328125000e+00
2.437835693359375000e+00
5.896697998046875000e+00
4.215179443359375000e+00
1.911712646484375000e+00
4.833465576171875000e+00
1.235748291015625000e+00
2.862945556640625000e+00
1.808258056640625000e+00
2.764373779296875000e+00
5.917449951171875000e+00
4.845062255859375000e+00
5.580230712890625000e+00
4.141021728515625000e+00
5.510955810546875000e+00
3.046661376953125000e+00
3.817535400390625000e+00
1.909881591796875000e+00
2.879119873046875000e+00
1.799102783203125000e+00
1.022735595703125000e+00
4.415985107421875000e+00
2.016998291015625000e+00
5.747467041015625000e+00
5.841461181640625000e+00
1.036163330078125000e+00
5.150238037109375000e+00
1.536041259765625000e+00
4.607025146484375000e+00
4.035736083984375000e+00
3.801361083984375000e+00
3.336883544921875000e+00
2.992340087890625000e+00
2.007843017578125000e+00
2.714630126953125000e+00
4.385772705078125000e+00
3.324371337890625000e+00
2.559600830078125000e+00
4.810577392578125000e+00
4.040008544921875000e+00
5.088287353515625000e+00
1.919036865234375000e+00
4.024444580078125000e+00
2.867828369140625000e+00
2.401214599609375000e+00
5.143829345703125000e+00
2.857757568359375000e+00
3.912139892578125000e+00
1.488433837890625000e+00
1.833587646484375000e+00
3.869720458984375000e+00
1.453643798828125000e+00
3.282257080078125000e+00
5.197540283203125000e+00
3.728118896484375000e+00
4.231658935546875000e+00
1.563507080078125000e+00
2.382904052734375000e+00
3.409820556640625000e+00
5.863128662109375000e+00
3.487640380859375000e+00
4.842315673828125000e+00
3.837982177734375000e+00
1.930023193359375000e+00
5.819183349609375000e+00
1.248870849609375000e+00
2.125640869140625000e+00
2.147003173828125000e+00
2.105194091796875000e+00
1.390777587890625000e+00
1.421905517578125000e+00
3.031402587890625000e+00
5.012603759765625000e+00
1.089569091796875000e+00
1.627899169921875000e+00
5.673919677734375000e+00
2.129608154296875000e+00
5.744720458984375000e+00
4.468475341796875000e+00
1.882415771484375000e+00
3.300567626953125000e+00
1.498199462890625000e+00
4.686065673828125000e+00
5.307403564453125000e+00
4.621063232421875000e+00
4.903656005859375000e+00
5.322662353515625000e+00
2.811676025390625000e+00
1.770721435546875000e+00
2.255340576171875000e+00
1.498809814453125000e+00
4.947296142578125000e+00
1.611419677734375000e+00
2.277313232421875000e+00
4.614959716796875000e+00
4.216094970703125000e+00
4.963470458984375000e+00
4.548431396484375000e+00
2.454010009765625000e+00
1.730133056640625000e+00
1.076446533203125000e+00
4.994293212890625000e+00
4.603668212890625000e+00
2.618194580078125000e+00
4.392791748046875000e+00
4.404998779296875000e+00
2.410675048828125000e+00
3.874298095703125000e+00
2.743621826171875000e+00
4.048553466796875000e+00
5.611663818359375000e+00
5.970855712890625000e+00
2.214447021484375000e+00
4.049163818359375000e+00
2.671600341796875000e+00
4.305816650390625000e+00
2.019439697265625000e+00
4.788604736328125000e+00
2.016387939453125000e+00
3.368927001953125000e+00
1.565948486328125000e+00
3.405853271484375000e+00
5.457244873046875000e+00
5.664459228515625000e+00
3.691497802734375000e+00
4.559722900390625000e+00
5.979095458984375000e+00
5.421234130859375000e+00
5.690704345703125000e+00
4.160247802734375000e+00
5.662322998046875000e+00
2.371307373046875000e+00
5.232025146484375000e+00
1.500946044921875000e+00
1.095977783203125000e+00
3.740631103515625000e+00
4.255157470703125000e+00
4.561553955078125000e+00
3.667999267578125000e+00
5.740142822265625000e+00
2.242523193359375000e+00
2.067657470703125000e+00
4.297882080078125000e+00
2.952667236328125000e+00
4.536224365234375000e+00
4.964996337890625000e+00
5.893646240234375000e+00
1.717926025390625000e+00
1.386505126953125000e+00
2.350250244140625000e+00
3.522125244140625000e+00
4.591461181640625000e+00
5.465789794921875000e+00
3.274932861328125000e+00
2.722564697265625000e+00
4.263702392578125000e+00
5.714508056640625000e+00
3.366790771484375000e+00
5.670562744140625000e+00
5.947357177734375000e+00
2.026153564453125000e+00
4.595123291015625000e+00
5.267425537109375000e+00
5.271392822265625000e+00
3.323455810546875000e+00
3.850494384765625000e+00
5.143524169921875000e+00
5.329681396484375000e+00
3.097320556640625000e+00
1.172882080078125000e+00
4.547515869140625000e+00
2.041412353515625000e+00
5.460296630859375000e+00
3.712860107421875000e+00
1.876922607421875000e+00
5.544219970703125000e+00
5.751129150390625000e+00
2.087493896484375000e+00
1.129547119140625000e+00
5.585723876953125000e+00
2.649322509765625000e+00
4.690338134765625000e+00
4.379669189453125000e+00
3.258148193359375000e+00
3.165679931640625000e+00
3.239837646484375000e+00
2.096649169921875000e+00
4.991851806640625000e+00
1.721588134765625000e+00
4.730621337890625000e+00
5.538116455078125000e+00
2.429595947265625000e+00
4.877105712890625000e+00
2.683502197265625000e+00
3.266693115234375000e+00
5.109344482421875000e+00
4.874664306640625000e+00
2.997833251953125000e+00
2.749114990234375000e+00
1.416107177734375000e+00
4.952178955078125000e+00
5.408111572265625000e+00
3.575836181640625000e+00
5.739227294921875000e+00
5.045867919921875000e+00
5.825286865234375000e+00
4.047332763671875000e+00
3.273101806640625000e+00
1.164031982421875000e+00
2.267242431640625000e+00
2.031646728515625000e+00
1.756683349609375000e+00
1.195465087890625000e+00
1.843963623046875000e+00
3.629852294921875000e+00
3.978973388671875000e+00
3.512664794921875000e+00
5.853668212890625000e+00
4.832855224609375000e+00
2.395111083984375000e+00
3.043304443359375000e+00
1.500030517578125000e+00
1.150604248046875000e+00
5.736480712890625000e+00
5.244232177734375000e+00
4.884735107421875000e+00
2.603546142578125000e+00
2.909942626953125000e+00
1.093536376953125000e+00
5.375762939453125000e+00
1.931243896484375000e+00
4.880767822265625000e+00
4.806610107421875000e+00
4.512420654296875000e+00
2.578216552734375000e+00
4.571319580078125000e+00
1.790557861328125000e+00
5.284515380859375000e+00
4.972320556640625000e+00
2.988983154296875000e+00
2.876068115234375000e+00
4.733978271484375000e+00
4.023223876953125000e+00
5.935760498046875000e+00
5.364166259765625000e+00
2.628570556640625000e+00
5.001007080078125000e+00
4.170318603515625000e+00
4.083343505859375000e+00
3.605438232421875000e+00
5.392547607421875000e+00
3.794036865234375000e+00
3.523345947265625000e+00
4.520660400390625000e+00
3.104949951171875000e+00
3.754974365234375000e+00
3.050018310546875000e+00
4.572845458984375000e+00
1.685272216796875000e+00
5.010162353515625000e+00
3.459869384765625000e+00
5.575042724609375000e+00
1.264434814453125000e+00
3.587432861328125000e+00
3.613372802734375000e+00
5.916534423828125000e+00
5.446563720703125000e+00
2.759490966796875000e+00
5.344635009765625000e+00
2.296234130859375000e+00
4.368377685546875000e+00
3.127838134765625000e+00
2.750335693359375000e+00
5.822235107421875000e+00
2.895294189453125000e+00
5.475860595703125000e+00
3.469940185546875000e+00
3.187042236328125000e+00
2.104278564453125000e+00
2.896209716796875000e+00
1.554351806640625000e+00
1.497589111328125000e+00
2.017303466796875000e+00
1.854949951171875000e+00
5.768218994140625000e+00
1.551605224609375000e+00
4.462677001953125000e+00
5.208526611328125000e+00
1.000457763671875000e+00
5.866790771484375000e+00
2.838226318359375000e+00
5.124603271484375000e+00
4.860931396484375000e+00
4.136138916015625000e+00
3.352447509765625000e+00
4.824920654296875000e+00
4.937835693359375000e+00
3.108001708984375000e+00
4.242645263671875000e+00
3.287445068359375000e+00
5.377899169921875000e+00
3.146148681640625000e+00
1.970306396484375000e+00
5.282073974609375000e+00
1.145111083984375000e+00
1.685577392578125000e+00
4.481903076171875000e+00
4.659210205078125000e+00
1.087127685546875000e+00
3.285919189453125000e+00
1.209197998046875000e+00
3.673492431640625000e+00
2.523590087890625000e+00
5.810638427734375000e+00
2.612396240234375000e+00
4.603057861328125000e+00
4.871917724609375000e+00
4.792877197265625000e+00
2.712493896484375000e+00
4.372344970703125000e+00
3.449493408203125000e+00
3.411651611328125000e+00
3.139129638671875000e+00
5.860382080078125000e+00
5.608917236328125000e+00
3.317047119140625000e+00
3.979888916015625000e+00
4.060150146484375000e+00
1.738067626953125000e+00
3.965545654296875000e+00
4.481597900390625000e+00
1.788116455078125000e+00
4.838958740234375000e+00
5.554290771484375000e+00
1.700836181640625000e+00
3.483367919921875000e+00
5.653778076171875000e+00
2.956634521484375000e+00
2.587677001953125000e+00
1.436859130859375000e+00
1.815887451171875000e+00
5.948272705078125000e+00
1.419464111328125000e+00
1.728607177734375000e+00
5.242095947265625000e+00
5.679107666015625000e+00
5.719085693359375000e+00
3.945098876953125000e+00
2.047210693359375000e+00
2.644744873046875000e+00
3.365570068359375000e+00
5.186859130859375000e+00
5.355621337890625000e+00
4.652496337890625000e+00
1.180816650390625000e+00
1.004425048828125000e+00
3.651824951171875000e+00
4.980560302734375000e+00
5.296417236328125000e+00
3.842254638671875000e+00
2.889190673828125000e+00
3.838592529296875000e+00
4.107147216796875000e+00
5.110260009765625000e+00
2.926727294921875000e+00
4.404693603515625000e+00
1.564422607421875000e+00
4.873748779296875000e+00
5.376678466796875000e+00
2.164398193359375000e+00
2.074066162109375000e+00
2.099395751953125000e+00
2.094818115234375000e+00
5.688568115234375000e+00
4.030242919921875000e+00
1.609283447265625000e+00
5.524993896484375000e+00
2.710968017578125000e+00
5.922027587890625000e+00
5.514007568359375000e+00
2.092681884765625000e+00
4.349151611328125000e+00
3.135467529296875000e+00
4.309783935546875000e+00
3.252960205078125000e+00
2.320037841796875000e+00
4.951568603515625000e+00
2.736602783203125000e+00
3.256927490234375000e+00
3.492523193359375000e+00
2.287078857421875000e+00
5.741973876953125000e+00
5.975738525390625000e+00
1.434722900390625000e+00
5.519805908203125000e+00
4.453521728515625000e+00
5.459075927734375000e+00
4.837127685546875000e+00
1.126495361328125000e+00
3.182464599609375000e+00
3.315521240234375000e+00
4.838348388671875000e+00
5.059295654296875000e+00
4.919830322265625000e+00
3.111663818359375000e+00
5.913177490234375000e+00
5.311981201171875000e+00
2.330718994140625000e+00
1.674896240234375000e+00
5.229888916015625000e+00
4.820953369140625000e+00
3.453460693359375000e+00
2.902923583984375000e+00
3.303619384765625000e+00
1.750274658203125000e+00
3.899627685546875000e+00
2.794281005859375000e+00
5.477996826171875000e+00
5.897918701171875000e+00
1.214080810546875000e+00
3.915191650390625000e+00
2.934356689453125000e+00
1.038604736328125000e+00
4.153228759765625000e+00
4.746795654296875000e+00
2.019134521484375000e+00
3.763824462890625000e+00
2.944427490234375000e+00
2.084747314453125000e+00
5.016571044921875000e+00
5.712982177734375000e+00
2.241302490234375000e+00
2.752777099609375000e+00
2.981964111328125000e+00
1.951690673828125000e+00
2.641387939453125000e+00
4.747100830078125000e+00
1.136871337890625000e+00
2.173248291015625000e+00
3.192535400390625000e+00
5.862213134765625000e+00
3.155303955078125000e+00
1.972442626953125000e+00
1.345306396484375000e+00
5.757843017578125000e+00
2.697540283203125000e+00
1.318756103515625000e+00
1.609588623046875000e+00
2.931610107421875000e+00
5.633941650390625000e+00
2.287384033203125000e+00
1.464630126953125000e+00
3.346038818359375000e+00
4.570709228515625000e+00
4.834991455078125000e+00
1.772247314453125000e+00
4.262786865234375000e+00
1.422515869140625000e+00
4.079376220703125000e+00
5.120025634765625000e+00
2.389312744140625000e+00
3.539215087890625000e+00
4.372039794921875000e+00
5.628143310546875000e+00
2.318817138671875000e+00
5.362640380859375000e+00
3.919158935546875000e+00
4.845672607421875000e+00
4.524322509765625000e+00
1.242767333984375000e+00
4.047027587890625000e+00
4.934478759765625000e+00
4.184661865234375000e+00
5.222869873046875000e+00
4.254241943359375000e+00
4.035125732421875000e+00
5.009246826171875000e+00
1.115509033203125000e+00
1.928192138671875000e+00
3.793426513671875000e+00
1.401763916015625000e+00
5.300384521484375000e+00
5.598846435546875000e+00
3.630767822265625000e+00
1.597381591796875000e+00
1.620574951171875000e+00
2.670989990234375000e+00
1.059356689453125000e+00
4.020477294921875000e+00
4.706817626953125000e+00
3.177581787109375000e+00
1.160980224609375000e+00
4.696441650390625000e+00
3.471160888671875000e+00
2.051177978515625000e+00
1.411224365234375000e+00
2.497039794921875000e+00
4.748931884765625000e+00
2.758880615234375000e+00
5.289093017578125000e+00
3.638397216796875000e+00
2.150054931640625000e+00
5.726104736328125000e+00
4.402862548828125000e+00
5.590301513671875000e+00
2.517486572265625000e+00
2.089324951171875000e+00
3.379913330078125000e+00
3.908782958984375000e+00
1.961151123046875000e+00
2.543426513671875000e+00
1.001678466796875000e+00
1.314483642578125000e+00
3.539825439453125000e+00
5.191436767578125000e+00
2.013336181640625000e+00
3.535858154296875000e+00
1.829620361328125000e+00
1.343475341796875000e+00
1.691070556640625000e+00
4.811187744140625000e+00
4.415069580078125000e+00
2.672515869140625000e+00
5.733428955078125000e+00
1.342254638671875000e+00
1.099945068359375000e+00
4.960418701171875000e+00
3.021942138671875000e+00
5.524078369140625000e+00
4.883819580078125000e+00
1.478668212890625000e+00
5.789276123046875000e+00
5.722442626953125000e+00
1.686798095703125000e+00
2.846466064453125000e+00
3.995452880859375000e+00
1.889129638671875000e+00
1.549774169921875000e+00
4.728179931640625000e+00
2.773834228515625000e+00
2.891937255859375000e+00
3.771759033203125000e+00
5.419403076171875000e+00
2.156768798828125000e+00
5.926910400390625000e+00
2.571502685546875000e+00
1.535430908203125000e+00
4.201751708984375000e+00
2.496124267578125000e+00
3.446441650390625000e+00
2.485748291015625000e+00
1.323638916015625000e+00
1.998687744140625000e+00
4.920745849609375000e+00
1.780792236328125000e+00
5.128875732421875000e+00
4.638458251953125000e+00
5.104461669921875000e+00
2.223297119140625000e+00
3.694854736328125000e+00
3.647247314453125000e+00
5.728546142578125000e+00
3.193756103515625000e+00
3.563323974609375000e+00
2.957244873046875000e+00
1.335235595703125000e+00
5.447784423828125000e+00
2.707000732421875000e+00
3.340850830078125000e+00
3.750091552734375000e+00
5.615325927734375000e+00
3.665557861328125000e+00
5.595794677734375000e+00
5.704742431640625000e+00
4.310394287109375000e+00
3.002105712890625000e+00
4.704376220703125000e+00
4.503570556640625000e+00
5.173431396484375000e+00
5.555511474609375000e+00
3.742767333984375000e+00
3.897491455078125000e+00
2.049957275390625000e+00
4.780975341796875000e+00
2.631011962890625000e+00
3.186737060546875000e+00
5.403839111328125000e+00
4.431243896484375000e+00
1.986785888671875000e+00
3.104034423828125000e+00
3.950286865234375000e+00
2.502838134765625000e+00
3.769927978515625000e+00
1.517425537109375000e+00
2.486968994140625000e+00
4.143157958984375000e+00
4.995819091796875000e+00
3.460784912109375000e+00
3.363433837890625000e+00
3.260589599609375000e+00
1.133819580078125000e+00
5.815826416015625000e+00
2.942596435546875000e+00
1.102691650390625000e+00
3.102813720703125000e+00
3.428741455078125000e+00
2.680145263671875000e+00
3.490997314453125000e+00
3.674102783203125000e+00
1.701141357421875000e+00
4.773345947265625000e+00
4.335113525390625000e+00
3.413177490234375000e+00
1.616302490234375000e+00
4.827362060546875000e+00
4.253936767578125000e+00
5.860992431640625000e+00
3.811431884765625000e+00
3.452239990234375000e+00
2.421356201171875000e+00
4.033599853515625000e+00
3.328948974609375000e+00
4.335723876953125000e+00
1.173187255859375000e+00
4.845367431640625000e+00
5.449310302734375000e+00
4.178863525390625000e+00
5.102325439453125000e+00
1.557098388671875000e+00
5.395904541015625000e+00
4.412628173828125000e+00
3.181549072265625000e+00
1.297393798828125000e+00
2.863555908203125000e+00
2.565093994140625000e+00
3.516937255859375000e+00
4.990325927734375000e+00
5.282684326171875000e+00
5.818267822265625000e+00
5.448089599609375000e+00
2.907196044921875000e+00
3.581329345703125000e+00
3.252655029296875000e+00
3.783966064453125000e+00
3.327728271484375000e+00
3.017669677734375000e+00
3.125396728515625000e+00
4.485870361328125000e+00
5.133453369140625000e+00
1.760955810546875000e+00
1.135650634765625000e+00
2.889495849609375000e+00
5.552154541015625000e+00
4.138275146484375000e+00
3.103424072265625000e+00
3.773590087890625000e+00
5.872894287109375000e+00
4.592071533203125000e+00
5.788055419921875000e+00
5.510040283203125000e+00
2.759185791015625000e+00
2.409149169921875000e+00
3.288055419921875000e+00
1.760040283203125000e+00
4.278350830078125000e+00
1.079803466796875000e+00
5.423370361328125000e+00
1.578765869140625000e+00
3.135162353515625000e+00
3.576446533203125000e+00
1.686187744140625000e+00
4.112030029296875000e+00
3.418060302734375000e+00
5.646759033203125000e+00
4.402252197265625000e+00
4.127899169921875000e+00
5.751434326171875000e+00
4.104400634765625000e+00
5.840545654296875000e+00
5.698638916015625000e+00
2.158294677734375000e+00
1.186614990234375000e+00
2.546783447265625000e+00
3.983245849609375000e+00
3.495574951171875000e+00
3.707366943359375000e+00
2.454925537109375000e+00
4.476409912109375000e+00
4.663482666015625000e+00
2.766510009765625000e+00
5.781341552734375000e+00
3.967681884765625000e+00
4.519744873046875000e+00
1.277862548828125000e+00
1.881500244140625000e+00
4.139495849609375000e+00
3.827911376953125000e+00
1.330963134765625000e+00
4.133087158203125000e+00
3.303314208984375000e+00
3.024688720703125000e+00
4.451690673828125000e+00
1.067596435546875000e+00
1.844573974609375000e+00
1.316925048828125000e+00
2.983184814453125000e+00
4.523712158203125000e+00
2.326751708984375000e+00
2.608428955078125000e+00
4.134002685546875000e+00
5.802703857421875000e+00
4.589630126953125000e+00
2.945343017578125000e+00
1.032501220703125000e+00
4.361358642578125000e+00
5.453277587890625000e+00
1.554962158203125000e+00
3.566070556640625000e+00
1.644683837890625000e+00
3.874908447265625000e+00
1.599822998046875000e+00
1.229644775390625000e+00
3.433319091796875000e+00
5.318084716796875000e+00
5.850311279296875000e+00
2.247406005859375000e+00
4.487091064453125000e+00
1.777435302734375000e+00
3.667388916015625000e+00
3.588043212890625000e+00
1.239715576171875000e+00
3.439117431640625000e+00
3.389678955078125000e+00
5.728851318359375000e+00
4.383941650390625000e+00
2.800994873046875000e+00
5.286956787109375000e+00
5.609832763671875000e+00
2.575775146484375000e+00
4.209381103515625000e+00
3.237701416015625000e+00
3.585601806640625000e+00
2.750640869140625000e+00
5.886016845703125000e+00
1.468902587890625000e+00
3.767181396484375000e+00
4.719024658203125000e+00
5.379119873046875000e+00
2.306610107421875000e+00
1.915679931640625000e+00
1.312652587890625000e+00
4.619232177734375000e+00
1.589141845703125000e+00
4.625640869140625000e+00
5.224700927734375000e+00
3.116241455078125000e+00
3.305145263671875000e+00
5.710540771484375000e+00
3.662506103515625000e+00
4.268585205078125000e+00
2.291351318359375000e+00
1.471343994140625000e+00
3.995147705078125000e+00
1.311126708984375000e+00
2.457061767578125000e+00
2.499786376953125000e+00
4.411102294921875000e+00
3.465667724609375000e+00
5.342498779296875000e+00
2.167144775390625000e+00
2.431427001953125000e+00
4.073272705078125000e+00
5.284820556640625000e+00
4.726959228515625000e+00
1.593414306640625000e+00
2.696929931640625000e+00
5.133148193359375000e+00
3.137603759765625000e+00
1.698699951171875000e+00
3.046966552734375000e+00
3.331390380859375000e+00
3.930755615234375000e+00
3.840423583984375000e+00
3.924957275390625000e+00
5.604339599609375000e+00
3.508392333984375000e+00
4.027191162109375000e+00
3.211151123046875000e+00
5.410858154296875000e+00
4.932952880859375000e+00
4.594207763671875000e+00
1.657806396484375000e+00
1.320892333984375000e+00
3.808074951171875000e+00
4.036346435546875000e+00
5.591217041015625000e+00
3.297515869140625000e+00
4.665924072265625000e+00
1.841827392578125000e+00
2.120758056640625000e+00
4.051300048828125000e+00
5.656829833984375000e+00
1.034637451171875000e+00
4.853607177734375000e+00
3.240447998046875000e+00
1.189361572265625000e+00
5.014434814453125000e+00
2.982269287109375000e+00
5.921112060546875000e+00
2.323089599609375000e+00
3.692108154296875000e+00
2.868133544921875000e+00
1.872039794921875000e+00
4.620147705078125000e+00
4.836517333984375000e+00
5.368133544921875000e+00
5.044036865234375000e+00
4.857269287109375000e+00
2.899566650390625000e+00
2.620025634765625000e+00
5.351043701171875000e+00
5.980926513671875000e+00
4.382415771484375000e+00
4.324432373046875000e+00
1.650177001953125000e+00
5.631195068359375000e+00
1.064849853515625000e+00
5.541168212890625000e+00
5.730987548828125000e+00
2.916046142578125000e+00
2.742706298828125000e+00
1.617218017578125000e+00
1.939483642578125000e+00
3.471466064453125000e+00
2.250457763671875000e+00
4.688201904296875000e+00
5.742584228515625000e+00
2.864471435546875000e+00
1.273895263671875000e+00
2.057281494140625000e+00
3.329559326171875000e+00
1.489654541015625000e+00
1.689544677734375000e+00
1.446014404296875000e+00
1.220184326171875000e+00
5.832916259765625000e+00
4.961029052734375000e+00
5.511566162109375000e+00
4.097991943359375000e+00
4.148651123046875000e+00
2.139678955078125000e+00
3.403411865234375000e+00
2.515655517578125000e+00
5.499359130859375000e+00
1.320587158203125000e+00
4.997955322265625000e+00
1.392303466796875000e+00
4.142852783203125000e+00
3.218475341796875000e+00
2.187896728515625000e+00
1.988922119140625000e+00
5.470062255859375000e+00
5.174957275390625000e+00
1.274810791015625000e+00
5.323577880859375000e+00
5.015960693359375000e+00
2.607208251953125000e+00
4.879852294921875000e+00
1.533294677734375000e+00
4.813018798828125000e+00
2.001434326171875000e+00
4.791046142578125000e+00
2.734466552734375000e+00
4.607330322265625000e+00
3.429351806640625000e+00
1.924224853515625000e+00
3.688140869140625000e+00
4.955841064453125000e+00
1.650787353515625000e+00
5.984893798828125000e+00
5.290313720703125000e+00
1.286102294921875000e+00
2.619415283203125000e+00
1.165557861328125000e+00
5.026947021484375000e+00
1.310211181640625000e+00
4.578338623046875000e+00
5.123077392578125000e+00
5.526214599609375000e+00
2.687469482421875000e+00
1.603179931640625000e+00
5.821624755859375000e+00
3.886199951171875000e+00
2.993560791015625000e+00
2.826324462890625000e+00
5.115142822265625000e+00
3.536773681640625000e+00
4.019866943359375000e+00
3.462005615234375000e+00
4.490447998046875000e+00
2.703033447265625000e+00
2.137237548828125000e+00
5.548797607421875000e+00
5.378509521484375000e+00
3.599029541015625000e+00
4.858795166015625000e+00
4.832550048828125000e+00
2.313323974609375000e+00
2.383819580078125000e+00
2.383209228515625000e+00
1.134124755859375000e+00
3.812957763671875000e+00
1.049591064453125000e+00
1.543060302734375000e+00
4.741912841796875000e+00
4.418121337890625000e+00
5.969024658203125000e+00
4.809967041015625000e+00
5.540252685546875000e+00
1.112762451171875000e+00
4.480682373046875000e+00
5.356842041015625000e+00
3.819976806640625000e+00
4.237762451171875000e+00
3.397003173828125000e+00
5.430694580078125000e+00
5.329376220703125000e+00
1.670318603515625000e+00
1.771942138671875000e+00
5.980316162109375000e+00
3.722015380859375000e+00
4.403472900390625000e+00
1.766143798828125000e+00
2.824798583984375000e+00
4.856658935546875000e+00
5.353485107421875000e+00
4.955535888671875000e+00
1.826263427734375000e+00
1.865020751953125000e+00
1.727996826171875000e+00
4.397979736328125000e+00
2.395721435546875000e+00
5.830780029296875000e+00
1.446624755859375000e+00
2.019744873046875000e+00
2.363372802734375000e+00
3.056427001953125000e+00
1.546112060546875000e+00
1.391387939453125000e+00
4.528594970703125000e+00
5.297027587890625000e+00
3.907562255859375000e+00
1.948638916015625000e+00
3.277374267578125000e+00
5.864959716796875000e+00
5.031219482421875000e+00
3.152862548828125000e+00
4.661041259765625000e+00
3.697601318359375000e+00
3.969512939453125000e+00
1.287322998046875000e+00
2.513214111328125000e+00
5.694061279296875000e+00
3.349090576171875000e+00
5.433135986328125000e+00
5.087982177734375000e+00
3.283172607421875000e+00
2.131744384765625000e+00
4.374481201171875000e+00
1.298309326171875000e+00
3.207489013671875000e+00
3.836761474609375000e+00
1.711517333984375000e+00
1.569610595703125000e+00
3.823638916015625000e+00
2.720428466796875000e+00
4.416290283203125000e+00
5.103851318359375000e+00
3.070159912109375000e+00
4.963165283203125000e+00
1.748138427734375000e+00
1.328216552734375000e+00
4.979949951171875000e+00
1.245513916015625000e+00
1.562286376953125000e+00
1.602569580078125000e+00
2.813201904296875000e+00
2.638641357421875000e+00
1.366363525390625000e+00
2.003875732421875000e+00
1.188140869140625000e+00
3.490692138671875000e+00
3.529754638671875000e+00
4.196563720703125000e+00
4.753814697265625000e+00
2.387481689453125000e+00
5.585418701171875000e+00
3.111053466796875000e+00
2.757354736328125000e+00
5.278106689453125000e+00
4.886566162109375000e+00
1.958404541015625000e+00
4.613433837890625000e+00
2.706085205078125000e+00
2.271820068359375000e+00
2.972808837890625000e+00
3.894439697265625000e+00
4.868255615234375000e+00
2.510772705078125000e+00
4.072357177734375000e+00
3.776031494140625000e+00
5.442901611328125000e+00
4.826446533203125000e+00
2.748199462890625000e+00
1.421600341796875000e+00
4.179473876953125000e+00
2.624603271484375000e+00
2.702728271484375000e+00
3.422332763671875000e+00
5.259796142578125000e+00
3.693328857421875000e+00
3.854156494140625000e+00
3.975006103515625000e+00
3.554779052734375000e+00
4.366851806640625000e+00
5.756317138671875000e+00
4.766021728515625000e+00
2.747283935546875000e+00
4.946380615234375000e+00
4.549346923828125000e+00
5.790802001953125000e+00
2.664276123046875000e+00
3.472686767578125000e+00
4.850860595703125000e+00
5.504241943359375000e+00
5.015655517578125000e+00
4.079986572265625000e+00
5.707183837890625000e+00
5.926300048828125000e+00
2.103057861328125000e+00
2.815338134765625000e+00
3.265472412109375000e+00
1.237579345703125000e+00
4.667755126953125000e+00
4.110504150390625000e+00
3.127227783203125000e+00
4.291778564453125000e+00
5.413299560546875000e+00
5.727325439453125000e+00
3.127532958984375000e+00
1.981903076171875000e+00
4.306427001953125000e+00
3.602386474609375000e+00
3.676239013671875000e+00
2.316375732421875000e+00
5.618072509765625000e+00
2.545867919921875000e+00
5.361114501953125000e+00
1.025177001953125000e+00
1.472869873046875000e+00
5.475555419921875000e+00
4.513641357421875000e+00
2.027984619140625000e+00
2.286773681640625000e+00
4.782501220703125000e+00
4.145294189453125000e+00
4.811492919921875000e+00
3.554473876953125000e+00
2.042327880859375000e+00
3.519683837890625000e+00
1.427398681640625000e+00
5.663543701171875000e+00
4.850250244140625000e+00
3.903594970703125000e+00
1.740509033203125000e+00
5.461212158203125000e+00
4.179168701171875000e+00
2.385955810546875000e+00
5.407501220703125000e+00
5.808807373046875000e+00
1.852813720703125000e+00
2.638031005859375000e+00
5.785919189453125000e+00
1.797576904296875000e+00
1.683135986328125000e+00
1.282440185546875000e+00
5.239044189453125000e+00
4.353424072265625000e+00
4.445892333984375000e+00
1.816192626953125000e+00
4.085479736328125000e+00
3.052154541015625000e+00
5.844818115234375000e+00
4.329925537109375000e+00
5.158782958984375000e+00
3.038726806640625000e+00
1.352630615234375000e+00
5.062042236328125000e+00
3.254791259765625000e+00
1.618133544921875000e+00
3.063446044921875000e+00
4.265838623046875000e+00
5.209747314453125000e+00
1.854034423828125000e+00
5.555206298828125000e+00
2.925506591796875000e+00
4.342132568359375000e+00
3.929840087890625000e+00
3.896270751953125000e+00
4.437652587890625000e+00
5.354095458984375000e+00
2.037139892578125000e+00
4.348236083984375000e+00
5.103546142578125000e+00
4.462982177734375000e+00
4.297576904296875000e+00
5.737701416015625000e+00
5.846954345703125000e+00
4.221893310546875000e+00
2.808624267578125000e+00
3.097015380859375000e+00
5.504852294921875000e+00
2.566619873046875000e+00
1.773773193359375000e+00
2.847381591796875000e+00
2.552886962890625000e+00
2.435089111328125000e+00
2.798553466796875000e+00
3.799530029296875000e+00
3.391510009765625000e+00
5.495086669921875000e+00
2.816864013671875000e+00
5.542388916015625000e+00
5.393768310546875000e+00
1.997467041015625000e+00
3.330780029296875000e+00
1.077362060546875000e+00
3.671356201171875000e+00
5.363250732421875000e+00
3.528533935546875000e+00
5.887237548828125000e+00
4.108062744140625000e+00
4.721466064453125000e+00
3.431182861328125000e+00
3.992401123046875000e+00
5.317474365234375000e+00
2.232757568359375000e+00
4.066253662109375000e+00
5.416656494140625000e+00
5.456329345703125000e+00
1.095672607421875000e+00
3.080230712890625000e+00
2.728668212890625000e+00
5.618988037109375000e+00
5.011688232421875000e+00
5.737091064453125000e+00
3.829437255859375000e+00
1.804290771484375000e+00
1.074310302734375000e+00
4.751068115234375000e+00
5.407196044921875000e+00
1.843048095703125000e+00
3.198944091796875000e+00
3.944793701171875000e+00
5.400787353515625000e+00
3.374420166015625000e+00
4.795928955078125000e+00
2.840972900390625000e+00
3.696990966796875000e+00
5.095306396484375000e+00
3.239532470703125000e+00
1.528106689453125000e+00
2.967620849609375000e+00
1.268402099609375000e+00
1.728912353515625000e+00
3.014312744140625000e+00
3.262420654296875000e+00
3.717132568359375000e+00
2.097259521484375000e+00
5.308624267578125000e+00
3.161102294921875000e+00
4.436737060546875000e+00
1.630035400390625000e+00
5.050750732421875000e+00
1.491180419921875000e+00
2.067352294921875000e+00
4.138580322265625000e+00
4.726043701171875000e+00
5.123687744140625000e+00
5.310455322265625000e+00
4.198089599609375000e+00
4.580474853515625000e+00
2.471405029296875000e+00
5.513092041015625000e+00
5.191741943359375000e+00
4.051910400390625000e+00
1.174407958984375000e+00
2.404266357421875000e+00
4.139190673828125000e+00
3.816009521484375000e+00
1.635223388671875000e+00
2.201019287109375000e+00
1.679779052734375000e+00
2.807708740234375000e+00
3.209930419921875000e+00
4.602142333984375000e+00
3.449798583984375000e+00
3.448577880859375000e+00
4.194122314453125000e+00
1.261383056640625000e+00
1.524749755859375000e+00
5.002838134765625000e+00
1.811309814453125000e+00
3.093963623046875000e+00
5.958648681640625000e+00
2.947174072265625000e+00
3.765655517578125000e+00
4.879241943359375000e+00
4.409271240234375000e+00
3.226104736328125000e+00
2.897125244140625000e+00
2.163177490234375000e+00
3.294464111328125000e+00
4.546905517578125000e+00
5.946746826171875000e+00
2.587982177734375000e+00
3.099151611328125000e+00
4.240203857421875000e+00
2.421661376953125000e+00
4.889923095703125000e+00
1.928802490234375000e+00
1.427703857421875000e+00
5.680633544921875000e+00
5.273529052734375000e+00
4.339385986328125000e+00
4.533172607421875000e+00
4.246612548828125000e+00
2.159515380859375000e+00
2.425933837890625000e+00
3.183380126953125000e+00
4.907928466796875000e+00
4.707122802734375000e+00
4.991241455078125000e+00
4.845977783203125000e+00
2.556243896484375000e+00
5.815521240234375000e+00
5.828948974609375000e+00
4.912200927734375000e+00
5.069976806640625000e+00
3.970733642578125000e+00
3.084197998046875000e+00
2.275482177734375000e+00
4.080596923828125000e+00
2.516265869140625000e+00
3.711944580078125000e+00
2.053314208984375000e+00
3.801055908203125000e+00
1.784454345703125000e+00
1.328521728515625000e+00
5.181671142578125000e+00
2.374969482421875000e+00
3.826385498046875000e+00
5.370880126953125000e+00
4.508148193359375000e+00
5.868927001953125000e+00
2.962738037109375000e+00
5.603729248046875000e+00
3.666778564453125000e+00
3.517242431640625000e+00
4.863983154296875000e+00
2.171417236328125000e+00
1.351409912109375000e+00
5.078826904296875000e+00
3.792816162109375000e+00
5.037933349609375000e+00
2.054840087890625000e+00
2.631622314453125000e+00
4.392181396484375000e+00
5.456939697265625000e+00
4.970184326171875000e+00
4.392486572265625000e+00
4.095245361328125000e+00
5.961090087890625000e+00
5.195404052734375000e+00
2.879730224609375000e+00
5.108428955078125000e+00
1.019073486328125000e+00
3.830352783203125000e+00
3.435150146484375000e+00
4.513031005859375000e+00
5.352264404296875000e+00
2.301727294921875000e+00
4.396148681640625000e+00
1.154571533203125000e+00
2.692352294921875000e+00
2.802825927734375000e+00
5.027862548828125000e+00
4.203582763671875000e+00
3.751617431640625000e+00
1.146636962890625000e+00
1.699920654296875000e+00
5.622650146484375000e+00
3.736663818359375000e+00
4.317108154296875000e+00
4.959197998046875000e+00
3.994842529296875000e+00
2.757659912109375000e+00
4.789520263671875000e+00
4.386688232421875000e+00
2.929168701171875000e+00
3.805328369140625000e+00
1.715179443359375000e+00
5.579315185546875000e+00
1.463409423828125000e+00
4.776397705078125000e+00
1.671234130859375000e+00
3.335662841796875000e+00
2.836700439453125000e+00
3.032012939453125000e+00
3.224273681640625000e+00
5.630279541015625000e+00
5.441680908203125000e+00
3.455902099609375000e+00
5.184112548828125000e+00
2.527557373046875000e+00
2.022491455078125000e+00
4.607940673828125000e+00
5.295196533203125000e+00
4.588714599609375000e+00
3.639617919921875000e+00
2.443023681640625000e+00
1.996246337890625000e+00
5.021148681640625000e+00
1.723419189453125000e+00
1.461273193359375000e+00
3.550201416015625000e+00
2.244964599609375000e+00
2.096343994140625000e+00
5.616241455078125000e+00
3.515106201171875000e+00
5.723052978515625000e+00
1.778656005859375000e+00
5.178314208984375000e+00
4.964080810546875000e+00
3.948760986328125000e+00
3.854461669921875000e+00
3.903289794921875000e+00
3.497711181640625000e+00
2.172027587890625000e+00
4.372955322265625000e+00
2.717071533203125000e+00
3.643280029296875000e+00
4.367462158203125000e+00
3.566375732421875000e+00
4.630523681640625000e+00
5.160003662109375000e+00
4.289947509765625000e+00
1.046539306640625000e+00
5.749908447265625000e+00
5.993438720703125000e+00
3.190399169921875000e+00
3.253875732421875000e+00
5.420318603515625000e+00
5.517364501953125000e+00
4.408660888671875000e+00
3.007598876953125000e+00
1.676422119140625000e+00
5.561920166015625000e+00
2.343841552734375000e+00
2.327972412109375000e+00
1.421295166015625000e+00
4.464202880859375000e+00
1.601348876953125000e+00
2.189422607421875000e+00
5.718475341796875000e+00
1.322418212890625000e+00
1.383453369140625000e+00
3.211456298828125000e+00
1.754241943359375000e+00
2.004180908203125000e+00
3.655792236328125000e+00
3.366485595703125000e+00
4.417205810546875000e+00
2.111602783203125000e+00
1.516204833984375000e+00
4.376922607421875000e+00
4.339080810546875000e+00
4.213348388671875000e+00
5.231414794921875000e+00
5.909515380859375000e+00
4.270111083984375000e+00
1.136566162109375000e+00
5.835052490234375000e+00
1.926666259765625000e+00
3.743072509765625000e+00
3.466583251953125000e+00
5.424285888671875000e+00
4.974456787109375000e+00
3.398223876953125000e+00
4.360137939453125000e+00
4.071746826171875000e+00
2.765594482421875000e+00
5.991302490234375000e+00
3.830963134765625000e+00
2.056060791015625000e+00
2.512603759765625000e+00
4.322296142578125000e+00
1.758514404296875000e+00
5.127349853515625000e+00
5.889678955078125000e+00
4.725128173828125000e+00
2.841583251953125000e+00
3.383880615234375000e+00
4.162689208984375000e+00
1.086212158203125000e+00
3.602081298828125000e+00
2.024932861328125000e+00
5.429473876953125000e+00
5.242401123046875000e+00
1.165863037109375000e+00
5.798126220703125000e+00
2.941986083984375000e+00
2.681976318359375000e+00
5.528350830078125000e+00
1.344696044921875000e+00
4.041534423828125000e+00
1.073394775390625000e+00
1.164337158203125000e+00
1.366973876953125000e+00
4.642425537109375000e+00
4.430023193359375000e+00
4.256683349609375000e+00
4.321990966796875000e+00
5.228668212890625000e+00
5.716949462890625000e+00
1.764312744140625000e+00
5.936370849609375000e+00
2.501007080078125000e+00
1.644073486328125000e+00
4.599700927734375000e+00
1.745697021484375000e+00
1.444488525390625000e+00
3.008514404296875000e+00
1.020294189453125000e+00
2.847991943359375000e+00
2.213531494140625000e+00
2.035614013671875000e+00
5.066314697265625000e+00
5.754180908203125000e+00
5.931793212890625000e+00
2.218109130859375000e+00
4.819732666015625000e+00
5.096527099609375000e+00
3.694549560546875000e+00
1.429840087890625000e+00
2.669464111328125000e+00
1.091094970703125000e+00
5.630584716796875000e+00
4.790435791015625000e+00
3.056732177734375000e+00
1.534820556640625000e+00
5.807281494140625000e+00
2.492156982421875000e+00
3.495269775390625000e+00
4.016204833984375000e+00
2.929779052734375000e+00
5.534759521484375000e+00
4.388519287109375000e+00
3.656402587890625000e+00
4.627777099609375000e+00
3.396392822265625000e+00
3.954254150390625000e+00
3.460174560546875000e+00
4.233795166015625000e+00
4.708343505859375000e+00
3.992095947265625000e+00
2.612701416015625000e+00
5.387054443359375000e+00
4.466949462890625000e+00
1.631561279296875000e+00
3.482147216796875000e+00
1.509490966796875000e+00
5.193572998046875000e+00
1.424041748046875000e+00
5.156646728515625000e+00
2.379241943359375000e+00
4.891754150390625000e+00
5.668121337890625000e+00
3.801666259765625000e+00
3.873992919921875000e+00
4.901519775390625000e+00
5.645233154296875000e+00
1.173797607421875000e+00
4.026885986328125000e+00
2.522369384765625000e+00
4.116912841796875000e+00
5.955902099609375000e+00
4.575897216796875000e+00
2.038970947265625000e+00
5.506988525390625000e+00
3.369537353515625000e+00
1.565643310546875000e+00
4.000640869140625000e+00
5.322052001953125000e+00
3.601470947265625000e+00
2.014862060546875000e+00
3.587127685546875000e+00
5.062957763671875000e+00
2.539154052734375000e+00
1.632781982421875000e+00
1.768585205078125000e+00
1.746002197265625000e+00
2.495819091796875000e+00
2.338348388671875000e+00
2.274566650390625000e+00
5.661712646484375000e+00
5.598541259765625000e+00
5.928741455078125000e+00
3.422637939453125000e+00
5.452056884765625000e+00
4.531646728515625000e+00
2.295928955078125000e+00
5.835357666015625000e+00
4.475189208984375000e+00
5.654693603515625000e+00
4.004608154296875000e+00
2.362762451171875000e+00
3.752532958984375000e+00
2.064605712890625000e+00
3.496795654296875000e+00
3.076568603515625000e+00
4.976287841796875000e+00
3.691192626953125000e+00
2.101837158203125000e+00
5.033660888671875000e+00
5.864044189453125000e+00
3.796173095703125000e+00
3.967071533203125000e+00
4.168487548828125000e+00
5.374542236328125000e+00
2.358795166015625000e+00
3.567901611328125000e+00
2.871795654296875000e+00
4.366546630859375000e+00
4.281707763671875000e+00
3.694244384765625000e+00
2.080474853515625000e+00
4.404083251953125000e+00
5.265899658203125000e+00
4.090667724609375000e+00
3.429656982421875000e+00
4.789215087890625000e+00
1.428314208984375000e+00
3.928009033203125000e+00
1.153961181640625000e+00
2.489410400390625000e+00
5.527740478515625000e+00
1.798492431640625000e+00
3.707061767578125000e+00
5.912567138671875000e+00
5.626007080078125000e+00
1.936126708984375000e+00
5.554901123046875000e+00
1.080413818359375000e+00
2.753997802734375000e+00
3.961578369140625000e+00
3.658843994140625000e+00
4.647003173828125000e+00
2.142730712890625000e+00
5.929962158203125000e+00
1.513458251953125000e+00
2.322784423828125000e+00
4.488616943359375000e+00
2.761016845703125000e+00
4.812713623046875000e+00
3.660369873046875000e+00
2.358184814453125000e+00
5.846343994140625000e+00
4.831939697265625000e+00
5.445037841796875000e+00
4.968658447265625000e+00
5.367218017578125000e+00
1.985870361328125000e+00
3.625885009765625000e+00
1.213775634765625000e+00
4.180999755859375000e+00
3.164459228515625000e+00
2.804046630859375000e+00
5.681243896484375000e+00
4.531341552734375000e+00
3.036895751953125000e+00
1.342559814453125000e+00
5.745025634765625000e+00
4.821868896484375000e+00
4.637237548828125000e+00
2.478118896484375000e+00
3.505340576171875000e+00
3.779388427734375000e+00
4.355255126953125000e+00
3.666473388671875000e+00
4.951263427734375000e+00
5.415740966796875000e+00
3.087249755859375000e+00
3.527008056640625000e+00
4.864898681640625000e+00
3.108306884765625000e+00
4.434906005859375000e+00
3.687530517578125000e+00
2.088714599609375000e+00
2.584625244140625000e+00
2.165008544921875000e+00
1.942840576171875000e+00
2.809539794921875000e+00
2.586151123046875000e+00
1.586395263671875000e+00
1.612335205078125000e+00
5.645538330078125000e+00
5.112091064453125000e+00
4.827667236328125000e+00
1.017242431640625000e+00
5.148101806640625000e+00
1.904998779296875000e+00
3.888031005859375000e+00
4.931732177734375000e+00
5.432525634765625000e+00
5.171905517578125000e+00
2.605377197265625000e+00
4.408355712890625000e+00
3.136077880859375000e+00
1.986175537109375000e+00
5.180450439453125000e+00
2.452789306640625000e+00
1.142974853515625000e+00
5.350128173828125000e+00
4.152618408203125000e+00
3.222137451171875000e+00
3.281646728515625000e+00
5.723968505859375000e+00
2.339569091796875000e+00
1.454864501953125000e+00
5.429779052734375000e+00
4.645172119140625000e+00
5.371185302734375000e+00
4.864593505859375000e+00
2.207427978515625000e+00
1.469207763671875000e+00
5.709014892578125000e+00
4.470916748046875000e+00
5.030303955078125000e+00
2.839141845703125000e+00
3.770538330078125000e+00
4.967132568359375000e+00
4.511810302734375000e+00
5.975433349609375000e+00
2.966400146484375000e+00
3.936859130859375000e+00
2.596832275390625000e+00
5.272003173828125000e+00
3.482452392578125000e+00
2.325531005859375000e+00
5.710235595703125000e+00
4.076629638671875000e+00
5.489898681640625000e+00
4.272857666015625000e+00
3.396087646484375000e+00
4.438262939453125000e+00
3.206268310546875000e+00
2.733551025390625000e+00
2.276702880859375000e+00
3.005767822265625000e+00
2.132354736328125000e+00
5.067535400390625000e+00
5.203948974609375000e+00
1.919952392578125000e+00
2.840362548828125000e+00
4.994598388671875000e+00
2.386260986328125000e+00
4.592681884765625000e+00
4.432159423828125000e+00
4.579559326171875000e+00
2.480560302734375000e+00
1.115203857421875000e+00
5.505157470703125000e+00
3.164764404296875000e+00
3.480621337890625000e+00
3.926788330078125000e+00
4.108367919921875000e+00
5.413604736328125000e+00
3.918853759765625000e+00
3.028350830078125000e+00
2.060333251953125000e+00
1.717620849609375000e+00
1.425872802734375000e+00
5.961395263671875000e+00
1.856170654296875000e+00
1.656585693359375000e+00
3.337799072265625000e+00
5.895172119140625000e+00
2.066131591796875000e+00
3.391204833984375000e+00
5.929351806640625000e+00
4.998565673828125000e+00
1.176849365234375000e+00
3.423553466796875000e+00
3.700958251953125000e+00
2.607818603515625000e+00
3.405548095703125000e+00
5.998321533203125000e+00
4.244171142578125000e+00
4.942413330078125000e+00
1.309600830078125000e+00
4.846588134765625000e+00
5.739837646484375000e+00
5.884490966796875000e+00
5.658355712890625000e+00
3.176666259765625000e+00
5.211273193359375000e+00
5.907989501953125000e+00
5.744415283203125000e+00
1.725250244140625000e+00
3.736358642578125000e+00
4.722076416015625000e+00
3.068328857421875000e+00
4.905181884765625000e+00
4.731231689453125000e+00
5.776153564453125000e+00
1.457305908203125000e+00
2.130828857421875000e+00
1.643463134765625000e+00
2.716766357421875000e+00
4.900909423828125000e+00
2.223602294921875000e+00
1.614166259765625000e+00
1.457611083984375000e+00
1.389862060546875000e+00
1.031280517578125000e+00
3.242889404296875000e+00
1.979461669921875000e+00
3.246246337890625000e+00
5.960784912109375000e+00
5.149627685546875000e+00
4.926849365234375000e+00
1.441131591796875000e+00
4.257904052734375000e+00
1.768280029296875000e+00
1.079193115234375000e+00
4.852996826171875000e+00
3.339630126953125000e+00
5.117889404296875000e+00
1.243072509765625000e+00
5.563446044921875000e+00
2.953277587890625000e+00
3.853240966796875000e+00
2.180877685546875000e+00
2.257171630859375000e+00
3.531585693359375000e+00
3.646636962890625000e+00
2.446075439453125000e+00
3.556610107421875000e+00
5.168548583984375000e+00
3.856903076171875000e+00
3.834320068359375000e+00
1.936431884765625000e+00
5.222564697265625000e+00
1.139312744140625000e+00
1.150909423828125000e+00
3.721710205078125000e+00
1.928497314453125000e+00
3.576751708984375000e+00
1.407562255859375000e+00
5.676361083984375000e+00
3.210540771484375000e+00
5.675445556640625000e+00
2.491241455078125000e+00
1.640106201171875000e+00
2.169586181640625000e+00
1.584869384765625000e+00
5.139862060546875000e+00
4.593597412109375000e+00
2.439056396484375000e+00
2.692962646484375000e+00
3.339324951171875000e+00
3.722320556640625000e+00
1.090789794921875000e+00
3.125091552734375000e+00
2.141510009765625000e+00
4.595733642578125000e+00
4.314056396484375000e+00
2.984405517578125000e+00
3.470550537109375000e+00
3.949371337890625000e+00
2.519012451171875000e+00
3.263641357421875000e+00
5.348297119140625000e+00
5.562225341796875000e+00
4.911895751953125000e+00
5.938812255859375000e+00
3.475738525390625000e+00
3.849884033203125000e+00
1.526275634765625000e+00
1.204925537109375000e+00
4.506622314453125000e+00
1.266265869140625000e+00
4.052520751953125000e+00
1.251617431640625000e+00
1.448760986328125000e+00
1.532379150390625000e+00
1.961761474609375000e+00
3.407073974609375000e+00
2.095733642578125000e+00
2.152191162109375000e+00
5.167327880859375000e+00
2.464080810546875000e+00
5.905853271484375000e+00
1.843353271484375000e+00
1.830230712890625000e+00
2.736907958984375000e+00
5.601898193359375000e+00
2.369171142578125000e+00
2.146697998046875000e+00
2.008453369140625000e+00
1.741119384765625000e+00
1.285186767578125000e+00
2.050872802734375000e+00
1.967559814453125000e+00
1.258941650390625000e+00
5.151153564453125000e+00
2.147613525390625000e+00
4.583526611328125000e+00
2.025238037109375000e+00
5.982147216796875000e+00
4.689727783203125000e+00
5.993133544921875000e+00
1.019683837890625000e+00
1.604705810546875000e+00
4.732452392578125000e+00
1.394439697265625000e+00
4.041229248046875000e+00
2.090240478515625000e+00
1.749053955078125000e+00
2.622161865234375000e+00
1.840606689453125000e+00
4.361053466796875000e+00
2.568145751953125000e+00
1.820465087890625000e+00
4.892059326171875000e+00
1.975494384765625000e+00
1.329132080078125000e+00
3.551116943359375000e+00
4.220367431640625000e+00
4.565826416015625000e+00
4.148040771484375000e+00
2.110076904296875000e+00
1.424346923828125000e+00
1.701751708984375000e+00
4.384246826171875000e+00
3.639007568359375000e+00
2.903839111328125000e+00
5.304656982421875000e+00
4.962249755859375000e+00
5.158477783203125000e+00
2.524505615234375000e+00
2.975250244140625000e+00
2.312408447265625000e+00
1.284576416015625000e+00
1.696258544921875000e+00
1.374603271484375000e+00
4.069305419921875000e+00
4.830108642578125000e+00
2.168975830078125000e+00
2.531829833984375000e+00
4.883209228515625000e+00
5.556121826171875000e+00
3.539520263671875000e+00
2.401519775390625000e+00
5.841156005859375000e+00
5.439849853515625000e+00
2.011810302734375000e+00
3.715606689453125000e+00
2.736297607421875000e+00
2.888580322265625000e+00
1.977020263671875000e+00
2.459808349609375000e+00
3.035369873046875000e+00
2.784820556640625000e+00
2.202545166015625000e+00
2.685028076171875000e+00
2.134185791015625000e+00
1.625457763671875000e+00
1.623626708984375000e+00
4.166046142578125000e+00
4.488311767578125000e+00
4.848114013671875000e+00
2.833038330078125000e+00
5.640655517578125000e+00
5.788665771484375000e+00
1.119476318359375000e+00
4.029022216796875000e+00
3.746734619140625000e+00
4.745574951171875000e+00
2.278533935546875000e+00
2.981353759765625000e+00
1.432891845703125000e+00
4.741607666015625000e+00
5.871063232421875000e+00
3.902984619140625000e+00
2.717681884765625000e+00
2.639862060546875000e+00
1.729827880859375000e+00
3.129974365234375000e+00
4.402557373046875000e+00
1.267181396484375000e+00
1.891571044921875000e+00
2.910552978515625000e+00
3.267608642578125000e+00
5.659881591796875000e+00
3.616424560546875000e+00
4.405914306640625000e+00
5.805145263671875000e+00
3.394866943359375000e+00
1.449066162109375000e+00
4.374176025390625000e+00
3.578582763671875000e+00
2.815032958984375000e+00
4.537139892578125000e+00
4.053741455078125000e+00
5.309234619140625000e+00
4.282318115234375000e+00
1.633392333984375000e+00
2.893463134765625000e+00
5.788970947265625000e+00
4.608856201171875000e+00
2.389923095703125000e+00
4.135528564453125000e+00
5.444732666015625000e+00
4.731536865234375000e+00
5.832305908203125000e+00
2.690826416015625000e+00
2.192474365234375000e+00
3.199249267578125000e+00
5.692840576171875000e+00
4.707733154296875000e+00
3.345428466796875000e+00
4.468780517578125000e+00
2.686248779296875000e+00
2.722259521484375000e+00
5.071197509765625000e+00
1.899200439453125000e+00
5.627532958984375000e+00
2.316070556640625000e+00
3.064056396484375000e+00
2.935272216796875000e+00
5.352569580078125000e+00
5.965972900390625000e+00
2.984710693359375000e+00
3.075347900390625000e+00
3.837371826171875000e+00
2.303253173828125000e+00
5.092559814453125000e+00
1.188446044921875000e+00
5.780120849609375000e+00
5.134368896484375000e+00
1.398712158203125000e+00
5.697418212890625000e+00
1.811614990234375000e+00
2.135711669921875000e+00
1.724945068359375000e+00
2.320343017578125000e+00
3.624969482421875000e+00
5.451446533203125000e+00
5.655914306640625000e+00
3.346954345703125000e+00
2.755218505859375000e+00
5.741668701171875000e+00
3.900848388671875000e+00
3.410125732421875000e+00
4.391571044921875000e+00
3.859344482421875000e+00
3.703704833984375000e+00
5.304962158203125000e+00
1.995330810546875000e+00
4.201141357421875000e+00
3.407379150390625000e+00
5.025115966796875000e+00
5.037017822265625000e+00
4.324127197265625000e+00
4.981475830078125000e+00
1.394134521484375000e+00
3.595062255859375000e+00
3.826690673828125000e+00
5.963226318359375000e+00
1.727386474609375000e+00
3.286224365234375000e+00
4.887176513671875000e+00
3.095184326171875000e+00
1.054473876953125000e+00
1.832366943359375000e+00
2.217193603515625000e+00
5.467620849609375000e+00
1.396881103515625000e+00
2.688079833984375000e+00
2.091766357421875000e+00
4.486175537109375000e+00
4.275604248046875000e+00
4.318634033203125000e+00
1.769195556640625000e+00
3.556304931640625000e+00
3.119293212890625000e+00
2.674652099609375000e+00
1.615997314453125000e+00
1.324249267578125000e+00
5.787750244140625000e+00
3.780914306640625000e+00
1.222015380859375000e+00
3.565155029296875000e+00
1.691375732421875000e+00
5.104766845703125000e+00
5.146575927734375000e+00
5.527435302734375000e+00
3.129669189453125000e+00
5.338531494140625000e+00
2.504058837890625000e+00
1.033111572265625000e+00
3.727813720703125000e+00
5.402923583984375000e+00
3.118682861328125000e+00
3.984466552734375000e+00
1.741729736328125000e+00
3.050323486328125000e+00
4.396759033203125000e+00
2.880035400390625000e+00
3.478179931640625000e+00
3.390899658203125000e+00
5.340057373046875000e+00
4.877410888671875000e+00
1.762481689453125000e+00
1.465545654296875000e+00
2.572723388671875000e+00
2.105499267578125000e+00
5.683685302734375000e+00
4.426971435546875000e+00
3.900238037109375000e+00
4.575286865234375000e+00
4.817291259765625000e+00
4.216400146484375000e+00
4.984832763671875000e+00
1.803680419921875000e+00
5.762115478515625000e+00
2.719818115234375000e+00
1.243988037109375000e+00
1.684356689453125000e+00
3.807769775390625000e+00
5.422760009765625000e+00
3.788238525390625000e+00
4.234710693359375000e+00
5.292755126953125000e+00
3.382049560546875000e+00
4.618621826171875000e+00
2.107025146484375000e+00
2.295013427734375000e+00
2.539459228515625000e+00
3.078094482421875000e+00
2.875457763671875000e+00
4.958587646484375000e+00
1.349578857421875000e+00
3.873687744140625000e+00
3.635345458984375000e+00
4.527069091796875000e+00
5.584808349609375000e+00
2.045379638671875000e+00
3.392425537109375000e+00
3.533416748046875000e+00
1.587615966796875000e+00
2.977691650390625000e+00
5.443206787109375000e+00
4.070220947265625000e+00
5.977264404296875000e+00
3.870941162109375000e+00
1.885772705078125000e+00
2.273345947265625000e+00
5.337310791015625000e+00
3.180938720703125000e+00
5.170379638671875000e+00
4.023529052734375000e+00
4.940277099609375000e+00
5.068450927734375000e+00
5.979705810546875000e+00
2.038055419921875000e+00
3.922821044921875000e+00
5.777069091796875000e+00
5.541473388671875000e+00
3.752838134765625000e+00
2.186981201171875000e+00
3.398834228515625000e+00
1.822906494140625000e+00
4.394927978515625000e+00
5.436798095703125000e+00
5.962615966796875000e+00
3.559051513671875000e+00
3.117462158203125000e+00
3.474822998046875000e+00
5.347381591796875000e+00
3.176361083984375000e+00
1.900115966796875000e+00
4.312835693359375000e+00
4.452301025390625000e+00
5.248809814453125000e+00
5.858856201171875000e+00
3.706146240234375000e+00
5.890289306640625000e+00
5.906463623046875000e+00
2.173553466796875000e+00
1.081024169921875000e+00
2.621246337890625000e+00
4.190460205078125000e+00
2.963043212890625000e+00
1.776214599609375000e+00
1.417022705078125000e+00
2.815948486328125000e+00
3.974700927734375000e+00
1.626373291015625000e+00
3.318267822265625000e+00
1.040130615234375000e+00
5.882659912109375000e+00
5.971160888671875000e+00
4.107757568359375000e+00
2.360626220703125000e+00
5.702301025390625000e+00
3.928924560546875000e+00
4.312530517578125000e+00
5.665374755859375000e+00
4.078155517578125000e+00
4.828887939453125000e+00
1.540008544921875000e+00
1.975189208984375000e+00
1.622100830078125000e+00
5.130401611328125000e+00
3.147674560546875000e+00
2.829681396484375000e+00
3.378997802734375000e+00
2.790008544921875000e+00
2.457672119140625000e+00
2.075286865234375000e+00
4.674468994140625000e+00
2.384429931640625000e+00
5.606781005859375000e+00
4.865509033203125000e+00
3.894744873046875000e+00
1.192718505859375000e+00
2.662445068359375000e+00
4.954925537109375000e+00
4.067779541015625000e+00
2.026458740234375000e+00
3.707672119140625000e+00
2.508636474609375000e+00
5.144134521484375000e+00
5.085540771484375000e+00
5.521026611328125000e+00
5.205780029296875000e+00
1.534210205078125000e+00
5.517059326171875000e+00
4.300628662109375000e+00
2.842803955078125000e+00
4.747406005859375000e+00
1.410919189453125000e+00
1.906524658203125000e+00
4.531036376953125000e+00
1.504608154296875000e+00
3.981414794921875000e+00
5.570159912109375000e+00
5.844207763671875000e+00
3.905426025390625000e+00
4.733367919921875000e+00
3.163238525390625000e+00
4.631134033203125000e+00
2.371917724609375000e+00
4.096160888671875000e+00
5.298248291015625000e+00
2.400604248046875000e+00
3.591094970703125000e+00
3.725677490234375000e+00
3.735443115234375000e+00
1.479278564453125000e+00
5.880218505859375000e+00
2.419830322265625000e+00
5.907684326171875000e+00
3.437896728515625000e+00
2.091461181640625000e+00
1.355987548828125000e+00
5.369354248046875000e+00
5.844512939453125000e+00
1.093231201171875000e+00
3.293243408203125000e+00
4.415679931640625000e+00
1.061798095703125000e+00
5.525909423828125000e+00
1.435333251953125000e+00
5.416961669921875000e+00
5.797515869140625000e+00
5.273223876953125000e+00
2.591033935546875000e+00
5.005279541015625000e+00
3.484283447265625000e+00
2.950225830078125000e+00
4.235015869140625000e+00
4.098602294921875000e+00
5.769439697265625000e+00
3.687835693359375000e+00
4.166961669921875000e+00
2.355438232421875000e+00
5.238739013671875000e+00
4.164215087890625000e+00
5.861602783203125000e+00
5.281158447265625000e+00
2.230926513671875000e+00
5.523468017578125000e+00
4.101043701171875000e+00
2.151580810546875000e+00
2.817779541015625000e+00
1.082244873046875000e+00
4.624725341796875000e+00
4.673248291015625000e+00
5.169769287109375000e+00
1.922393798828125000e+00
4.608551025390625000e+00
5.386444091796875000e+00
4.987579345703125000e+00
3.318572998046875000e+00
5.207916259765625000e+00
5.610137939453125000e+00
3.562713623046875000e+00
3.254180908203125000e+00
1.404815673828125000e+00
3.960662841796875000e+00
5.512176513671875000e+00
2.592254638671875000e+00
4.797149658203125000e+00
2.580963134765625000e+00
3.281036376953125000e+00
1.233001708984375000e+00
5.180145263671875000e+00
1.484771728515625000e+00
5.320526123046875000e+00
5.546356201171875000e+00
5.633026123046875000e+00
4.532257080078125000e+00
3.088470458984375000e+00
3.035675048828125000e+00
1.544586181640625000e+00
1.793609619140625000e+00
1.499420166015625000e+00
1.608062744140625000e+00
2.424713134765625000e+00
4.572540283203125000e+00
2.503448486328125000e+00
4.202972412109375000e+00
4.466339111328125000e+00
5.182891845703125000e+00
1.713348388671875000e+00
4.150482177734375000e+00
1.571746826171875000e+00
4.878326416015625000e+00
2.719207763671875000e+00
1.325775146484375000e+00
1.357513427734375000e+00
3.842864990234375000e+00
3.523956298828125000e+00
3.003936767578125000e+00
2.196746826171875000e+00
5.022674560546875000e+00
2.649932861328125000e+00
1.576629638671875000e+00
3.328338623046875000e+00
2.381683349609375000e+00
2.393890380859375000e+00
2.548309326171875000e+00
3.952117919921875000e+00
2.787872314453125000e+00
5.392852783203125000e+00
4.453826904296875000e+00
3.098846435546875000e+00
5.803009033203125000e+00
5.865570068359375000e+00
2.380462646484375000e+00
4.472442626953125000e+00
3.733612060546875000e+00
4.583831787109375000e+00
3.642364501953125000e+00
2.529388427734375000e+00
3.370147705078125000e+00
4.083648681640625000e+00
5.906158447265625000e+00
3.566986083984375000e+00
2.515350341796875000e+00
5.736175537109375000e+00
2.245880126953125000e+00
4.901214599609375000e+00
1.165252685546875000e+00
4.791351318359375000e+00
4.040618896484375000e+00
3.492828369140625000e+00
1.672454833984375000e+00
3.584075927734375000e+00
5.280548095703125000e+00
1.782928466796875000e+00
2.639556884765625000e+00
4.317718505859375000e+00
1.954742431640625000e+00
4.019256591796875000e+00
5.981842041015625000e+00
5.384307861328125000e+00
4.660736083984375000e+00
5.277191162109375000e+00
2.859588623046875000e+00
5.799652099609375000e+00
2.831512451171875000e+00
5.412078857421875000e+00
1.694732666015625000e+00
5.627227783203125000e+00
4.668670654296875000e+00
2.384735107421875000e+00
1.818939208984375000e+00
3.871856689453125000e+00
2.311492919921875000e+00
3.416229248046875000e+00
1.864715576171875000e+00
1.662384033203125000e+00
3.355499267578125000e+00
4.172149658203125000e+00
5.341278076171875000e+00
4.200531005859375000e+00
1.062408447265625000e+00
5.496612548828125000e+00
5.787139892578125000e+00
1.572052001953125000e+00
2.771392822265625000e+00
1.689849853515625000e+00
3.790985107421875000e+00
4.902130126953125000e+00
3.270965576171875000e+00
3.082672119140625000e+00
2.707611083984375000e+00
2.813507080078125000e+00
1.733184814453125000e+00
4.054656982421875000e+00
3.261810302734375000e+00
2.201324462890625000e+00
2.566925048828125000e+00
3.357635498046875000e+00
3.573089599609375000e+00
1.084075927734375000e+00
4.746185302734375000e+00
4.448333740234375000e+00
3.473907470703125000e+00
3.032928466796875000e+00
1.107269287109375000e+00
1.312957763671875000e+00
3.769317626953125000e+00
4.559417724609375000e+00
2.483001708984375000e+00
2.907501220703125000e+00
5.331512451171875000e+00
2.280059814453125000e+00
2.786346435546875000e+00
2.490631103515625000e+00
2.741790771484375000e+00
5.380340576171875000e+00
5.327239990234375000e+00
1.321197509765625000e+00
1.147857666015625000e+00
1.879364013671875000e+00
2.189727783203125000e+00
4.906097412109375000e+00
1.295257568359375000e+00
3.450103759765625000e+00
4.734588623046875000e+00
3.895355224609375000e+00
5.549102783203125000e+00
4.814849853515625000e+00
1.579986572265625000e+00
4.962554931640625000e+00
3.259063720703125000e+00
2.294708251953125000e+00
4.431854248046875000e+00
1.871429443359375000e+00
2.832122802734375000e+00
3.256011962890625000e+00
5.384002685546875000e+00
4.315887451171875000e+00
1.465240478515625000e+00
2.926422119140625000e+00
2.409759521484375000e+00
2.113433837890625000e+00
2.178436279296875000e+00
3.688751220703125000e+00
5.839630126953125000e+00
3.172698974609375000e+00
1.752105712890625000e+00
5.669036865234375000e+00
5.512481689453125000e+00
4.403778076171875000e+00
4.018646240234375000e+00
5.091644287109375000e+00
4.215789794921875000e+00
1.847015380859375000e+00
4.161773681640625000e+00
1.430450439453125000e+00
5.389495849609375000e+00
2.368255615234375000e+00
2.445465087890625000e+00
1.207672119140625000e+00
4.856048583984375000e+00
2.995697021484375000e+00
5.900665283203125000e+00
1.301055908203125000e+00
5.381256103515625000e+00
5.170989990234375000e+00
5.700469970703125000e+00
3.662200927734375000e+00
3.067718505859375000e+00
3.408905029296875000e+00
2.701507568359375000e+00
3.491912841796875000e+00
5.193878173828125000e+00
3.627410888671875000e+00
5.983673095703125000e+00
1.880279541015625000e+00
4.895416259765625000e+00
3.955169677734375000e+00
2.703948974609375000e+00
5.382171630859375000e+00
5.080047607421875000e+00
4.206329345703125000e+00
5.406890869140625000e+00
3.375946044921875000e+00
5.689483642578125000e+00
3.310943603515625000e+00
3.921600341796875000e+00
3.244720458984375000e+00
5.139556884765625000e+00
2.797332763671875000e+00
1.086822509765625000e+00
2.469879150390625000e+00
5.330902099609375000e+00
3.529144287109375000e+00
5.950103759765625000e+00
2.625518798828125000e+00
2.105804443359375000e+00
1.216827392578125000e+00
1.347442626953125000e+00
3.032623291015625000e+00
4.242034912109375000e+00
4.435821533203125000e+00
2.959991455078125000e+00
1.948028564453125000e+00
3.798919677734375000e+00
3.204437255859375000e+00
5.580841064453125000e+00
5.197845458984375000e+00
5.055633544921875000e+00
3.389373779296875000e+00
5.543304443359375000e+00
3.403717041015625000e+00
4.496551513671875000e+00
1.872650146484375000e+00
4.378143310546875000e+00
2.356353759765625000e+00
2.180267333984375000e+00
3.045135498046875000e+00
5.705047607421875000e+00
1.775604248046875000e+00
3.458038330078125000e+00
1.489349365234375000e+00
3.007293701171875000e+00
1.352935791015625000e+00
4.292694091796875000e+00
1.276031494140625000e+00
4.202667236328125000e+00
3.086944580078125000e+00
4.075103759765625000e+00
2.072540283203125000e+00
4.772430419921875000e+00
1.268096923828125000e+00
4.121185302734375000e+00
5.154510498046875000e+00
1.773468017578125000e+00
2.352386474609375000e+00
1.640716552734375000e+00
3.661895751953125000e+00
1.140228271484375000e+00
1.684051513671875000e+00
4.614654541015625000e+00
1.327911376953125000e+00
4.088226318359375000e+00
3.167816162109375000e+00
1.477447509765625000e+00
4.335418701171875000e+00
2.869964599609375000e+00
1.781097412109375000e+00
3.841339111328125000e+00
5.809722900390625000e+00
4.492279052734375000e+00
5.326934814453125000e+00
4.644561767578125000e+00
2.357269287109375000e+00
3.064666748046875000e+00
2.831207275390625000e+00
3.215423583984375000e+00
2.392059326171875000e+00
4.032379150390625000e+00
2.288604736328125000e+00
3.225189208984375000e+00
1.139923095703125000e+00
4.762969970703125000e+00
2.098785400390625000e+00
1.268707275390625000e+00
2.324920654296875000e+00
1.790863037109375000e+00
5.415435791015625000e+00
4.576507568359375000e+00
5.272308349609375000e+00
1.380096435546875000e+00
3.043914794921875000e+00
2.990203857421875000e+00
1.992584228515625000e+00
1.432586669921875000e+00
3.192230224609375000e+00
4.473968505859375000e+00
3.623748779296875000e+00
1.167694091796875000e+00
1.453338623046875000e+00
5.943389892578125000e+00
3.938079833984375000e+00
3.664947509765625000e+00
1.155181884765625000e+00
1.105438232421875000e+00
1.477142333984375000e+00
2.968231201171875000e+00
4.422088623046875000e+00
1.348358154296875000e+00
3.006072998046875000e+00
5.698944091796875000e+00
3.028656005859375000e+00
3.624053955078125000e+00
1.043487548828125000e+00
5.037322998046875000e+00
3.586212158203125000e+00
2.682586669921875000e+00
5.989776611328125000e+00
1.485076904296875000e+00
4.514862060546875000e+00
2.372222900390625000e+00
3.387542724609375000e+00
3.352142333984375000e+00
4.119964599609375000e+00
4.831634521484375000e+00
2.023712158203125000e+00
3.255401611328125000e+00
2.786041259765625000e+00
3.295074462890625000e+00
3.179107666015625000e+00
2.730804443359375000e+00
2.210784912109375000e+00
4.730010986328125000e+00
3.189483642578125000e+00
1.580902099609375000e+00
2.827239990234375000e+00
5.615020751953125000e+00
2.863250732421875000e+00
2.785125732421875000e+00
5.035797119140625000e+00
3.006378173828125000e+00
2.923980712890625000e+00
1.795440673828125000e+00
4.449859619140625000e+00
5.809417724609375000e+00
3.323150634765625000e+00
5.717254638671875000e+00
1.259246826171875000e+00
3.773284912109375000e+00
1.696563720703125000e+00
2.920928955078125000e+00
5.313507080078125000e+00
5.099273681640625000e+00
3.444000244140625000e+00
5.384613037109375000e+00
2.985626220703125000e+00
3.673797607421875000e+00
3.725982666015625000e+00
4.017425537109375000e+00
5.837188720703125000e+00
1.210113525390625000e+00
2.844329833984375000e+00
4.374786376953125000e+00
5.029693603515625000e+00
4.690948486328125000e+00
5.889068603515625000e+00
3.341766357421875000e+00
1.602874755859375000e+00
1.820770263671875000e+00
3.692718505859375000e+00
2.225128173828125000e+00
3.508697509765625000e+00
3.014923095703125000e+00
5.074554443359375000e+00
2.948394775390625000e+00
2.957550048828125000e+00
4.668975830078125000e+00
1.433502197265625000e+00
3.010345458984375000e+00
2.746978759765625000e+00
4.740692138671875000e+00
3.062225341796875000e+00
5.478302001953125000e+00
5.264678955078125000e+00
5.707489013671875000e+00
3.666168212890625000e+00
1.224151611328125000e+00
2.462860107421875000e+00
1.854644775390625000e+00
3.940521240234375000e+00
5.560089111328125000e+00
2.255950927734375000e+00
3.871246337890625000e+00
4.624420166015625000e+00
2.924896240234375000e+00
3.972869873046875000e+00
2.727752685546875000e+00
4.115997314453125000e+00
2.794891357421875000e+00
3.109527587890625000e+00
2.781768798828125000e+00
4.803863525390625000e+00
2.505889892578125000e+00
1.697784423828125000e+00
2.696624755859375000e+00
4.749237060546875000e+00
3.606964111328125000e+00
3.597808837890625000e+00
5.583892822265625000e+00
4.229217529296875000e+00
5.869537353515625000e+00
4.165130615234375000e+00
5.836883544921875000e+00
5.617767333984375000e+00
5.915008544921875000e+00
1.628814697265625000e+00
1.020599365234375000e+00
1.777740478515625000e+00
5.673004150390625000e+00
5.300079345703125000e+00
1.448455810546875000e+00
3.911224365234375000e+00
4.081207275390625000e+00
1.317840576171875000e+00
2.811065673828125000e+00
4.918914794921875000e+00
4.978118896484375000e+00
2.713714599609375000e+00
4.385162353515625000e+00
4.487396240234375000e+00
1.523223876953125000e+00
5.685516357421875000e+00
5.620208740234375000e+00
2.219329833984375000e+00
4.807830810546875000e+00
2.737518310546875000e+00
5.023284912109375000e+00
3.160186767578125000e+00
5.494781494140625000e+00
4.446502685546875000e+00
3.959136962890625000e+00
4.766326904296875000e+00
4.020782470703125000e+00
3.279815673828125000e+00
4.220062255859375000e+00
4.686676025390625000e+00
1.284271240234375000e+00
4.809661865234375000e+00
4.812408447265625000e+00
4.694305419921875000e+00
5.569549560546875000e+00
3.759857177734375000e+00
2.559295654296875000e+00
5.148712158203125000e+00
1.253753662109375000e+00
3.974090576171875000e+00
3.175750732421875000e+00
2.498260498046875000e+00
2.493377685546875000e+00
1.435028076171875000e+00
4.849945068359375000e+00
4.939666748046875000e+00
3.870635986328125000e+00
5.860076904296875000e+00
4.797454833984375000e+00
3.035064697265625000e+00
3.092132568359375000e+00
2.505584716796875000e+00
2.875762939453125000e+00
5.067230224609375000e+00
5.864349365234375000e+00
1.482635498046875000e+00
1.692901611328125000e+00
3.762298583984375000e+00
5.585113525390625000e+00
2.390838623046875000e+00
1.949859619140625000e+00
2.624908447265625000e+00
2.869354248046875000e+00
1.432281494140625000e+00
3.017059326171875000e+00
4.242340087890625000e+00
2.246795654296875000e+00
3.683258056640625000e+00
4.287506103515625000e+00
1.857086181640625000e+00
4.905487060546875000e+00
5.123992919921875000e+00
4.471527099609375000e+00
5.584503173828125000e+00
1.514984130859375000e+00
5.287872314453125000e+00
5.612884521484375000e+00
5.871978759765625000e+00
4.070831298828125000e+00
3.960968017578125000e+00
1.994415283203125000e+00
5.138336181640625000e+00
1.127716064453125000e+00
4.227996826171875000e+00
5.509429931640625000e+00
4.515777587890625000e+00
4.643035888671875000e+00
5.507598876953125000e+00
5.298858642578125000e+00
1.869293212890625000e+00
2.641082763671875000e+00
5.962310791015625000e+00
2.481170654296875000e+00
1.583648681640625000e+00
2.079559326171875000e+00
2.204071044921875000e+00
2.960906982421875000e+00
2.661834716796875000e+00
4.320465087890625000e+00
5.824371337890625000e+00
2.930389404296875000e+00
3.615814208984375000e+00
1.674285888671875000e+00
1.173492431640625000e+00
4.672637939453125000e+00
3.607269287109375000e+00
3.083892822265625000e+00
5.516448974609375000e+00
2.615142822265625000e+00
4.146514892578125000e+00
5.534149169921875000e+00
1.776519775390625000e+00
5.389190673828125000e+00
4.331756591796875000e+00
4.431549072265625000e+00
2.470794677734375000e+00
4.452911376953125000e+00
2.028900146484375000e+00
2.433258056640625000e+00
3.635955810546875000e+00
4.498077392578125000e+00
2.517181396484375000e+00
4.991546630859375000e+00
1.980987548828125000e+00
4.555145263671875000e+00
1.040435791015625000e+00
1.081634521484375000e+00
3.199554443359375000e+00
4.632659912109375000e+00
3.232818603515625000e+00
1.541839599609375000e+00
5.699859619140625000e+00
4.276824951171875000e+00
2.476898193359375000e+00
1.324859619140625000e+00
3.434844970703125000e+00
3.923126220703125000e+00
5.055938720703125000e+00
1.294036865234375000e+00
5.465484619140625000e+00
3.617034912109375000e+00
3.732696533203125000e+00
3.768402099609375000e+00
3.091217041015625000e+00
5.582366943359375000e+00
1.674591064453125000e+00
4.045806884765625000e+00
3.578277587890625000e+00
3.686004638671875000e+00
4.181915283203125000e+00
2.877593994140625000e+00
5.126129150390625000e+00
3.861785888671875000e+00
3.668914794921875000e+00
3.131195068359375000e+00
4.734893798828125000e+00
3.920074462890625000e+00
2.497650146484375000e+00
2.356658935546875000e+00
2.620330810546875000e+00
1.769500732421875000e+00
4.171844482421875000e+00
4.068695068359375000e+00
2.922149658203125000e+00
5.154205322265625000e+00
3.768096923828125000e+00
3.501373291015625000e+00
5.407806396484375000e+00
1.866851806640625000e+00
4.248443603515625000e+00
4.935699462890625000e+00
4.995513916015625000e+00
4.921051025390625000e+00
5.324188232421875000e+00
4.551483154296875000e+00
4.037261962890625000e+00
3.878265380859375000e+00
3.800140380859375000e+00
4.770904541015625000e+00
1.439910888671875000e+00
4.800201416015625000e+00
2.006317138671875000e+00
1.023345947265625000e+00
4.195953369140625000e+00
2.733245849609375000e+00
1.817413330078125000e+00
2.625213623046875000e+00
1.603485107421875000e+00
2.008148193359375000e+00
5.972076416015625000e+00
3.269134521484375000e+00
2.605987548828125000e+00
4.382110595703125000e+00
4.992156982421875000e+00
4.001556396484375000e+00
2.796722412109375000e+00
5.681549072265625000e+00
5.965057373046875000e+00
5.310150146484375000e+00
2.470489501953125000e+00
1.012664794921875000e+00
1.278778076171875000e+00
2.793365478515625000e+00
1.005950927734375000e+00
1.175628662109375000e+00
3.726898193359375000e+00
5.625701904296875000e+00
2.266632080078125000e+00
2.211395263671875000e+00
4.062286376953125000e+00
5.597320556640625000e+00
2.689910888671875000e+00
4.465118408203125000e+00
2.365814208984375000e+00
2.115570068359375000e+00
3.054901123046875000e+00
2.735382080078125000e+00
4.968048095703125000e+00
2.681671142578125000e+00
5.353790283203125000e+00
2.938323974609375000e+00
2.865997314453125000e+00
5.147491455078125000e+00
2.468658447265625000e+00
4.571014404296875000e+00
3.814178466796875000e+00
1.081939697265625000e+00
3.053680419921875000e+00
5.043121337890625000e+00
3.764739990234375000e+00
4.111724853515625000e+00
4.711090087890625000e+00
5.536285400390625000e+00
5.192047119140625000e+00
3.205963134765625000e+00
2.009368896484375000e+00
2.428680419921875000e+00
2.482696533203125000e+00
4.298187255859375000e+00
3.675323486328125000e+00
1.502471923828125000e+00
3.126617431640625000e+00
5.199066162109375000e+00
3.962799072265625000e+00
3.180633544921875000e+00
4.353118896484375000e+00
5.853057861328125000e+00
4.334197998046875000e+00
5.217987060546875000e+00
5.613189697265625000e+00
5.124298095703125000e+00
1.560150146484375000e+00
2.631317138671875000e+00
5.396820068359375000e+00
2.951751708984375000e+00
3.600250244140625000e+00
3.053375244140625000e+00
1.933074951171875000e+00
3.038116455078125000e+00
2.323394775390625000e+00
3.737884521484375000e+00
2.653594970703125000e+00
4.160858154296875000e+00
5.334869384765625000e+00
1.997161865234375000e+00
2.806793212890625000e+00
4.298492431640625000e+00
1.852508544921875000e+00
1.958709716796875000e+00
4.180084228515625000e+00
3.552947998046875000e+00
4.966217041015625000e+00
3.550811767578125000e+00
5.623260498046875000e+00
2.119842529296875000e+00
2.966094970703125000e+00
1.769805908203125000e+00
3.942047119140625000e+00
2.099700927734375000e+00
2.617889404296875000e+00
4.755340576171875000e+00
2.298370361328125000e+00
3.512969970703125000e+00
2.454315185546875000e+00
2.139373779296875000e+00
3.206573486328125000e+00
2.925201416015625000e+00
1.661773681640625000e+00
1.063629150390625000e+00
5.515228271484375000e+00
4.429107666015625000e+00
4.364715576171875000e+00
3.317352294921875000e+00
4.885345458984375000e+00
5.590606689453125000e+00
1.765533447265625000e+00
2.059417724609375000e+00
2.942901611328125000e+00
3.004241943359375000e+00
1.261688232421875000e+00
1.205230712890625000e+00
3.248077392578125000e+00
5.911956787109375000e+00
5.339752197265625000e+00
3.683563232421875000e+00
2.820831298828125000e+00
2.046905517578125000e+00
4.230743408203125000e+00
2.616973876953125000e+00
2.859283447265625000e+00
2.887664794921875000e+00
2.041717529296875000e+00
1.091400146484375000e+00
1.989837646484375000e+00
3.418670654296875000e+00
2.403045654296875000e+00
1.487823486328125000e+00
2.070098876953125000e+00
1.635833740234375000e+00
5.853973388671875000e+00
3.389068603515625000e+00
3.491607666015625000e+00
3.702484130859375000e+00
2.829376220703125000e+00
3.648773193359375000e+00
5.253692626953125000e+00
2.461639404296875000e+00
5.835968017578125000e+00
1.171356201171875000e+00
4.446807861328125000e+00
2.550445556640625000e+00
3.017974853515625000e+00
2.881561279296875000e+00
3.814483642578125000e+00
4.518524169921875000e+00
4.351287841796875000e+00
5.091339111328125000e+00
4.605194091796875000e+00
2.600494384765625000e+00
1.241851806640625000e+00
4.934173583984375000e+00
5.195098876953125000e+00
2.391754150390625000e+00
1.713958740234375000e+00
2.751861572265625000e+00
3.530364990234375000e+00
2.479949951171875000e+00
5.309539794921875000e+00
4.285369873046875000e+00
1.901031494140625000e+00
2.071319580078125000e+00
2.113739013671875000e+00
3.048492431640625000e+00
3.679290771484375000e+00
4.021087646484375000e+00
1.018157958984375000e+00
3.643890380859375000e+00
3.660675048828125000e+00
5.778289794921875000e+00
5.425506591796875000e+00
4.047637939453125000e+00
1.073089599609375000e+00
3.612457275390625000e+00
3.992706298828125000e+00
2.854400634765625000e+00
2.330108642578125000e+00
3.349700927734375000e+00
4.950958251953125000e+00
3.743988037109375000e+00
3.887725830078125000e+00
3.775115966796875000e+00
5.253082275390625000e+00
5.456634521484375000e+00
3.827301025390625000e+00
4.003997802734375000e+00
2.349639892578125000e+00
4.337554931640625000e+00
1.219573974609375000e+00
1.605316162109375000e+00
2.084442138671875000e+00
2.116485595703125000e+00
2.620635986328125000e+00
2.357879638671875000e+00
3.024383544921875000e+00
5.192352294921875000e+00
4.162994384765625000e+00
2.449737548828125000e+00
4.246917724609375000e+00
4.233184814453125000e+00
1.438690185546875000e+00
4.176422119140625000e+00
4.819122314453125000e+00
4.751373291015625000e+00
1.360260009765625000e+00
3.201995849609375000e+00
2.038665771484375000e+00
3.286834716796875000e+00
2.683197021484375000e+00
3.925262451171875000e+00
3.348480224609375000e+00
1.121612548828125000e+00
3.669525146484375000e+00
5.393463134765625000e+00
2.821746826171875000e+00
1.040740966796875000e+00
2.066436767578125000e+00
1.028228759765625000e+00
1.045928955078125000e+00
4.401947021484375000e+00
2.593475341796875000e+00
1.288543701171875000e+00
5.119415283203125000e+00
2.849212646484375000e+00
2.561126708984375000e+00
3.438507080078125000e+00
2.075897216796875000e+00
1.041046142578125000e+00
4.090057373046875000e+00
5.232940673828125000e+00
4.524627685546875000e+00
2.867523193359375000e+00
3.907257080078125000e+00
1.638580322265625000e+00
4.457489013671875000e+00
1.760650634765625000e+00
3.275543212890625000e+00
4.250885009765625000e+00
1.456695556640625000e+00
5.387359619140625000e+00
3.074127197265625000e+00
5.257965087890625000e+00
5.591827392578125000e+00
2.669158935546875000e+00
4.147125244140625000e+00
4.223724365234375000e+00
3.294769287109375000e+00
5.870147705078125000e+00
1.965423583984375000e+00
1.423126220703125000e+00
3.045440673828125000e+00
2.372528076171875000e+00
1.375518798828125000e+00
1.608673095703125000e+00
5.371795654296875000e+00
2.177825927734375000e+00
1.450592041015625000e+00
4.189849853515625000e+00
1.004730224609375000e+00
2.828765869140625000e+00
2.914520263671875000e+00
5.221343994140625000e+00
1.265655517578125000e+00
3.055511474609375000e+00
5.602203369140625000e+00
4.897857666015625000e+00
4.890228271484375000e+00
3.084503173828125000e+00
5.275665283203125000e+00
3.096405029296875000e+00
2.784210205078125000e+00
2.012725830078125000e+00
4.498687744140625000e+00
4.274993896484375000e+00
2.494903564453125000e+00
4.376312255859375000e+00
2.339263916015625000e+00
4.987884521484375000e+00
3.168731689453125000e+00
3.991790771484375000e+00
5.187774658203125000e+00
5.308319091796875000e+00
5.048004150390625000e+00
5.208221435546875000e+00
1.476837158203125000e+00
5.390411376953125000e+00
5.189605712890625000e+00
1.493621826171875000e+00
5.829559326171875000e+00
4.871307373046875000e+00
3.800445556640625000e+00
5.847564697265625000e+00
4.912506103515625000e+00
1.088958740234375000e+00
1.386199951171875000e+00
5.315948486328125000e+00
4.575592041015625000e+00
5.767608642578125000e+00
1.431976318359375000e+00
2.110992431640625000e+00
5.658660888671875000e+00
1.850067138671875000e+00
1.609893798828125000e+00
5.128570556640625000e+00
1.179901123046875000e+00
3.453765869140625000e+00
1.955352783203125000e+00
1.860748291015625000e+00
4.913116455078125000e+00
4.815460205078125000e+00
3.145843505859375000e+00
4.211822509765625000e+00
1.944061279296875000e+00
2.662750244140625000e+00
4.194427490234375000e+00
2.818389892578125000e+00
5.990081787109375000e+00
4.258819580078125000e+00
4.700714111328125000e+00
1.362396240234375000e+00
5.729156494140625000e+00
4.558807373046875000e+00
4.326263427734375000e+00
2.939544677734375000e+00
1.175933837890625000e+00
3.187347412109375000e+00
1.881195068359375000e+00
4.315582275390625000e+00
1.469512939453125000e+00
3.125701904296875000e+00
5.619903564453125000e+00
3.175445556640625000e+00
5.081878662109375000e+00
1.344390869140625000e+00
3.019805908203125000e+00
1.739898681640625000e+00
3.442474365234375000e+00
2.776275634765625000e+00
1.395355224609375000e+00
2.190643310546875000e+00
4.027801513671875000e+00
1.500640869140625000e+00
3.025909423828125000e+00
5.224395751953125000e+00
5.883880615234375000e+00
3.968597412109375000e+00
2.651763916015625000e+00
2.220855712890625000e+00
3.558135986328125000e+00
5.693756103515625000e+00
1.314788818359375000e+00
2.419525146484375000e+00
5.093475341796875000e+00
3.197418212890625000e+00
1.289459228515625000e+00
4.673858642578125000e+00
4.914947509765625000e+00
5.765472412109375000e+00
5.572906494140625000e+00
3.299346923828125000e+00
5.461822509765625000e+00
4.685150146484375000e+00
4.038482666015625000e+00
4.332366943359375000e+00
4.922576904296875000e+00
4.077239990234375000e+00
3.951812744140625000e+00
3.756195068359375000e+00
1.157012939453125000e+00
1.493927001953125000e+00
5.282989501953125000e+00
5.124908447265625000e+00
2.350555419921875000e+00
5.173736572265625000e+00
5.202728271484375000e+00
3.712554931640625000e+00
2.193389892578125000e+00
1.012969970703125000e+00
2.790313720703125000e+00
3.764129638671875000e+00
2.367034912109375000e+00
4.395538330078125000e+00
1.336151123046875000e+00
1.252838134765625000e+00
3.570648193359375000e+00
2.675567626953125000e+00
1.458526611328125000e+00
2.592559814453125000e+00
2.017608642578125000e+00
3.355804443359375000e+00
5.138946533203125000e+00
4.778533935546875000e+00
5.520416259765625000e+00
5.206390380859375000e+00
1.575408935546875000e+00
4.606719970703125000e+00
5.676971435546875000e+00
3.562103271484375000e+00
5.852752685546875000e+00
1.926971435546875000e+00
2.358489990234375000e+00
5.290924072265625000e+00
2.000823974609375000e+00
4.943023681640625000e+00
5.332733154296875000e+00
1.501861572265625000e+00
5.725494384765625000e+00
4.454742431640625000e+00
3.265167236328125000e+00
2.635284423828125000e+00
5.911346435546875000e+00
3.483673095703125000e+00
2.418609619140625000e+00
2.930694580078125000e+00
2.403656005859375000e+00
3.822418212890625000e+00
5.747772216796875000e+00
5.969940185546875000e+00
2.772003173828125000e+00
1.006866455078125000e+00
4.925933837890625000e+00
1.982818603515625000e+00
5.906768798828125000e+00
4.247222900390625000e+00
3.753448486328125000e+00
5.161834716796875000e+00
5.539642333984375000e+00
2.974029541015625000e+00
2.213226318359375000e+00
5.015350341796875000e+00
3.975616455078125000e+00
1.210418701171875000e+00
3.284088134765625000e+00
2.379547119140625000e+00
2.670684814453125000e+00
4.964691162109375000e+00
3.538299560546875000e+00
1.131378173828125000e+00
5.778594970703125000e+00
4.408966064453125000e+00
5.763946533203125000e+00
4.692474365234375000e+00
4.492584228515625000e+00
4.232574462890625000e+00
5.630889892578125000e+00
1.001068115234375000e+00
3.320709228515625000e+00
1.629730224609375000e+00
2.527862548828125000e+00
2.778106689453125000e+00
5.628753662109375000e+00
3.146453857421875000e+00
4.582000732421875000e+00
5.516754150390625000e+00
3.328643798828125000e+00
3.345733642578125000e+00
1.098419189453125000e+00
1.813446044921875000e+00
2.714019775390625000e+00
1.796051025390625000e+00
3.751007080078125000e+00
3.418365478515625000e+00
2.611175537109375000e+00
1.560760498046875000e+00
4.876495361328125000e+00
2.335906982421875000e+00
5.268341064453125000e+00
4.562164306640625000e+00
4.682098388671875000e+00
1.633697509765625000e+00
3.802581787109375000e+00
2.328277587890625000e+00
1.193939208984375000e+00
1.013885498046875000e+00
2.063385009765625000e+00
2.159210205078125000e+00
2.560516357421875000e+00
5.249420166015625000e+00
3.065887451171875000e+00
1.547332763671875000e+00
1.315399169921875000e+00
1.601959228515625000e+00
4.129425048828125000e+00
1.098724365234375000e+00
5.759674072265625000e+00
3.554168701171875000e+00
1.094451904296875000e+00
3.553558349609375000e+00
3.456817626953125000e+00
2.154022216796875000e+00
1.069732666015625000e+00
5.885711669921875000e+00
5.638519287109375000e+00
3.591705322265625000e+00
4.788299560546875000e+00
2.978302001953125000e+00
3.408599853515625000e+00
2.374053955078125000e+00
3.794647216796875000e+00
1.224761962890625000e+00
2.071929931640625000e+00
4.051605224609375000e+00
3.115936279296875000e+00
1.437164306640625000e+00
2.190948486328125000e+00
1.602264404296875000e+00
3.333221435546875000e+00
1.378875732421875000e+00
2.206207275390625000e+00
3.779693603515625000e+00
1.883026123046875000e+00
2.495208740234375000e+00
2.713104248046875000e+00
3.232513427734375000e+00
4.311920166015625000e+00
2.742401123046875000e+00
1.756072998046875000e+00
1.554656982421875000e+00
5.783172607421875000e+00
2.172943115234375000e+00
4.343963623046875000e+00
3.505950927734375000e+00
1.782623291015625000e+00
4.593292236328125000e+00
4.647308349609375000e+00
3.775726318359375000e+00
4.904571533203125000e+00
1.651092529296875000e+00
2.806182861328125000e+00
2.095428466796875000e+00
3.313385009765625000e+00
4.834075927734375000e+00
5.320831298828125000e+00
4.460845947265625000e+00
3.730865478515625000e+00
5.476776123046875000e+00
2.064300537109375000e+00
4.347625732421875000e+00
2.828460693359375000e+00
2.600189208984375000e+00
4.159332275390625000e+00
3.699432373046875000e+00
4.753204345703125000e+00
2.949615478515625000e+00
4.809356689453125000e+00
4.410186767578125000e+00
1.352020263671875000e+00
3.350921630859375000e+00
2.537322998046875000e+00
3.024078369140625000e+00
4.212127685546875000e+00
5.850921630859375000e+00
3.753753662109375000e+00
2.668243408203125000e+00
1.627593994140625000e+00
3.711334228515625000e+00
2.392669677734375000e+00
4.479461669921875000e+00
3.659759521484375000e+00
4.480072021484375000e+00
1.548248291015625000e+00
3.703094482421875000e+00
2.396331787109375000e+00
2.635894775390625000e+00
2.175079345703125000e+00
1.128936767578125000e+00
3.704010009765625000e+00
3.354583740234375000e+00
2.694183349609375000e+00
4.082733154296875000e+00
1.044097900390625000e+00
1.641021728515625000e+00
3.184906005859375000e+00
2.452178955078125000e+00
5.396514892578125000e+00
4.235321044921875000e+00
4.654022216796875000e+00
4.523406982421875000e+00
4.771514892578125000e+00
5.440155029296875000e+00
5.512786865234375000e+00
2.020660400390625000e+00
2.684112548828125000e+00
3.628326416015625000e+00
1.788726806640625000e+00
5.544830322265625000e+00
3.514190673828125000e+00
2.226654052734375000e+00
4.564300537109375000e+00
5.593963623046875000e+00
3.706756591796875000e+00
3.114715576171875000e+00
3.233123779296875000e+00
5.196014404296875000e+00
2.481475830078125000e+00
1.215301513671875000e+00
3.044525146484375000e+00
2.792144775390625000e+00
1.558319091796875000e+00
2.467132568359375000e+00
4.015594482421875000e+00
1.059967041015625000e+00
1.598602294921875000e+00
4.763580322265625000e+00
4.130950927734375000e+00
2.752471923828125000e+00
1.772857666015625000e+00
3.787017822265625000e+00
1.613250732421875000e+00
4.696136474609375000e+00
2.293182373046875000e+00
5.336700439453125000e+00
2.753692626953125000e+00
2.551055908203125000e+00
5.888763427734375000e+00
4.260040283203125000e+00
3.657318115234375000e+00
2.838531494140625000e+00
4.325958251953125000e+00
5.930572509765625000e+00
4.564605712890625000e+00
2.109771728515625000e+00
1.131683349609375000e+00
1.888519287109375000e+00
1.030670166015625000e+00
5.655609130859375000e+00
2.970062255859375000e+00
5.859161376953125000e+00
1.423431396484375000e+00
1.034942626953125000e+00
1.891265869140625000e+00
1.980377197265625000e+00
4.744354248046875000e+00
2.789093017578125000e+00
1.989227294921875000e+00
2.495513916015625000e+00
4.615570068359375000e+00
2.721954345703125000e+00
5.459381103515625000e+00
2.977386474609375000e+00
3.770233154296875000e+00
4.622589111328125000e+00
5.037628173828125000e+00
3.750701904296875000e+00
2.947784423828125000e+00
2.739349365234375000e+00
2.575469970703125000e+00
2.147918701171875000e+00
3.103729248046875000e+00
5.901275634765625000e+00
5.162445068359375000e+00
1.766448974609375000e+00
2.835174560546875000e+00
2.514739990234375000e+00
3.363739013671875000e+00
2.943817138671875000e+00
4.239593505859375000e+00
4.661346435546875000e+00
3.230072021484375000e+00
2.784515380859375000e+00
4.379364013671875000e+00
4.702850341796875000e+00
2.352081298828125000e+00
3.649383544921875000e+00
2.954498291015625000e+00
5.549407958984375000e+00
5.275360107421875000e+00
1.749359130859375000e+00
3.432708740234375000e+00
5.997406005859375000e+00
3.071990966796875000e+00
5.752655029296875000e+00
1.909271240234375000e+00
5.873504638671875000e+00
4.786468505859375000e+00
2.884307861328125000e+00
3.169952392578125000e+00
1.677337646484375000e+00
5.183197021484375000e+00
5.495697021484375000e+00
3.079010009765625000e+00
4.106536865234375000e+00
3.846527099609375000e+00
3.066802978515625000e+00
2.012115478515625000e+00
1.567169189453125000e+00
3.856292724609375000e+00
2.027679443359375000e+00
1.337066650390625000e+00
2.155548095703125000e+00
2.749420166015625000e+00
5.821014404296875000e+00
3.208709716796875000e+00
2.291046142578125000e+00
2.178741455078125000e+00
4.275909423828125000e+00
2.705474853515625000e+00
1.388641357421875000e+00
2.082916259765625000e+00
2.978607177734375000e+00
3.675933837890625000e+00
4.777923583984375000e+00
3.369232177734375000e+00
5.153594970703125000e+00
4.044586181640625000e+00
1.182342529296875000e+00
1.236968994140625000e+00
5.066925048828125000e+00
2.238861083984375000e+00
5.773712158203125000e+00
4.894805908203125000e+00
1.867156982421875000e+00
5.190216064453125000e+00
2.292266845703125000e+00
4.901824951171875000e+00
4.166351318359375000e+00
2.222076416015625000e+00
1.415496826171875000e+00
4.161468505859375000e+00
1.413665771484375000e+00
3.126007080078125000e+00
4.354949951171875000e+00
4.975982666015625000e+00
5.797821044921875000e+00
4.308868408203125000e+00
3.001190185546875000e+00
5.420623779296875000e+00
5.956512451171875000e+00
2.877899169921875000e+00
5.435272216796875000e+00
3.283477783203125000e+00
4.782806396484375000e+00
5.130096435546875000e+00
3.120513916015625000e+00
1.427093505859375000e+00
2.551971435546875000e+00
5.840240478515625000e+00
4.484954833984375000e+00
2.861419677734375000e+00
1.084381103515625000e+00
4.258209228515625000e+00
4.150787353515625000e+00
1.069427490234375000e+00
2.006622314453125000e+00
5.228363037109375000e+00
1.985260009765625000e+00
1.120086669921875000e+00
1.236663818359375000e+00
5.528045654296875000e+00
3.617340087890625000e+00
1.808563232421875000e+00
2.003570556640625000e+00
3.804107666015625000e+00
4.683013916015625000e+00
5.513397216796875000e+00
2.211090087890625000e+00
2.349334716796875000e+00
2.538848876953125000e+00
1.893096923828125000e+00
3.367401123046875000e+00
4.463592529296875000e+00
3.925872802734375000e+00
3.961273193359375000e+00
5.018402099609375000e+00
3.538604736328125000e+00
3.198333740234375000e+00
4.983612060546875000e+00
3.006683349609375000e+00
5.851531982421875000e+00
2.292572021484375000e+00
3.994232177734375000e+00
5.823150634765625000e+00
4.882904052734375000e+00
2.260833740234375000e+00
2.510467529296875000e+00
4.174285888671875000e+00
1.343170166015625000e+00
5.221038818359375000e+00
2.939849853515625000e+00
4.622894287109375000e+00
2.176300048828125000e+00
2.855010986328125000e+00
5.581451416015625000e+00
4.086700439453125000e+00
1.968780517578125000e+00
4.808135986328125000e+00
5.246063232421875000e+00
4.530731201171875000e+00
2.103668212890625000e+00
2.998443603515625000e+00
2.170501708984375000e+00
5.820404052734375000e+00
4.899078369140625000e+00
2.359405517578125000e+00
3.411041259765625000e+00
4.209991455078125000e+00
2.549835205078125000e+00
1.151214599609375000e+00
4.294219970703125000e+00
4.590850830078125000e+00
4.821258544921875000e+00
3.714691162109375000e+00
1.979156494140625000e+00
4.319854736328125000e+00
4.146820068359375000e+00
3.787933349609375000e+00
3.815399169921875000e+00
4.014068603515625000e+00
3.873382568359375000e+00
4.573455810546875000e+00
2.924591064453125000e+00
5.052886962890625000e+00
5.828033447265625000e+00
2.796417236328125000e+00
5.774627685546875000e+00
1.924530029296875000e+00
4.378448486328125000e+00
5.269561767578125000e+00
1.490570068359375000e+00
1.729217529296875000e+00
1.873260498046875000e+00
1.585479736328125000e+00
1.446929931640625000e+00
1.319976806640625000e+00
5.318389892578125000e+00
4.175506591796875000e+00
1.380706787109375000e+00
2.511688232421875000e+00
1.068817138671875000e+00
3.284698486328125000e+00
2.541900634765625000e+00
3.732391357421875000e+00
4.471832275390625000e+00
5.134979248046875000e+00
1.527191162109375000e+00
2.037445068359375000e+00
4.801116943359375000e+00
5.163665771484375000e+00
1.003814697265625000e+00
3.424468994140625000e+00
5.157562255859375000e+00
1.381317138671875000e+00
5.215240478515625000e+00
5.658966064453125000e+00
2.126251220703125000e+00
3.871551513671875000e+00
5.484710693359375000e+00
2.720123291015625000e+00
3.163543701171875000e+00
2.399078369140625000e+00
4.240509033203125000e+00
2.737823486328125000e+00
2.576080322265625000e+00
5.280242919921875000e+00
3.275848388671875000e+00
2.127777099609375000e+00
3.242279052734375000e+00
2.836395263671875000e+00
4.727569580078125000e+00
4.962860107421875000e+00
4.556671142578125000e+00
3.679595947265625000e+00
1.914764404296875000e+00
4.585357666015625000e+00
2.416778564453125000e+00
1.591278076171875000e+00
4.936920166015625000e+00
5.843597412109375000e+00
5.514312744140625000e+00
2.216278076171875000e+00
5.029998779296875000e+00
4.262481689453125000e+00
5.699249267578125000e+00
3.022247314453125000e+00
4.746490478515625000e+00
3.909393310546875000e+00
3.250823974609375000e+00
1.849761962890625000e+00
2.259307861328125000e+00
5.040985107421875000e+00
5.076080322265625000e+00
3.779083251953125000e+00
3.360992431640625000e+00
4.545074462890625000e+00
1.364532470703125000e+00
3.910614013671875000e+00
1.023040771484375000e+00
1.152130126953125000e+00
2.601104736328125000e+00
1.506439208984375000e+00
4.292999267578125000e+00
5.285125732421875000e+00
2.251678466796875000e+00
1.509796142578125000e+00
2.229400634765625000e+00
2.528778076171875000e+00
5.366912841796875000e+00
1.542449951171875000e+00
1.621185302734375000e+00
3.569427490234375000e+00
2.028289794921875000e+00
4.931121826171875000e+00
3.193145751953125000e+00
2.468963623046875000e+00
5.990997314453125000e+00
5.119720458984375000e+00
1.397186279296875000e+00
1.143890380859375000e+00
3.221527099609375000e+00
4.612213134765625000e+00
3.290496826171875000e+00
3.585906982421875000e+00
2.888275146484375000e+00
3.025604248046875000e+00
2.532440185546875000e+00
1.055389404296875000e+00
1.311737060546875000e+00
4.306732177734375000e+00
3.651519775390625000e+00
3.022857666015625000e+00
2.985931396484375000e+00
2.450042724609375000e+00
5.993743896484375000e+00
4.608245849609375000e+00
3.187652587890625000e+00
4.581085205078125000e+00
5.907073974609375000e+00
3.665863037109375000e+00
3.385711669921875000e+00
1.010223388671875000e+00
2.822052001953125000e+00
2.817474365234375000e+00
2.079864501953125000e+00
1.181427001953125000e+00
2.544036865234375000e+00
4.046722412109375000e+00
3.311859130859375000e+00
3.189178466796875000e+00
4.726348876953125000e+00
5.186553955078125000e+00
4.541717529296875000e+00
3.619781494140625000e+00
3.969818115234375000e+00
1.000152587890625000e+00
5.002532958984375000e+00
1.984344482421875000e+00
1.649566650390625000e+00
4.698272705078125000e+00
4.405303955078125000e+00
4.471221923828125000e+00
4.061065673828125000e+00
2.413726806640625000e+00
2.446380615234375000e+00
4.649444580078125000e+00
2.485443115234375000e+00
3.999114990234375000e+00
4.339691162109375000e+00
4.919525146484375000e+00
4.910980224609375000e+00
3.743377685546875000e+00
3.014617919921875000e+00
5.753570556640625000e+00
2.102447509765625000e+00
3.269439697265625000e+00
5.263458251953125000e+00
5.271087646484375000e+00
3.824554443359375000e+00
5.074859619140625000e+00
5.077911376953125000e+00
5.207611083984375000e+00
5.766387939453125000e+00
4.160552978515625000e+00
3.603607177734375000e+00
3.049407958984375000e+00
2.566009521484375000e+00
1.035858154296875000e+00
4.662872314453125000e+00
3.421112060546875000e+00
1.709686279296875000e+00
3.026824951171875000e+00
3.292633056640625000e+00
1.280303955078125000e+00
4.102569580078125000e+00
3.545318603515625000e+00
3.386932373046875000e+00
2.320953369140625000e+00
3.646942138671875000e+00
2.729888916015625000e+00
5.814910888671875000e+00
3.703399658203125000e+00
5.232635498046875000e+00
1.964508056640625000e+00
2.021881103515625000e+00
5.397125244140625000e+00
1.092315673828125000e+00
2.184234619140625000e+00
3.678985595703125000e+00
3.849578857421875000e+00
4.849029541015625000e+00
1.808868408203125000e+00
4.432464599609375000e+00
2.536102294921875000e+00
5.250030517578125000e+00
4.376007080078125000e+00
3.569122314453125000e+00
4.657379150390625000e+00
5.952545166015625000e+00
3.201080322265625000e+00
3.144012451171875000e+00
4.153839111328125000e+00
4.110809326171875000e+00
1.419158935546875000e+00
4.761138916015625000e+00
2.851043701171875000e+00
2.906585693359375000e+00
1.425262451171875000e+00
2.997528076171875000e+00
2.833953857421875000e+00
4.941192626953125000e+00
1.792999267578125000e+00
3.272796630859375000e+00
4.300018310546875000e+00
1.670928955078125000e+00
4.158111572265625000e+00
3.217559814453125000e+00
2.544647216796875000e+00
2.416473388671875000e+00
2.244049072265625000e+00
5.923858642578125000e+00
5.293365478515625000e+00
2.442413330078125000e+00
3.777557373046875000e+00
4.898773193359375000e+00
2.170196533203125000e+00
2.236724853515625000e+00
1.610809326171875000e+00
4.797760009765625000e+00
1.881805419921875000e+00
5.747161865234375000e+00
5.974212646484375000e+00
5.287261962890625000e+00
2.581268310546875000e+00
5.660186767578125000e+00
1.323944091796875000e+00
5.695587158203125000e+00
5.460601806640625000e+00
5.064178466796875000e+00
3.721405029296875000e+00
5.485626220703125000e+00
5.673614501953125000e+00
4.460235595703125000e+00
4.387298583984375000e+00
2.456146240234375000e+00
1.588226318359375000e+00
2.936798095703125000e+00
3.297821044921875000e+00
5.528656005859375000e+00
5.340667724609375000e+00
5.051361083984375000e+00
4.569488525390625000e+00
4.010101318359375000e+00
3.393035888671875000e+00
5.107818603515625000e+00
3.234344482421875000e+00
4.676300048828125000e+00
4.341522216796875000e+00
3.058258056640625000e+00
4.499603271484375000e+00
5.484100341796875000e+00
5.888153076171875000e+00
3.929229736328125000e+00
1.362701416015625000e+00
2.042022705078125000e+00
1.724334716796875000e+00
1.304412841796875000e+00
4.844757080078125000e+00
5.138641357421875000e+00
5.065704345703125000e+00
4.206024169921875000e+00
3.630462646484375000e+00
1.075531005859375000e+00
3.687225341796875000e+00
1.217742919921875000e+00
3.625274658203125000e+00
5.963531494140625000e+00
3.936248779296875000e+00
1.897369384765625000e+00
1.689239501953125000e+00
3.321624755859375000e+00
2.727142333984375000e+00
2.688690185546875000e+00
1.015106201171875000e+00
1.954437255859375000e+00
3.171173095703125000e+00
1.183258056640625000e+00
4.365020751953125000e+00
1.536956787109375000e+00
1.231170654296875000e+00
4.860321044921875000e+00
3.991180419921875000e+00
3.749786376953125000e+00
3.202301025390625000e+00
4.776092529296875000e+00
5.583282470703125000e+00
4.928680419921875000e+00
2.638336181640625000e+00
1.442962646484375000e+00
4.872528076171875000e+00
1.561065673828125000e+00
1.094146728515625000e+00
1.929107666015625000e+00
1.283355712890625000e+00
5.187469482421875000e+00
3.136688232421875000e+00
5.846038818359375000e+00
1.088043212890625000e+00
3.362518310546875000e+00
4.654327392578125000e+00
3.461090087890625000e+00
1.713043212890625000e+00
2.548004150390625000e+00
4.906707763671875000e+00
5.441986083984375000e+00
5.521636962890625000e+00
1.471038818359375000e+00
1.293121337890625000e+00
2.639251708984375000e+00
3.589263916015625000e+00
5.095611572265625000e+00
5.881439208984375000e+00
5.339447021484375000e+00
5.458160400390625000e+00
4.190155029296875000e+00
2.842193603515625000e+00
1.723114013671875000e+00
1.937957763671875000e+00
5.639129638671875000e+00
1.316619873046875000e+00
5.893341064453125000e+00
3.209625244140625000e+00
2.890411376953125000e+00
3.604217529296875000e+00
1.856475830078125000e+00
5.824066162109375000e+00
3.848663330078125000e+00
3.100982666015625000e+00
3.886505126953125000e+00
2.874542236328125000e+00
2.109466552734375000e+00
4.971405029296875000e+00
3.270355224609375000e+00
2.623382568359375000e+00
4.278045654296875000e+00
1.836639404296875000e+00
2.865081787109375000e+00
5.179229736328125000e+00
5.965667724609375000e+00
5.536590576171875000e+00
1.214691162109375000e+00
2.862030029296875000e+00
4.635406494140625000e+00
1.585174560546875000e+00
1.687103271484375000e+00
3.463531494140625000e+00
1.110321044921875000e+00
1.547943115234375000e+00
5.317779541015625000e+00
3.099456787109375000e+00
1.277557373046875000e+00
4.072052001953125000e+00
1.886383056640625000e+00
2.446685791015625000e+00
3.570953369140625000e+00
2.227874755859375000e+00
1.287628173828125000e+00
4.195037841796875000e+00
1.838775634765625000e+00
2.677398681640625000e+00
4.717803955078125000e+00
3.506866455078125000e+00
3.042694091796875000e+00
3.191925048828125000e+00
1.355377197265625000e+00
5.884796142578125000e+00
1.106658935546875000e+00
5.455413818359375000e+00
4.545684814453125000e+00
5.174041748046875000e+00
3.714080810546875000e+00
4.496856689453125000e+00
5.131317138671875000e+00
4.736724853515625000e+00
3.610931396484375000e+00
2.441192626953125000e+00
3.503509521484375000e+00
5.490509033203125000e+00
5.378814697265625000e+00
1.016937255859375000e+00
3.546234130859375000e+00
2.305694580078125000e+00
5.535369873046875000e+00
2.542205810546875000e+00
2.604156494140625000e+00
5.596099853515625000e+00
3.163848876953125000e+00
4.805389404296875000e+00
2.097564697265625000e+00
1.445098876953125000e+00
1.726165771484375000e+00
5.746856689453125000e+00
4.761444091796875000e+00
4.954010009765625000e+00
5.826507568359375000e+00
1.285491943359375000e+00
5.445343017578125000e+00
5.164886474609375000e+00
4.576202392578125000e+00
4.205413818359375000e+00
5.525299072265625000e+00
2.242828369140625000e+00
5.112396240234375000e+00
2.252288818359375000e+00
1.210723876953125000e+00
2.846160888671875000e+00
3.171783447265625000e+00
4.030548095703125000e+00
3.152557373046875000e+00
1.863800048828125000e+00
1.478973388671875000e+00
5.068756103515625000e+00
2.110687255859375000e+00
3.123870849609375000e+00
5.975128173828125000e+00
1.543670654296875000e+00
2.128692626953125000e+00
2.766204833984375000e+00
3.937469482421875000e+00
5.294891357421875000e+00
4.224639892578125000e+00
2.161346435546875000e+00
1.403594970703125000e+00
4.501129150390625000e+00
2.805267333984375000e+00
2.217803955078125000e+00
1.652923583984375000e+00
5.784698486328125000e+00
1.834503173828125000e+00
3.518463134765625000e+00
3.488555908203125000e+00
1.211029052734375000e+00
4.279266357421875000e+00
2.844635009765625000e+00
3.642974853515625000e+00
1.813751220703125000e+00
1.260772705078125000e+00
2.281280517578125000e+00
5.724578857421875000e+00
4.993072509765625000e+00
2.834259033203125000e+00
5.609222412109375000e+00
2.212310791015625000e+00
3.322845458984375000e+00
2.741485595703125000e+00
4.296356201171875000e+00
4.862152099609375000e+00
2.964569091796875000e+00
1.600738525390625000e+00
5.754486083984375000e+00
2.557769775390625000e+00
5.430084228515625000e+00
4.547821044921875000e+00
3.859954833984375000e+00
1.254669189453125000e+00
2.699066162109375000e+00
4.380279541015625000e+00
2.366424560546875000e+00
5.228973388671875000e+00
2.743316650390625000e+00
4.071441650390625000e+00
1.252227783203125000e+00
1.833892822265625000e+00
4.578643798828125000e+00
1.582427978515625000e+00
5.682769775390625000e+00
2.870880126953125000e+00
3.340545654296875000e+00
4.955230712890625000e+00
4.508758544921875000e+00
2.456756591796875000e+00
1.706329345703125000e+00
4.461151123046875000e+00
4.802337646484375000e+00
2.811370849609375000e+00
5.531097412109375000e+00
1.389251708984375000e+00
4.887481689453125000e+00
1.153656005859375000e+00
2.985321044921875000e+00
5.745330810546875000e+00
1.911407470703125000e+00
1.748748779296875000e+00
2.406402587890625000e+00
3.364654541015625000e+00
4.525848388671875000e+00
4.568572998046875000e+00
1.135040283203125000e+00
3.673187255859375000e+00
5.605560302734375000e+00
4.114471435546875000e+00
2.083831787109375000e+00
2.879425048828125000e+00
1.504302978515625000e+00
4.101348876953125000e+00
4.699188232421875000e+00
5.761199951171875000e+00
4.085174560546875000e+00
5.274444580078125000e+00
3.301177978515625000e+00
2.581573486328125000e+00
5.973602294921875000e+00
1.558624267578125000e+00
4.268890380859375000e+00
4.323516845703125000e+00
5.010467529296875000e+00
1.101470947265625000e+00
1.096282958984375000e+00
1.464935302734375000e+00
2.138458251953125000e+00
1.912628173828125000e+00
2.397247314453125000e+00
4.693084716796875000e+00
2.329193115234375000e+00
1.161590576171875000e+00
2.584930419921875000e+00
2.873931884765625000e+00
4.810272216796875000e+00
4.930511474609375000e+00
1.126190185546875000e+00
4.183135986328125000e+00
2.782684326171875000e+00
5.726715087890625000e+00
3.270050048828125000e+00
1.384979248046875000e+00
1.888214111328125000e+00
4.600921630859375000e+00
5.250946044921875000e+00
1.595550537109375000e+00
3.917022705078125000e+00
3.778167724609375000e+00
1.255584716796875000e+00
4.881988525390625000e+00
5.361419677734375000e+00
3.114105224609375000e+00
1.879669189453125000e+00
4.729095458984375000e+00
4.099517822265625000e+00
5.435577392578125000e+00
4.269805908203125000e+00
2.614227294921875000e+00
5.505767822265625000e+00
2.112518310546875000e+00
4.738861083984375000e+00
3.847137451171875000e+00
4.324737548828125000e+00
4.946075439453125000e+00
1.721282958984375000e+00
3.505035400390625000e+00
3.129364013671875000e+00
5.167022705078125000e+00
2.585540771484375000e+00
1.596771240234375000e+00
5.532318115234375000e+00
4.282012939453125000e+00
2.225433349609375000e+00
3.344512939453125000e+00
2.823577880859375000e+00
3.227020263671875000e+00
4.266754150390625000e+00
3.698211669921875000e+00
4.211212158203125000e+00
4.677215576171875000e+00
1.297698974609375000e+00
3.844085693359375000e+00
2.489715576171875000e+00
4.296661376953125000e+00
4.307037353515625000e+00
5.864654541015625000e+00
1.940704345703125000e+00
1.776824951171875000e+00
1.455474853515625000e+00
4.337249755859375000e+00
2.144866943359375000e+00
3.476348876953125000e+00
2.913909912109375000e+00
1.293426513671875000e+00
2.298675537109375000e+00
1.388031005859375000e+00
2.683807373046875000e+00
3.132110595703125000e+00
3.341156005859375000e+00
1.454254150390625000e+00
3.709197998046875000e+00
1.447845458984375000e+00
2.665802001953125000e+00
2.420135498046875000e+00
5.201202392578125000e+00
2.660003662109375000e+00
5.878997802734375000e+00
3.080535888671875000e+00
2.922760009765625000e+00
5.398345947265625000e+00
2.744842529296875000e+00
1.307464599609375000e+00
3.169036865234375000e+00
5.967803955078125000e+00
4.585052490234375000e+00
3.231292724609375000e+00
5.357147216796875000e+00
4.581695556640625000e+00
2.689300537109375000e+00
2.462554931640625000e+00
4.662261962890625000e+00
4.861236572265625000e+00
5.895477294921875000e+00
3.482757568359375000e+00
2.796112060546875000e+00
1.682525634765625000e+00
4.098297119140625000e+00
1.976104736328125000e+00
4.126678466796875000e+00
1.680694580078125000e+00
5.780731201171875000e+00
3.622528076171875000e+00
3.600555419921875000e+00
3.218170166015625000e+00
5.163055419921875000e+00
4.106842041015625000e+00
1.574493408203125000e+00
1.898895263671875000e+00
1.049285888671875000e+00
5.236907958984375000e+00
4.496246337890625000e+00
3.108917236328125000e+00
5.881744384765625000e+00
5.571380615234375000e+00
2.411285400390625000e+00
4.633880615234375000e+00
2.225738525390625000e+00
1.897064208984375000e+00
1.027923583984375000e+00
2.878204345703125000e+00
1.554046630859375000e+00
1.382537841796875000e+00
3.761383056640625000e+00
5.246673583984375000e+00
5.175872802734375000e+00
5.812469482421875000e+00
1.841217041015625000e+00
2.578826904296875000e+00
1.482940673828125000e+00
1.452728271484375000e+00
2.981658935546875000e+00
1.547027587890625000e+00
3.572784423828125000e+00
5.154815673828125000e+00
1.552825927734375000e+00
4.751678466796875000e+00
2.749725341796875000e+00
2.263580322265625000e+00
2.679840087890625000e+00
4.215484619140625000e+00
5.921722412109375000e+00
2.125030517578125000e+00
1.693206787109375000e+00
1.393218994140625000e+00
1.930328369140625000e+00
2.268157958984375000e+00
1.590972900390625000e+00
1.117645263671875000e+00
1.755767822265625000e+00
3.138214111328125000e+00
5.661102294921875000e+00
2.744537353515625000e+00
5.212493896484375000e+00
5.145660400390625000e+00
1.520477294921875000e+00
3.036590576171875000e+00
2.334381103515625000e+00
5.723358154296875000e+00
2.643829345703125000e+00
1.330352783203125000e+00
3.590789794921875000e+00
4.717498779296875000e+00
4.640899658203125000e+00
3.289886474609375000e+00
2.272125244140625000e+00
4.619842529296875000e+00
1.365142822265625000e+00
2.913604736328125000e+00
1.519561767578125000e+00
4.300933837890625000e+00
5.658050537109375000e+00
1.934600830078125000e+00
1.447540283203125000e+00
3.942962646484375000e+00
5.576263427734375000e+00
2.220550537109375000e+00
4.549652099609375000e+00
4.821563720703125000e+00
1.233917236328125000e+00
5.016876220703125000e+00
1.695037841796875000e+00
4.100128173828125000e+00
3.195281982421875000e+00
2.265716552734375000e+00
2.519927978515625000e+00
2.061859130859375000e+00
2.074371337890625000e+00
2.712188720703125000e+00
2.315765380859375000e+00
2.605072021484375000e+00
3.887115478515625000e+00
5.316253662109375000e+00
2.544952392578125000e+00
3.160797119140625000e+00
5.214324951171875000e+00
1.858306884765625000e+00
2.188201904296875000e+00
5.059906005859375000e+00
5.558563232421875000e+00
4.336029052734375000e+00
1.577850341796875000e+00
2.533660888671875000e+00
1.051116943359375000e+00
5.342803955078125000e+00
5.949493408203125000e+00
4.556365966796875000e+00
5.529266357421875000e+00
5.092864990234375000e+00
3.560272216796875000e+00
1.679473876953125000e+00
4.980255126953125000e+00
1.853118896484375000e+00
4.658294677734375000e+00
3.425689697265625000e+00
3.606658935546875000e+00
5.927825927734375000e+00
1.254058837890625000e+00
2.278228759765625000e+00
4.675384521484375000e+00
1.056304931640625000e+00
3.020721435546875000e+00
3.696075439453125000e+00
4.571624755859375000e+00
5.759063720703125000e+00
5.058074951171875000e+00
4.455352783203125000e+00
5.792327880859375000e+00
3.158966064453125000e+00
3.841644287109375000e+00
4.567657470703125000e+00
3.990264892578125000e+00
5.971466064453125000e+00
5.776458740234375000e+00
5.306793212890625000e+00
3.225494384765625000e+00
4.755645751953125000e+00
2.015777587890625000e+00
3.454376220703125000e+00
5.941558837890625000e+00
5.846649169921875000e+00
4.140106201171875000e+00
2.258392333984375000e+00
1.656890869140625000e+00
5.061431884765625000e+00
1.736846923828125000e+00
5.399261474609375000e+00
5.848175048828125000e+00
3.775421142578125000e+00
4.064422607421875000e+00
2.602935791015625000e+00
2.605682373046875000e+00
4.274383544921875000e+00
2.403350830078125000e+00
4.093414306640625000e+00
2.618804931640625000e+00
3.342376708984375000e+00
3.130584716796875000e+00
1.747833251953125000e+00
5.780426025390625000e+00
2.504974365234375000e+00
2.092376708984375000e+00
1.283050537109375000e+00
2.005096435546875000e+00
5.940948486328125000e+00
4.302764892578125000e+00
1.008392333984375000e+00
2.386871337890625000e+00
4.293914794921875000e+00
5.976348876953125000e+00
1.149688720703125000e+00
1.626678466796875000e+00
1.379791259765625000e+00
5.679718017578125000e+00
4.916473388671875000e+00
1.807342529296875000e+00
2.484222412109375000e+00
2.999969482421875000e+00
3.348785400390625000e+00
1.253448486328125000e+00
4.983917236328125000e+00
3.320404052734375000e+00
5.311676025390625000e+00
2.389007568359375000e+00
4.842926025390625000e+00
1.247039794921875000e+00
5.982452392578125000e+00
4.319549560546875000e+00
4.032989501953125000e+00
1.192413330078125000e+00
4.737335205078125000e+00
4.578948974609375000e+00
5.214019775390625000e+00
2.293487548828125000e+00
3.659454345703125000e+00
3.557830810546875000e+00
3.883453369140625000e+00
1.537872314453125000e+00
3.833099365234375000e+00
5.948577880859375000e+00
5.166107177734375000e+00
5.540863037109375000e+00
3.628631591796875000e+00
2.659088134765625000e+00
5.683380126953125000e+00
3.846221923828125000e+00
1.991058349609375000e+00
1.681610107421875000e+00
3.338409423828125000e+00
3.376556396484375000e+00
2.541290283203125000e+00
5.478607177734375000e+00
1.052337646484375000e+00
2.204986572265625000e+00
4.882598876953125000e+00
5.450225830078125000e+00
5.547271728515625000e+00
2.627349853515625000e+00
1.584564208984375000e+00
3.936553955078125000e+00
3.175140380859375000e+00
1.973052978515625000e+00
4.610992431640625000e+00
1.761871337890625000e+00
1.547637939453125000e+00
4.377532958984375000e+00
1.831756591796875000e+00
4.203887939453125000e+00
1.966339111328125000e+00
5.160308837890625000e+00
2.087188720703125000e+00
4.904266357421875000e+00
3.457733154296875000e+00
2.288909912109375000e+00
4.257293701171875000e+00
4.131256103515625000e+00
1.842437744140625000e+00
3.875518798828125000e+00
3.178497314453125000e+00
1.403900146484375000e+00
1.362091064453125000e+00
5.972991943359375000e+00
4.028411865234375000e+00
4.893280029296875000e+00
2.513519287109375000e+00
2.972503662109375000e+00
1.481109619140625000e+00
3.686920166015625000e+00
3.797393798828125000e+00
1.575103759765625000e+00
1.664520263671875000e+00
4.784332275390625000e+00
1.987396240234375000e+00
4.197479248046875000e+00
3.729034423828125000e+00
5.185333251953125000e+00
1.573272705078125000e+00
5.452667236328125000e+00
3.043609619140625000e+00
1.229034423828125000e+00
1.925445556640625000e+00
1.138702392578125000e+00
3.898101806640625000e+00
1.377655029296875000e+00
2.534881591796875000e+00
4.050994873046875000e+00
4.502044677734375000e+00
5.664154052734375000e+00
1.519256591796875000e+00
2.302337646484375000e+00
3.261505126953125000e+00
5.150848388671875000e+00
4.629302978515625000e+00
1.810699462890625000e+00
2.647796630859375000e+00
5.649810791015625000e+00
2.289825439453125000e+00
2.035308837890625000e+00
3.604827880859375000e+00
2.228790283203125000e+00
1.595855712890625000e+00
4.410797119140625000e+00
5.335174560546875000e+00
2.576385498046875000e+00
2.835784912109375000e+00
4.207244873046875000e+00
4.865203857421875000e+00
3.977752685546875000e+00
4.345184326171875000e+00
5.022369384765625000e+00
4.784637451171875000e+00
1.938568115234375000e+00
5.755706787109375000e+00
2.660919189453125000e+00
4.560638427734375000e+00
4.538970947265625000e+00
2.440582275390625000e+00
2.179046630859375000e+00
1.947723388671875000e+00
4.295745849609375000e+00
4.685455322265625000e+00
5.752044677734375000e+00
2.567840576171875000e+00
3.487945556640625000e+00
2.609344482421875000e+00
4.285675048828125000e+00
4.768463134765625000e+00
2.303558349609375000e+00
1.605621337890625000e+00
3.839508056640625000e+00
5.639434814453125000e+00
5.436187744140625000e+00
1.399017333984375000e+00
3.503814697265625000e+00
5.219818115234375000e+00
5.111175537109375000e+00
5.191131591796875000e+00
5.992828369140625000e+00
3.266387939453125000e+00
3.557220458984375000e+00
3.138824462890625000e+00
3.964935302734375000e+00
1.865325927734375000e+00
3.642669677734375000e+00
5.725189208984375000e+00
3.650299072265625000e+00
5.979400634765625000e+00
1.710601806640625000e+00
5.178924560546875000e+00
1.932769775390625000e+00
4.752899169921875000e+00
3.857513427734375000e+00
3.029571533203125000e+00
5.924468994140625000e+00
1.520782470703125000e+00
2.319732666015625000e+00
2.764068603515625000e+00
3.135772705078125000e+00
4.477935791015625000e+00
2.351776123046875000e+00
4.823394775390625000e+00
5.770050048828125000e+00
5.449005126953125000e+00
3.727508544921875000e+00
4.678131103515625000e+00
2.326446533203125000e+00
4.345489501953125000e+00
2.589813232421875000e+00
3.137908935546875000e+00
3.207794189453125000e+00
5.556732177734375000e+00
4.716278076171875000e+00
4.628082275390625000e+00
3.890167236328125000e+00
3.447967529296875000e+00
5.689788818359375000e+00
5.724884033203125000e+00
2.667327880859375000e+00
5.071807861328125000e+00
5.302215576171875000e+00
2.021270751953125000e+00
2.900787353515625000e+00
4.120880126953125000e+00
2.120147705078125000e+00
3.729949951171875000e+00
2.962432861328125000e+00
2.311798095703125000e+00
5.113006591796875000e+00
3.973785400390625000e+00
4.320770263671875000e+00
1.775299072265625000e+00
5.883270263671875000e+00
4.896331787109375000e+00
4.272247314453125000e+00
5.604034423828125000e+00
5.577484130859375000e+00
2.739959716796875000e+00
2.916351318359375000e+00
4.267364501953125000e+00
4.033294677734375000e+00
5.687652587890625000e+00
4.855133056640625000e+00
5.915924072265625000e+00
5.312286376953125000e+00
1.330047607421875000e+00
3.631072998046875000e+00
1.456390380859375000e+00
2.393280029296875000e+00
3.858428955078125000e+00
2.932220458984375000e+00
3.789764404296875000e+00
3.850189208984375000e+00
2.746063232421875000e+00
5.373626708984375000e+00
4.515167236328125000e+00
2.915130615234375000e+00
2.304168701171875000e+00
3.261199951171875000e+00
1.074615478515625000e+00
1.056915283203125000e+00
2.570587158203125000e+00
2.849517822265625000e+00
2.022796630859375000e+00
2.982574462890625000e+00
1.071563720703125000e+00
3.493133544921875000e+00
1.894622802734375000e+00
3.719879150390625000e+00
1.175018310546875000e+00
3.000274658203125000e+00
2.684417724609375000e+00
4.586273193359375000e+00
5.925384521484375000e+00
5.199981689453125000e+00
2.983489990234375000e+00
3.271270751953125000e+00
5.127960205078125000e+00
1.091705322265625000e+00
2.990509033203125000e+00
2.884918212890625000e+00
4.338165283203125000e+00
2.599884033203125000e+00
1.007781982421875000e+00
2.609039306640625000e+00
3.431488037109375000e+00
5.290008544921875000e+00
1.774993896484375000e+00
4.252716064453125000e+00
2.986846923828125000e+00
3.826995849609375000e+00
5.849700927734375000e+00
2.711578369140625000e+00
4.282623291015625000e+00
3.682037353515625000e+00
2.602325439453125000e+00
1.673980712890625000e+00
4.858489990234375000e+00
3.991485595703125000e+00
4.419342041015625000e+00
3.593231201171875000e+00
1.086517333984375000e+00
4.029327392578125000e+00
5.812164306640625000e+00
3.815704345703125000e+00
2.452484130859375000e+00
1.075225830078125000e+00
1.962982177734375000e+00
1.452423095703125000e+00
3.578887939453125000e+00
3.070770263671875000e+00
1.116729736328125000e+00
3.716217041015625000e+00
2.780548095703125000e+00
1.785369873046875000e+00
3.201690673828125000e+00
4.682403564453125000e+00
3.862091064453125000e+00
1.667266845703125000e+00
4.590240478515625000e+00
2.430511474609375000e+00
1.497894287109375000e+00
5.842071533203125000e+00
4.430938720703125000e+00
1.429229736328125000e+00
3.599334716796875000e+00
4.089447021484375000e+00
1.341339111328125000e+00
3.941131591796875000e+00
4.722991943359375000e+00
3.596282958984375000e+00
2.426239013671875000e+00
1.112152099609375000e+00
3.563629150390625000e+00
4.139801025390625000e+00
4.451385498046875000e+00
5.665069580078125000e+00
4.835296630859375000e+00
5.876556396484375000e+00
2.158599853515625000e+00
4.632049560546875000e+00
3.530670166015625000e+00
3.740325927734375000e+00
3.173004150390625000e+00
1.706634521484375000e+00
4.544769287109375000e+00
3.230987548828125000e+00
5.192962646484375000e+00
5.177398681640625000e+00
1.153350830078125000e+00
4.177642822265625000e+00
4.860626220703125000e+00
1.688018798828125000e+00
3.895050048828125000e+00
4.022308349609375000e+00
3.376861572265625000e+00
5.929656982421875000e+00
2.693878173828125000e+00
1.129852294921875000e+00
5.338836669921875000e+00
3.491302490234375000e+00
5.198760986328125000e+00
3.008819580078125000e+00
2.219635009765625000e+00
4.218231201171875000e+00
1.512237548828125000e+00
2.145172119140625000e+00
5.319610595703125000e+00
2.457977294921875000e+00
1.884246826171875000e+00
5.032135009765625000e+00
2.650543212890625000e+00
4.798065185546875000e+00
2.852569580078125000e+00
1.190277099609375000e+00
1.805816650390625000e+00
3.173614501953125000e+00
1.124359130859375000e+00
5.114532470703125000e+00
1.269012451171875000e+00
5.693145751953125000e+00
3.456512451171875000e+00
3.115325927734375000e+00
5.601287841796875000e+00
1.836334228515625000e+00
2.662139892578125000e+00
5.438934326171875000e+00
1.469818115234375000e+00
4.980865478515625000e+00
4.348846435546875000e+00
5.163360595703125000e+00
5.242706298828125000e+00
5.248504638671875000e+00
5.082183837890625000e+00
2.626739501953125000e+00
3.290191650390625000e+00
3.930450439453125000e+00
2.402740478515625000e+00
3.772674560546875000e+00
2.869049072265625000e+00
3.069854736328125000e+00
5.849395751953125000e+00
5.947967529296875000e+00
1.743255615234375000e+00
1.992889404296875000e+00
5.713897705078125000e+00
2.421051025390625000e+00
4.722381591796875000e+00
2.557159423828125000e+00
3.316436767578125000e+00
3.021026611328125000e+00
5.519500732421875000e+00
3.449188232421875000e+00
1.197906494140625000e+00
2.856536865234375000e+00
5.043426513671875000e+00
5.291534423828125000e+00
3.181854248046875000e+00
4.142547607421875000e+00
2.377410888671875000e+00
1.807037353515625000e+00
5.700775146484375000e+00
5.149017333984375000e+00
1.083465576171875000e+00
4.604278564453125000e+00
1.654449462890625000e+00
4.865814208984375000e+00
1.196685791015625000e+00
1.667572021484375000e+00
1.774383544921875000e+00
1.237274169921875000e+00
5.779205322265625000e+00
4.383636474609375000e+00
1.618438720703125000e+00
3.795867919921875000e+00
4.637542724609375000e+00
5.987640380859375000e+00
5.193267822265625000e+00
3.055206298828125000e+00
1.194854736328125000e+00
2.592864990234375000e+00
4.358001708984375000e+00
5.830474853515625000e+00
3.695770263671875000e+00
2.258697509765625000e+00
5.418182373046875000e+00
2.199798583984375000e+00
5.850006103515625000e+00
5.074249267578125000e+00
3.675628662109375000e+00
5.097442626953125000e+00
4.115692138671875000e+00
5.528961181640625000e+00
1.059051513671875000e+00
2.765289306640625000e+00
1.336456298828125000e+00
5.496917724609375000e+00
3.528839111328125000e+00
1.918731689453125000e+00
5.385528564453125000e+00
5.721527099609375000e+00
4.249359130859375000e+00
1.724639892578125000e+00
4.903045654296875000e+00
4.969268798828125000e+00
5.057159423828125000e+00
5.817962646484375000e+00
4.126068115234375000e+00
3.252044677734375000e+00
1.064544677734375000e+00
1.375213623046875000e+00
1.049896240234375000e+00
4.427886962890625000e+00
5.848480224609375000e+00
5.322357177734375000e+00
2.652374267578125000e+00
5.335784912109375000e+00
3.011566162109375000e+00
4.768157958984375000e+00
5.761810302734375000e+00
2.675872802734375000e+00
1.875396728515625000e+00
3.841033935546875000e+00
5.190826416015625000e+00
2.247711181640625000e+00
2.850128173828125000e+00
5.944000244140625000e+00
1.671844482421875000e+00
5.411468505859375000e+00
3.628936767578125000e+00
1.793914794921875000e+00
1.221099853515625000e+00
5.502105712890625000e+00
3.203521728515625000e+00
5.164276123046875000e+00
2.790924072265625000e+00
2.269073486328125000e+00
2.994171142578125000e+00
4.440704345703125000e+00
3.854766845703125000e+00
5.943695068359375000e+00
5.574737548828125000e+00
4.739471435546875000e+00
3.395782470703125000e+00
5.358367919921875000e+00
4.832244873046875000e+00
1.313262939453125000e+00
5.657135009765625000e+00
1.825347900390625000e+00
1.342864990234375000e+00
1.102996826171875000e+00
4.998870849609375000e+00
3.645721435546875000e+00
2.619720458984375000e+00
1.359649658203125000e+00
3.630157470703125000e+00
3.426300048828125000e+00
2.643218994140625000e+00
4.974151611328125000e+00
3.812652587890625000e+00
5.925994873046875000e+00
1.403289794921875000e+00
3.463226318359375000e+00
4.743133544921875000e+00
3.298431396484375000e+00
3.559661865234375000e+00
4.330535888671875000e+00
2.558990478515625000e+00
5.800872802734375000e+00
5.221954345703125000e+00
5.486236572265625000e+00
2.340179443359375000e+00
4.759307861328125000e+00
2.061553955078125000e+00
4.573150634765625000e+00
4.107452392578125000e+00
5.959564208984375000e+00
5.998931884765625000e+00
2.941375732421875000e+00
5.776763916015625000e+00
4.025360107421875000e+00
2.723785400390625000e+00
5.713287353515625000e+00
5.508819580078125000e+00
3.633209228515625000e+00
4.526763916015625000e+00
5.878082275390625000e+00
1.810089111328125000e+00
1.108489990234375000e+00
5.653167724609375000e+00
3.167510986328125000e+00
5.498443603515625000e+00
1.463104248046875000e+00
5.550933837890625000e+00
5.545135498046875000e+00
2.708526611328125000e+00
2.119537353515625000e+00
2.397552490234375000e+00
1.698394775390625000e+00
3.228851318359375000e+00
3.352752685546875000e+00
3.928619384765625000e+00
1.104217529296875000e+00
3.377166748046875000e+00
3.821197509765625000e+00
5.945526123046875000e+00
2.908416748046875000e+00
3.513580322265625000e+00
2.339874267578125000e+00
1.070037841796875000e+00
1.226287841796875000e+00
5.873199462890625000e+00
4.429412841796875000e+00
3.313079833984375000e+00
3.996063232421875000e+00
3.228240966796875000e+00
4.094024658203125000e+00
5.437103271484375000e+00
3.795562744140625000e+00
3.498016357421875000e+00
3.003326416015625000e+00
5.295806884765625000e+00
1.302276611328125000e+00
5.578094482421875000e+00
5.234771728515625000e+00
4.352813720703125000e+00
5.887847900390625000e+00
1.121307373046875000e+00
4.892669677734375000e+00
4.928985595703125000e+00
4.186798095703125000e+00
1.568695068359375000e+00
5.714202880859375000e+00
1.261077880859375000e+00
1.495452880859375000e+00
3.121429443359375000e+00
4.547210693359375000e+00
3.780303955078125000e+00
4.167572021484375000e+00
3.770843505859375000e+00
2.540069580078125000e+00
1.626068115234375000e+00
2.136932373046875000e+00
4.875885009765625000e+00
2.347198486328125000e+00
1.782318115234375000e+00
4.393402099609375000e+00
3.946624755859375000e+00
4.016510009765625000e+00
1.448150634765625000e+00
5.481353759765625000e+00
1.392913818359375000e+00
4.159027099609375000e+00
1.937652587890625000e+00
5.101715087890625000e+00
4.394012451171875000e+00
2.438751220703125000e+00
2.251983642578125000e+00
4.323822021484375000e+00
3.537994384765625000e+00
3.815093994140625000e+00
5.950714111328125000e+00
4.218536376953125000e+00
4.525238037109375000e+00
1.042877197265625000e+00
2.432037353515625000e+00
5.868621826171875000e+00
5.324798583984375000e+00
5.158172607421875000e+00
5.750213623046875000e+00
2.911773681640625000e+00
5.953460693359375000e+00
1.217437744140625000e+00
2.610565185546875000e+00
2.511383056640625000e+00
2.933441162109375000e+00
5.153900146484375000e+00
5.968719482421875000e+00
2.201934814453125000e+00
5.198455810546875000e+00
1.848236083984375000e+00
3.001800537109375000e+00
5.477386474609375000e+00
4.246307373046875000e+00
3.566680908203125000e+00
4.631439208984375000e+00
4.804473876953125000e+00
5.637908935546875000e+00
5.533843994140625000e+00
1.308380126953125000e+00
3.825469970703125000e+00
5.265594482421875000e+00
3.649993896484375000e+00
2.056976318359375000e+00
1.376434326171875000e+00
1.999298095703125000e+00
2.072235107421875000e+00
4.436126708984375000e+00
4.480987548828125000e+00
2.400909423828125000e+00
1.760345458984375000e+00
5.701995849609375000e+00
3.381744384765625000e+00
2.122894287109375000e+00
5.266204833984375000e+00
1.625762939453125000e+00
3.355194091796875000e+00
1.855560302734375000e+00
1.868377685546875000e+00
5.365386962890625000e+00
3.607574462890625000e+00
1.104522705078125000e+00
4.618927001953125000e+00
5.063873291015625000e+00
1.635528564453125000e+00
1.576019287109375000e+00
3.880706787109375000e+00
3.986602783203125000e+00
4.552093505859375000e+00
5.990692138671875000e+00
5.488983154296875000e+00
2.306915283203125000e+00
5.293975830078125000e+00
4.485565185546875000e+00
5.362335205078125000e+00
3.709808349609375000e+00
1.332183837890625000e+00
2.946563720703125000e+00
3.045745849609375000e+00
3.334136962890625000e+00
1.738983154296875000e+00
1.915985107421875000e+00
5.771881103515625000e+00
3.363128662109375000e+00
3.547149658203125000e+00
2.627655029296875000e+00
5.738006591796875000e+00
4.724822998046875000e+00
1.849456787109375000e+00
1.957183837890625000e+00
2.732025146484375000e+00
5.620513916015625000e+00
3.384796142578125000e+00
3.918243408203125000e+00
5.965362548828125000e+00
1.655059814453125000e+00
4.495635986328125000e+00
2.088104248046875000e+00
3.121124267578125000e+00
3.965240478515625000e+00
4.122711181640625000e+00
5.536895751953125000e+00
4.510284423828125000e+00
5.116058349609375000e+00
2.859893798828125000e+00
1.651702880859375000e+00
2.946258544921875000e+00
1.832061767578125000e+00
1.662994384765625000e+00
1.394744873046875000e+00
4.214263916015625000e+00
1.537261962890625000e+00
5.395294189453125000e+00
3.792205810546875000e+00
5.268951416015625000e+00
4.089752197265625000e+00
5.187164306640625000e+00
1.177154541015625000e+00
1.487518310546875000e+00
2.710357666015625000e+00
1.115814208984375000e+00
5.977569580078125000e+00
5.444122314453125000e+00
3.761077880859375000e+00
4.919219970703125000e+00
2.026763916015625000e+00
3.444915771484375000e+00
3.817230224609375000e+00
4.305206298828125000e+00
1.783233642578125000e+00
3.237091064453125000e+00
5.105377197265625000e+00
1.789031982421875000e+00
5.091949462890625000e+00
5.546051025390625000e+00
1.007171630859375000e+00
5.949188232421875000e+00
4.455047607421875000e+00
3.347869873046875000e+00
4.638763427734375000e+00
4.896942138671875000e+00
4.621673583984375000e+00
3.808990478515625000e+00
3.782745361328125000e+00
1.047149658203125000e+00
3.626800537109375000e+00
4.563079833984375000e+00
4.441009521484375000e+00
2.394805908203125000e+00
3.519073486328125000e+00
4.549957275390625000e+00
3.689666748046875000e+00
5.704132080078125000e+00
5.152069091796875000e+00
1.516815185546875000e+00
1.292205810546875000e+00
4.775177001953125000e+00
4.585968017578125000e+00
4.344573974609375000e+00
5.586639404296875000e+00
3.332000732421875000e+00
1.993499755859375000e+00
1.134429931640625000e+00
5.452362060546875000e+00
4.909149169921875000e+00
4.634185791015625000e+00
4.077850341796875000e+00
5.918670654296875000e+00
1.869903564453125000e+00
2.198883056640625000e+00
1.273284912109375000e+00
1.947113037109375000e+00
4.313751220703125000e+00
5.559783935546875000e+00
1.218353271484375000e+00
1.171661376953125000e+00
1.393829345703125000e+00
1.907440185546875000e+00
4.934783935546875000e+00
4.089141845703125000e+00
1.466156005859375000e+00
1.442352294921875000e+00
5.270172119140625000e+00
2.968841552734375000e+00
5.618377685546875000e+00
4.126983642578125000e+00
4.281402587890625000e+00
2.929473876953125000e+00
2.927337646484375000e+00
5.160614013671875000e+00
2.419219970703125000e+00
5.020538330078125000e+00
2.810150146484375000e+00
5.038848876953125000e+00
4.626251220703125000e+00
2.913299560546875000e+00
4.031158447265625000e+00
5.767913818359375000e+00
5.306182861328125000e+00
1.180206298828125000e+00
4.654632568359375000e+00
4.003387451171875000e+00
3.222747802734375000e+00
5.751739501953125000e+00
5.532012939453125000e+00
4.314666748046875000e+00
2.531524658203125000e+00
2.112823486328125000e+00
3.153167724609375000e+00
2.979522705078125000e+00
2.566314697265625000e+00
3.882843017578125000e+00
1.025787353515625000e+00
3.093658447265625000e+00
5.598236083984375000e+00
5.018096923828125000e+00
5.668731689453125000e+00
1.194244384765625000e+00
3.511444091796875000e+00
2.445159912109375000e+00
4.367156982421875000e+00
1.309906005859375000e+00
5.855499267578125000e+00
2.224212646484375000e+00
1.282745361328125000e+00
4.112945556640625000e+00
5.165191650390625000e+00
1.189666748046875000e+00
1.125885009765625000e+00
1.529632568359375000e+00
1.329742431640625000e+00
4.329010009765625000e+00
3.862396240234375000e+00
2.588897705078125000e+00
3.698516845703125000e+00
1.216217041015625000e+00
5.042205810546875000e+00
5.084320068359375000e+00
2.132659912109375000e+00
5.845733642578125000e+00
3.041473388671875000e+00
2.894378662109375000e+00
1.182647705078125000e+00
1.502166748046875000e+00
4.013153076171875000e+00
3.625579833984375000e+00
5.254608154296875000e+00
1.450897216796875000e+00
2.277008056640625000e+00
2.732635498046875000e+00
3.906951904296875000e+00
2.308441162109375000e+00
5.339141845703125000e+00
2.738128662109375000e+00
4.655242919921875000e+00
1.046234130859375000e+00
3.821807861328125000e+00
2.509552001953125000e+00
5.320220947265625000e+00
2.613311767578125000e+00
4.381195068359375000e+00
4.851776123046875000e+00
1.857391357421875000e+00
1.366668701171875000e+00
2.496429443359375000e+00
2.425628662109375000e+00
3.347259521484375000e+00
3.965850830078125000e+00
2.975860595703125000e+00
5.324493408203125000e+00
5.830169677734375000e+00
1.951995849609375000e+00
3.686614990234375000e+00
5.122467041015625000e+00
3.378387451171875000e+00
4.873443603515625000e+00
3.575225830078125000e+00
1.900421142578125000e+00
1.941619873046875000e+00
5.229583740234375000e+00
5.996185302734375000e+00
2.297760009765625000e+00
1.828399658203125000e+00
3.934722900390625000e+00
3.774200439453125000e+00
4.009185791015625000e+00
3.614898681640625000e+00
3.022552490234375000e+00
1.941314697265625000e+00
3.387237548828125000e+00
5.558868408203125000e+00
1.871734619140625000e+00
1.245819091796875000e+00
2.538543701171875000e+00
4.310089111328125000e+00
2.453399658203125000e+00
5.104156494140625000e+00
3.655181884765625000e+00
3.194671630859375000e+00
2.588592529296875000e+00
1.514373779296875000e+00
3.507781982421875000e+00
4.778228759765625000e+00
1.208892822265625000e+00
1.129241943359375000e+00
4.795318603515625000e+00
2.331329345703125000e+00
5.831085205078125000e+00
5.428863525390625000e+00
2.565399169921875000e+00
1.735015869140625000e+00
5.463348388671875000e+00
4.631744384765625000e+00
1.400238037109375000e+00
2.444244384765625000e+00
2.320648193359375000e+00
5.503631591796875000e+00
2.322174072265625000e+00
1.796356201171875000e+00
3.690277099609375000e+00
5.131927490234375000e+00
2.769256591796875000e+00
1.943145751953125000e+00
1.936737060546875000e+00
1.866241455078125000e+00
3.615509033203125000e+00
3.653045654296875000e+00
3.028045654296875000e+00
5.331207275390625000e+00
1.792083740234375000e+00
4.605804443359375000e+00
5.412689208984375000e+00
2.745147705078125000e+00
5.138031005859375000e+00
3.220001220703125000e+00
5.345245361328125000e+00
2.599578857421875000e+00
5.022979736328125000e+00
2.840667724609375000e+00
2.832733154296875000e+00
5.161224365234375000e+00
4.750762939453125000e+00
3.316131591796875000e+00
2.011199951171875000e+00
2.709747314453125000e+00
3.747650146484375000e+00
4.694610595703125000e+00
4.867645263671875000e+00
1.037078857421875000e+00
1.459442138671875000e+00
1.540924072265625000e+00
3.667083740234375000e+00
2.104583740234375000e+00
2.691131591796875000e+00
3.405242919921875000e+00
2.479644775390625000e+00
3.884063720703125000e+00
3.602691650390625000e+00
3.485809326171875000e+00
1.887298583984375000e+00
3.067413330078125000e+00
5.608001708984375000e+00
4.760528564453125000e+00
2.157073974609375000e+00
2.176910400390625000e+00
1.072174072265625000e+00
1.347137451171875000e+00
1.449981689453125000e+00
2.058502197265625000e+00
1.715484619140625000e+00
2.938018798828125000e+00
1.605926513671875000e+00
2.024627685546875000e+00
5.727630615234375000e+00
2.909332275390625000e+00
1.034027099609375000e+00
1.231781005859375000e+00
2.706390380859375000e+00
4.683929443359375000e+00
1.590057373046875000e+00
4.202056884765625000e+00
1.941009521484375000e+00
3.842559814453125000e+00
5.947052001953125000e+00
2.256561279296875000e+00
1.647430419921875000e+00
5.597930908203125000e+00
5.272918701171875000e+00
3.833404541015625000e+00
4.475494384765625000e+00
4.249664306640625000e+00
1.655975341796875000e+00
4.695831298828125000e+00
3.235260009765625000e+00
3.810821533203125000e+00
5.162139892578125000e+00
5.635467529296875000e+00
4.799285888671875000e+00
4.483123779296875000e+00
4.773956298828125000e+00
1.826873779296875000e+00
1.374298095703125000e+00
1.494537353515625000e+00
1.030975341796875000e+00
4.874053955078125000e+00
1.501251220703125000e+00
4.640289306640625000e+00
4.570098876953125000e+00
1.162506103515625000e+00
3.920989990234375000e+00
4.899993896484375000e+00
1.329437255859375000e+00
4.534698486328125000e+00
5.808502197265625000e+00
1.490264892578125000e+00
2.404876708984375000e+00
4.214874267578125000e+00
1.681915283203125000e+00
2.950531005859375000e+00
4.203277587890625000e+00
1.381622314453125000e+00
1.906829833984375000e+00
5.531402587890625000e+00
2.724700927734375000e+00
2.967010498046875000e+00
4.645782470703125000e+00
5.106903076171875000e+00
1.213165283203125000e+00
4.010406494140625000e+00
1.389556884765625000e+00
1.621795654296875000e+00
1.977935791015625000e+00
1.435638427734375000e+00
4.953094482421875000e+00
1.222320556640625000e+00
5.586334228515625000e+00
2.254425048828125000e+00
1.363311767578125000e+00
4.238677978515625000e+00
2.636810302734375000e+00
4.429718017578125000e+00
2.598663330078125000e+00
4.772125244140625000e+00
1.094757080078125000e+00
3.188262939453125000e+00
5.036102294921875000e+00
1.971221923828125000e+00
4.975067138671875000e+00
2.458282470703125000e+00
2.657257080078125000e+00
5.898834228515625000e+00
3.794342041015625000e+00
4.787384033203125000e+00
2.825408935546875000e+00
2.396636962890625000e+00
3.657623291015625000e+00
2.711883544921875000e+00
4.651580810546875000e+00
1.259552001953125000e+00
2.132049560546875000e+00
5.240264892578125000e+00
5.631805419921875000e+00
3.724761962890625000e+00
4.995208740234375000e+00
1.865631103515625000e+00
2.266937255859375000e+00
1.085601806640625000e+00
3.622833251953125000e+00
4.292083740234375000e+00
2.607513427734375000e+00
1.699615478515625000e+00
2.872100830078125000e+00
4.907623291015625000e+00
1.780181884765625000e+00
3.893829345703125000e+00
2.129913330078125000e+00
4.444671630859375000e+00
2.418914794921875000e+00
4.422698974609375000e+00
5.166717529296875000e+00
5.072418212890625000e+00
2.982879638671875000e+00
1.743865966796875000e+00
3.009124755859375000e+00
5.666595458984375000e+00
5.172210693359375000e+00
1.999603271484375000e+00
3.250518798828125000e+00
1.571441650390625000e+00
1.460662841796875000e+00
1.205841064453125000e+00
3.274322509765625000e+00
3.178192138671875000e+00
2.058197021484375000e+00
2.762237548828125000e+00
2.643524169921875000e+00
2.070709228515625000e+00
3.166900634765625000e+00
4.921661376953125000e+00
3.166290283203125000e+00
5.321746826171875000e+00
4.565216064453125000e+00
2.288299560546875000e+00
3.009735107421875000e+00
5.349517822265625000e+00
2.221160888671875000e+00
4.176727294921875000e+00
4.001251220703125000e+00
2.970367431640625000e+00
3.076263427734375000e+00
1.358428955078125000e+00
4.872222900390625000e+00
2.955108642578125000e+00
4.771209716796875000e+00
3.130279541015625000e+00
3.940216064453125000e+00
1.521087646484375000e+00
4.801727294921875000e+00
4.892364501953125000e+00
3.320098876953125000e+00
2.071624755859375000e+00
5.511260986328125000e+00
3.543182373046875000e+00
4.966522216796875000e+00
4.145904541015625000e+00
1.734100341796875000e+00
5.021759033203125000e+00
4.766632080078125000e+00
5.939727783203125000e+00
5.283294677734375000e+00
3.108612060546875000e+00
5.564971923828125000e+00
4.511505126953125000e+00
5.922637939453125000e+00
1.737457275390625000e+00
4.604888916015625000e+00
4.132476806640625000e+00
5.130706787109375000e+00
2.414642333984375000e+00
2.844940185546875000e+00
4.342742919921875000e+00
2.370697021484375000e+00
5.410247802734375000e+00
5.448699951171875000e+00
5.858245849609375000e+00
1.080718994140625000e+00
1.171051025390625000e+00
3.227935791015625000e+00
5.437408447265625000e+00
5.932708740234375000e+00
1.504913330078125000e+00
1.033416748046875000e+00
3.740020751953125000e+00
3.523040771484375000e+00
2.857147216796875000e+00
5.511871337890625000e+00
4.123931884765625000e+00
4.922882080078125000e+00
4.576812744140625000e+00
3.859649658203125000e+00
1.270843505859375000e+00
1.182037353515625000e+00
3.810211181640625000e+00
2.522064208984375000e+00
5.330291748046875000e+00
3.060394287109375000e+00
4.574676513671875000e+00
5.289703369140625000e+00
5.256744384765625000e+00
1.726470947265625000e+00
1.941925048828125000e+00
1.812530517578125000e+00
5.355010986328125000e+00
4.210601806640625000e+00
1.608367919921875000e+00
5.468536376953125000e+00
2.176605224609375000e+00
3.100677490234375000e+00
5.510345458984375000e+00
4.677825927734375000e+00
1.859222412109375000e+00
2.789398193359375000e+00
1.878143310546875000e+00
4.983001708984375000e+00
4.587493896484375000e+00
3.280426025390625000e+00
5.276580810546875000e+00
5.048919677734375000e+00
5.481048583984375000e+00
1.361175537109375000e+00
1.692291259765625000e+00
1.419769287109375000e+00
4.828582763671875000e+00
1.575714111328125000e+00
1.453033447265625000e+00
5.232330322265625000e+00
5.398651123046875000e+00
3.003021240234375000e+00
3.466888427734375000e+00
2.655731201171875000e+00
1.963592529296875000e+00
1.078887939453125000e+00
4.097076416015625000e+00
5.230194091796875000e+00
3.188873291015625000e+00
4.155059814453125000e+00
4.824005126953125000e+00
4.002777099609375000e+00
5.261322021484375000e+00
5.799041748046875000e+00
4.443145751953125000e+00
1.952606201171875000e+00
1.184783935546875000e+00
3.500457763671875000e+00
1.750885009765625000e+00
5.433441162109375000e+00
1.467681884765625000e+00
1.594329833984375000e+00
4.155975341796875000e+00
1.466461181640625000e+00
3.569732666015625000e+00
3.917327880859375000e+00
1.060272216796875000e+00
2.739654541015625000e+00
4.105316162109375000e+00
4.204803466796875000e+00
5.121551513671875000e+00
1.690765380859375000e+00
1.505218505859375000e+00
4.498992919921875000e+00
5.072113037109375000e+00
3.191009521484375000e+00
3.831573486328125000e+00
2.076507568359375000e+00
5.578704833984375000e+00
1.225372314453125000e+00
5.695281982421875000e+00
1.269927978515625000e+00
4.720855712890625000e+00
2.376800537109375000e+00
2.937103271484375000e+00
4.293609619140625000e+00
4.942718505859375000e+00
3.591400146484375000e+00
3.267913818359375000e+00
2.309051513671875000e+00
4.024139404296875000e+00
2.153106689453125000e+00
5.669952392578125000e+00
3.057037353515625000e+00
4.400421142578125000e+00
2.735076904296875000e+00
5.549713134765625000e+00
4.988189697265625000e+00
3.112274169921875000e+00
3.550506591796875000e+00
2.673126220703125000e+00
1.397796630859375000e+00
2.743011474609375000e+00
2.313018798828125000e+00
4.596649169921875000e+00
3.742462158203125000e+00
1.645294189453125000e+00
4.319244384765625000e+00
2.740570068359375000e+00
3.149810791015625000e+00
2.117401123046875000e+00
5.144439697265625000e+00
2.351470947265625000e+00
2.371612548828125000e+00
1.983428955078125000e+00
1.367889404296875000e+00
1.135955810546875000e+00
4.704681396484375000e+00
3.337188720703125000e+00
2.595916748046875000e+00
2.144256591796875000e+00
2.190338134765625000e+00
2.751556396484375000e+00
4.375701904296875000e+00
5.530181884765625000e+00
4.985137939453125000e+00
2.776885986328125000e+00
2.782379150390625000e+00
4.137054443359375000e+00
5.958953857421875000e+00
5.059600830078125000e+00
4.451080322265625000e+00
2.044769287109375000e+00
3.052764892578125000e+00
1.516510009765625000e+00
2.284027099609375000e+00
1.330657958984375000e+00
3.342071533203125000e+00
3.286529541015625000e+00
2.231842041015625000e+00
2.085357666015625000e+00
5.007720947265625000e+00
1.370330810546875000e+00
2.159820556640625000e+00
3.311248779296875000e+00
4.278961181640625000e+00
1.186004638671875000e+00
5.629058837890625000e+00
4.208160400390625000e+00
2.131439208984375000e+00
3.555084228515625000e+00
3.534027099609375000e+00
3.942657470703125000e+00
1.933990478515625000e+00
5.118804931640625000e+00
1.787506103515625000e+00
3.772064208984375000e+00
5.540557861328125000e+00
3.899017333984375000e+00
2.659698486328125000e+00
1.154876708984375000e+00
3.303009033203125000e+00
2.709136962890625000e+00
4.079681396484375000e+00
2.948089599609375000e+00
2.054229736328125000e+00
5.730377197265625000e+00
4.809051513671875000e+00
2.854705810546875000e+00
5.163970947265625000e+00
5.944610595703125000e+00
3.898406982421875000e+00
1.178070068359375000e+00
4.785552978515625000e+00
2.935577392578125000e+00
4.454437255859375000e+00
5.127655029296875000e+00
4.062896728515625000e+00
5.816436767578125000e+00
1.981597900390625000e+00
2.682281494140625000e+00
1.413970947265625000e+00
2.922454833984375000e+00
1.661468505859375000e+00
1.480499267578125000e+00
2.518402099609375000e+00
5.903717041015625000e+00
2.142120361328125000e+00
5.308013916015625000e+00
4.463287353515625000e+00
1.470733642578125000e+00
2.316986083984375000e+00
1.944671630859375000e+00
3.699127197265625000e+00
3.443084716796875000e+00
3.939300537109375000e+00
3.723236083984375000e+00
3.596588134765625000e+00
1.749664306640625000e+00
2.378021240234375000e+00
4.147735595703125000e+00
4.773651123046875000e+00
4.112640380859375000e+00
3.212677001953125000e+00
4.957061767578125000e+00
1.345916748046875000e+00
5.478912353515625000e+00
5.259490966796875000e+00
4.958892822265625000e+00
4.673553466796875000e+00
4.714447021484375000e+00
5.046783447265625000e+00
2.797943115234375000e+00
2.016693115234375000e+00
4.325042724609375000e+00
4.174591064453125000e+00
4.998260498046875000e+00
3.504119873046875000e+00
3.626495361328125000e+00
1.193023681640625000e+00
4.655853271484375000e+00
3.779998779296875000e+00
1.619659423828125000e+00
3.501678466796875000e+00
5.343414306640625000e+00
2.773223876953125000e+00
3.309417724609375000e+00
2.344146728515625000e+00
3.681121826171875000e+00
4.743438720703125000e+00
5.537506103515625000e+00
4.087615966796875000e+00
3.306976318359375000e+00
4.989410400390625000e+00
4.671722412109375000e+00
3.382659912109375000e+00
3.755584716796875000e+00
3.076873779296875000e+00
4.555755615234375000e+00
5.180755615234375000e+00
3.964019775390625000e+00
1.637969970703125000e+00
1.472564697265625000e+00
4.119049072265625000e+00
5.901580810546875000e+00
1.398101806640625000e+00
3.111358642578125000e+00
3.444610595703125000e+00
2.582794189453125000e+00
2.996612548828125000e+00
4.348541259765625000e+00
2.652069091796875000e+00
3.662811279296875000e+00
2.886444091796875000e+00
2.612091064453125000e+00
4.473052978515625000e+00
5.026031494140625000e+00
4.042144775390625000e+00
4.611297607421875000e+00
3.483062744140625000e+00
5.736785888671875000e+00
3.997894287109375000e+00
4.432769775390625000e+00
2.920013427734375000e+00
2.530303955078125000e+00
2.005706787109375000e+00
2.300811767578125000e+00
3.489471435546875000e+00
5.260711669921875000e+00
1.379486083984375000e+00
3.202606201171875000e+00
3.115631103515625000e+00
3.966766357421875000e+00
2.458587646484375000e+00
3.935028076171875000e+00
1.057830810546875000e+00
3.382354736328125000e+00
2.267852783203125000e+00
4.776702880859375000e+00
2.573028564453125000e+00
5.547882080078125000e+00
3.477264404296875000e+00
3.039337158203125000e+00
5.146881103515625000e+00
2.338958740234375000e+00
1.228729248046875000e+00
1.927886962890625000e+00
3.451019287109375000e+00
5.391632080078125000e+00
1.148162841796875000e+00
3.760162353515625000e+00
4.985748291015625000e+00
3.884368896484375000e+00
3.093048095703125000e+00
5.677276611328125000e+00
2.781158447265625000e+00
3.976226806640625000e+00
5.092254638671875000e+00
2.354217529296875000e+00
3.425994873046875000e+00
4.068084716796875000e+00
2.491851806640625000e+00
3.203826904296875000e+00
3.858734130859375000e+00
2.814727783203125000e+00
4.307342529296875000e+00
1.768890380859375000e+00
1.201263427734375000e+00
5.361724853515625000e+00
3.148590087890625000e+00
4.880157470703125000e+00
5.589080810546875000e+00
1.340423583984375000e+00
4.771820068359375000e+00
3.179412841796875000e+00
1.029754638671875000e+00
4.357696533203125000e+00
5.317169189453125000e+00
4.520355224609375000e+00
1.535125732421875000e+00
5.842376708984375000e+00
2.209259033203125000e+00
4.691253662109375000e+00
2.396026611328125000e+00
4.081512451171875000e+00
5.637603759765625000e+00
1.084686279296875000e+00
3.408294677734375000e+00
3.117767333984375000e+00
1.700531005859375000e+00
4.721160888671875000e+00
1.224456787109375000e+00
2.126556396484375000e+00
2.042633056640625000e+00
3.313690185546875000e+00
5.896392822265625000e+00
1.731658935546875000e+00
4.047943115234375000e+00
3.089385986328125000e+00
2.840057373046875000e+00
5.824981689453125000e+00
4.417816162109375000e+00
3.958831787109375000e+00
1.092926025390625000e+00
4.407440185546875000e+00
4.207855224609375000e+00
4.917388916015625000e+00
3.033538818359375000e+00
4.292388916015625000e+00
2.516876220703125000e+00
4.188323974609375000e+00
4.397064208984375000e+00
3.938995361328125000e+00
2.415863037109375000e+00
2.575164794921875000e+00
2.520843505859375000e+00
5.914398193359375000e+00
2.627960205078125000e+00
4.018951416015625000e+00
4.714141845703125000e+00
5.521331787109375000e+00
3.867584228515625000e+00
4.662567138671875000e+00
2.814117431640625000e+00
2.738739013671875000e+00
2.427154541015625000e+00
5.685821533203125000e+00
3.416534423828125000e+00
3.782440185546875000e+00
2.886138916015625000e+00
1.944976806640625000e+00
3.993927001953125000e+00
5.913482666015625000e+00
3.846832275390625000e+00
4.202362060546875000e+00
2.571807861328125000e+00
3.828826904296875000e+00
5.953155517578125000e+00
5.625091552734375000e+00
1.633087158203125000e+00
4.509979248046875000e+00
1.819854736328125000e+00
4.225555419921875000e+00
3.415924072265625000e+00
5.580535888671875000e+00
2.466522216796875000e+00
4.167266845703125000e+00
4.134307861328125000e+00
1.308074951171875000e+00
2.969451904296875000e+00
2.264495849609375000e+00
1.746917724609375000e+00
3.685699462890625000e+00
3.459564208984375000e+00
4.344268798828125000e+00
2.839752197265625000e+00
3.445526123046875000e+00
4.728790283203125000e+00
4.755035400390625000e+00
5.165802001953125000e+00
5.231719970703125000e+00
3.084808349609375000e+00
1.377044677734375000e+00
2.342010498046875000e+00
3.763214111328125000e+00
4.936309814453125000e+00
1.027008056640625000e+00
5.051055908203125000e+00
2.079254150390625000e+00
5.997100830078125000e+00
1.293731689453125000e+00
5.440460205078125000e+00
5.557647705078125000e+00
4.193206787109375000e+00
2.529693603515625000e+00
2.741180419921875000e+00
2.587066650390625000e+00
5.205474853515625000e+00
5.606475830078125000e+00
2.086273193359375000e+00
5.374847412109375000e+00
2.649017333984375000e+00
3.399139404296875000e+00
2.658477783203125000e+00
3.025299072265625000e+00
4.426055908203125000e+00
5.377593994140625000e+00
4.851165771484375000e+00
5.629669189453125000e+00
2.041107177734375000e+00
2.181488037109375000e+00
1.205535888671875000e+00
3.758636474609375000e+00
4.506011962890625000e+00
5.735870361328125000e+00
5.758453369140625000e+00
2.999359130859375000e+00
5.793548583984375000e+00
2.636199951171875000e+00
1.836029052734375000e+00
4.838653564453125000e+00
3.420501708984375000e+00
3.783050537109375000e+00
4.819427490234375000e+00
3.574615478515625000e+00
4.248748779296875000e+00
2.024322509765625000e+00
3.092437744140625000e+00
1.443878173828125000e+00
2.170806884765625000e+00
5.090728759765625000e+00
4.698577880859375000e+00
4.332977294921875000e+00
1.068511962890625000e+00
1.971527099609375000e+00
3.059478759765625000e+00
2.500091552734375000e+00
1.703887939453125000e+00
1.713653564453125000e+00
2.972198486328125000e+00
4.368988037109375000e+00
5.167938232421875000e+00
4.894500732421875000e+00
3.978363037109375000e+00
1.956878662109375000e+00
5.473724365234375000e+00
2.463165283203125000e+00
2.573638916015625000e+00
4.783721923828125000e+00
4.467559814453125000e+00
1.875701904296875000e+00
4.015289306640625000e+00
5.226837158203125000e+00
1.503692626953125000e+00
4.439178466796875000e+00
2.695404052734375000e+00
3.660064697265625000e+00
3.877044677734375000e+00
4.249053955078125000e+00
5.954071044921875000e+00
3.544708251953125000e+00
3.217864990234375000e+00
4.123626708984375000e+00
1.652313232421875000e+00
1.199127197265625000e+00
5.665679931640625000e+00
5.480438232421875000e+00
1.718231201171875000e+00
3.310638427734375000e+00
3.179718017578125000e+00
1.162200927734375000e+00
3.599639892578125000e+00
4.730316162109375000e+00
2.553497314453125000e+00
1.227203369140625000e+00
1.402374267578125000e+00
2.217498779296875000e+00
3.219390869140625000e+00
5.762725830078125000e+00
5.725799560546875000e+00
3.885894775390625000e+00
4.440399169921875000e+00
2.103973388671875000e+00
2.546173095703125000e+00
5.720916748046875000e+00
5.972381591796875000e+00
4.417510986328125000e+00
3.484893798828125000e+00
5.188385009765625000e+00
1.986480712890625000e+00
2.963348388671875000e+00
2.183929443359375000e+00
5.355316162109375000e+00
5.546661376953125000e+00
4.185882568359375000e+00
3.011260986328125000e+00
3.331085205078125000e+00
4.613739013671875000e+00
2.080780029296875000e+00
1.779571533203125000e+00
1.024261474609375000e+00
2.359100341796875000e+00
4.527679443359375000e+00
4.426361083984375000e+00
5.207305908203125000e+00
2.523895263671875000e+00
4.544464111328125000e+00
2.579132080078125000e+00
2.919097900390625000e+00
5.948883056640625000e+00
4.928375244140625000e+00
1.751495361328125000e+00
5.467315673828125000e+00
1.424957275390625000e+00
1.017852783203125000e+00
2.149139404296875000e+00
1.381011962890625000e+00
4.589935302734375000e+00
4.540802001953125000e+00
5.987945556640625000e+00
2.496734619140625000e+00
1.993194580078125000e+00
3.622222900390625000e+00
3.861175537109375000e+00
2.763153076171875000e+00
3.696380615234375000e+00
3.170257568359375000e+00
1.133209228515625000e+00
3.327423095703125000e+00
2.313934326171875000e+00
1.207061767578125000e+00
3.021331787109375000e+00
5.905548095703125000e+00
5.251251220703125000e+00
5.790191650390625000e+00
1.735931396484375000e+00
4.108978271484375000e+00
2.417388916015625000e+00
4.283233642578125000e+00
5.908905029296875000e+00
3.560577392578125000e+00
4.933563232421875000e+00
2.061248779296875000e+00
2.691436767578125000e+00
3.953643798828125000e+00
1.912322998046875000e+00
1.913543701171875000e+00
3.300872802734375000e+00
5.346771240234375000e+00
5.961700439453125000e+00
3.273712158203125000e+00
4.520050048828125000e+00
1.956573486328125000e+00
5.115753173828125000e+00
5.201507568359375000e+00
2.819610595703125000e+00
3.473297119140625000e+00
2.628265380859375000e+00
2.118927001953125000e+00
2.904144287109375000e+00
3.809295654296875000e+00
3.865142822265625000e+00
1.982208251953125000e+00
5.694671630859375000e+00
5.210662841796875000e+00
4.909759521484375000e+00
2.140899658203125000e+00
4.155670166015625000e+00
5.208831787109375000e+00
4.393096923828125000e+00
3.646026611328125000e+00
5.258575439453125000e+00
1.095367431640625000e+00
2.493988037109375000e+00
5.065093994140625000e+00
2.150360107421875000e+00
4.111419677734375000e+00
1.918426513671875000e+00
1.408172607421875000e+00
1.794525146484375000e+00
4.932037353515625000e+00
5.525604248046875000e+00
2.865386962890625000e+00
3.315216064453125000e+00
3.285308837890625000e+00
1.277252197265625000e+00
4.057403564453125000e+00
3.865447998046875000e+00
5.080352783203125000e+00
5.629364013671875000e+00
1.976409912109375000e+00
2.395416259765625000e+00
2.770477294921875000e+00
2.346893310546875000e+00
3.756805419921875000e+00
4.044891357421875000e+00
2.773529052734375000e+00
5.570770263671875000e+00
4.435211181640625000e+00
2.054534912109375000e+00
1.970916748046875000e+00
1.874481201171875000e+00
1.237884521484375000e+00
3.436676025390625000e+00
5.301300048828125000e+00
2.250152587890625000e+00
5.706878662109375000e+00
4.219146728515625000e+00
5.329071044921875000e+00
4.646087646484375000e+00
5.656219482421875000e+00
4.083038330078125000e+00
5.131622314453125000e+00
3.360382080078125000e+00
4.787689208984375000e+00
3.988739013671875000e+00
4.177947998046875000e+00
5.838714599609375000e+00
3.077484130859375000e+00
4.274688720703125000e+00
1.053863525390625000e+00
1.433197021484375000e+00
3.266998291015625000e+00
2.532745361328125000e+00
5.643096923828125000e+00
1.471954345703125000e+00
4.651275634765625000e+00
2.444549560546875000e+00
1.401153564453125000e+00
5.305572509765625000e+00
2.851654052734375000e+00
1.688934326171875000e+00
3.177276611328125000e+00
1.592803955078125000e+00
1.234527587890625000e+00
1.183868408203125000e+00
3.462615966796875000e+00
2.657562255859375000e+00
1.862274169921875000e+00
2.002349853515625000e+00
1.939788818359375000e+00
2.646881103515625000e+00
1.636444091796875000e+00
1.333709716796875000e+00
4.175201416015625000e+00
2.758270263671875000e+00
5.255523681640625000e+00
3.843780517578125000e+00
2.900482177734375000e+00
5.581756591796875000e+00
5.709320068359375000e+00
2.526336669921875000e+00
5.340362548828125000e+00
3.371063232421875000e+00
2.793670654296875000e+00
5.918365478515625000e+00
2.778411865234375000e+00
4.199920654296875000e+00
2.200103759765625000e+00
5.599761962890625000e+00
1.791473388671875000e+00
3.663421630859375000e+00
2.959686279296875000e+00
3.288360595703125000e+00
5.995574951171875000e+00
2.233367919921875000e+00
1.289154052734375000e+00
2.318206787109375000e+00
1.058135986328125000e+00
1.669403076171875000e+00
2.044464111328125000e+00
5.743499755859375000e+00
3.233428955078125000e+00
4.381805419921875000e+00
1.694427490234375000e+00
3.689361572265625000e+00
3.278594970703125000e+00
3.276458740234375000e+00
3.432403564453125000e+00
3.257843017578125000e+00
1.770416259765625000e+00
5.121246337890625000e+00
1.814056396484375000e+00
4.237457275390625000e+00
3.278900146484375000e+00
5.044647216796875000e+00
2.163787841796875000e+00
2.853179931640625000e+00
1.709381103515625000e+00
1.722198486328125000e+00
3.409515380859375000e+00
5.387969970703125000e+00
3.473602294921875000e+00
2.266326904296875000e+00
2.037750244140625000e+00
3.210235595703125000e+00
3.816925048828125000e+00
3.498931884765625000e+00
4.130035400390625000e+00
4.370819091796875000e+00
2.470184326171875000e+00
2.379852294921875000e+00
1.685882568359375000e+00
1.542755126953125000e+00
1.346832275390625000e+00
4.188018798828125000e+00
1.744476318359375000e+00
5.724273681640625000e+00
2.475677490234375000e+00
1.134735107421875000e+00
3.409210205078125000e+00
2.226348876953125000e+00
2.069183349609375000e+00
1.244598388671875000e+00
2.804351806640625000e+00
3.609710693359375000e+00
4.795013427734375000e+00
4.971710205078125000e+00
4.745880126953125000e+00
3.655487060546875000e+00
2.630096435546875000e+00
3.879180908203125000e+00
3.808380126953125000e+00
4.316802978515625000e+00
3.248687744140625000e+00
1.893707275390625000e+00
5.866180419921875000e+00
4.128204345703125000e+00
1.608978271484375000e+00
4.491363525390625000e+00
5.697113037109375000e+00
3.360687255859375000e+00
4.174896240234375000e+00
4.080902099609375000e+00
1.716400146484375000e+00
1.070343017578125000e+00
1.275726318359375000e+00
3.415618896484375000e+00
1.965728759765625000e+00
4.151397705078125000e+00
3.218780517578125000e+00
1.482025146484375000e+00
2.716156005859375000e+00
4.401031494140625000e+00
1.983123779296875000e+00
2.169281005859375000e+00
2.398468017578125000e+00
2.782989501953125000e+00
1.665130615234375000e+00
5.903106689453125000e+00
2.152496337890625000e+00
2.082000732421875000e+00
4.680877685546875000e+00
5.775543212890625000e+00
3.938385009765625000e+00
5.647674560546875000e+00
2.678314208984375000e+00
1.654754638671875000e+00
2.172332763671875000e+00
3.588958740234375000e+00
2.521453857421875000e+00
2.265411376953125000e+00
3.597198486328125000e+00
3.029266357421875000e+00
1.431671142578125000e+00
2.908111572265625000e+00
4.672027587890625000e+00
4.137664794921875000e+00
4.982086181640625000e+00
2.374359130859375000e+00
3.010650634765625000e+00
4.039093017578125000e+00
5.622039794921875000e+00
5.454193115234375000e+00
2.195220947265625000e+00
5.868316650390625000e+00
2.020965576171875000e+00
5.333038330078125000e+00
4.084259033203125000e+00
2.927642822265625000e+00
5.932098388671875000e+00
1.058441162109375000e+00
4.238067626953125000e+00
5.084014892578125000e+00
3.574005126953125000e+00
5.851837158203125000e+00
1.334625244140625000e+00
2.967926025390625000e+00
3.681427001953125000e+00
2.261749267578125000e+00
3.909698486328125000e+00
5.529571533203125000e+00
1.876617431640625000e+00
4.990020751953125000e+00
4.874359130859375000e+00
3.374725341796875000e+00
5.387664794921875000e+00
2.905975341796875000e+00
1.163421630859375000e+00
4.930206298828125000e+00
2.193695068359375000e+00
1.178985595703125000e+00
2.924285888671875000e+00
2.569061279296875000e+00
1.778961181640625000e+00
2.821136474609375000e+00
2.895599365234375000e+00
1.146942138671875000e+00
1.381927490234375000e+00
2.083221435546875000e+00
3.949676513671875000e+00
2.345672607421875000e+00
1.262298583984375000e+00
2.992645263671875000e+00
5.289398193359375000e+00
2.989898681640625000e+00
4.896026611328125000e+00
4.337860107421875000e+00
2.704559326171875000e+00
2.678924560546875000e+00
3.813262939453125000e+00
2.434783935546875000e+00
5.769134521484375000e+00
5.265289306640625000e+00
5.706268310546875000e+00
3.074432373046875000e+00
5.676666259765625000e+00
1.099639892578125000e+00
3.760467529296875000e+00
2.576995849609375000e+00
4.356475830078125000e+00
1.747222900390625000e+00
5.661407470703125000e+00
1.284881591796875000e+00
4.542633056640625000e+00
3.234954833984375000e+00
1.890960693359375000e+00
2.676483154296875000e+00
1.364837646484375000e+00
4.881683349609375000e+00
5.632415771484375000e+00
5.490814208984375000e+00
5.539947509765625000e+00
5.834747314453125000e+00
2.688385009765625000e+00
2.641998291015625000e+00
2.501312255859375000e+00
4.643341064453125000e+00
1.943756103515625000e+00
2.230316162109375000e+00
3.423858642578125000e+00
4.590545654296875000e+00
5.565277099609375000e+00
1.368499755859375000e+00
4.702545166015625000e+00
3.134552001953125000e+00
4.024749755859375000e+00
3.185516357421875000e+00
1.953826904296875000e+00
3.031097412109375000e+00
2.410064697265625000e+00
2.801300048828125000e+00
1.263824462890625000e+00
5.771575927734375000e+00
5.950408935546875000e+00
2.655426025390625000e+00
1.420379638671875000e+00
2.861724853515625000e+00
2.407012939453125000e+00
3.372589111328125000e+00
1.443267822265625000e+00
1.802764892578125000e+00
4.105010986328125000e+00
1.882110595703125000e+00
1.177459716796875000e+00
5.901885986328125000e+00
1.306854248046875000e+00
2.205596923828125000e+00
1.072784423828125000e+00
3.968292236328125000e+00
2.696319580078125000e+00
1.905303955078125000e+00
5.836578369140625000e+00
5.798736572265625000e+00
2.290130615234375000e+00
2.740875244140625000e+00
5.142608642578125000e+00
4.245391845703125000e+00
3.819671630859375000e+00
4.900604248046875000e+00
2.485137939453125000e+00
3.864837646484375000e+00
2.195831298828125000e+00
4.854522705078125000e+00
4.066864013671875000e+00
1.172271728515625000e+00
5.887542724609375000e+00
1.345001220703125000e+00
4.347320556640625000e+00
1.060882568359375000e+00
3.446136474609375000e+00
4.118438720703125000e+00
2.919708251953125000e+00
1.137481689453125000e+00
5.709930419921875000e+00
1.612030029296875000e+00
2.043548583984375000e+00
4.195343017578125000e+00
2.259918212890625000e+00
2.340789794921875000e+00
5.354705810546875000e+00
1.962371826171875000e+00
2.700286865234375000e+00
2.245269775390625000e+00
5.640350341796875000e+00
2.798248291015625000e+00
5.286041259765625000e+00
2.542510986328125000e+00
2.918792724609375000e+00
4.723602294921875000e+00
5.564361572265625000e+00
3.579803466796875000e+00
4.014373779296875000e+00
3.101287841796875000e+00
5.875946044921875000e+00
3.571868896484375000e+00
4.243255615234375000e+00
2.385345458984375000e+00
1.561676025390625000e+00
4.866729736328125000e+00
4.364105224609375000e+00
4.913421630859375000e+00
4.625946044921875000e+00
1.526885986328125000e+00
4.069915771484375000e+00
1.923919677734375000e+00
5.978790283203125000e+00
1.475006103515625000e+00
2.837921142578125000e+00
3.589874267578125000e+00
2.671905517578125000e+00
1.067291259765625000e+00
5.113311767578125000e+00
4.096771240234375000e+00
4.977813720703125000e+00
5.462738037109375000e+00
5.404449462890625000e+00
1.783538818359375000e+00
3.338714599609375000e+00
4.521270751953125000e+00
3.978668212890625000e+00
2.988677978515625000e+00
4.470001220703125000e+00
1.672760009765625000e+00
5.066009521484375000e+00
5.463043212890625000e+00
3.907867431640625000e+00
2.512908935546875000e+00
1.883636474609375000e+00
2.743927001953125000e+00
3.023468017578125000e+00
3.063751220703125000e+00
5.914703369140625000e+00
4.321380615234375000e+00
3.634429931640625000e+00
2.829986572265625000e+00
5.958038330078125000e+00
1.286712646484375000e+00
4.648834228515625000e+00
4.707427978515625000e+00
1.896759033203125000e+00
2.319122314453125000e+00
5.552764892578125000e+00
1.731048583984375000e+00
2.824493408203125000e+00
1.207366943359375000e+00
3.935333251953125000e+00
4.056793212890625000e+00
4.052825927734375000e+00
4.804779052734375000e+00
3.196807861328125000e+00
4.733673095703125000e+00
5.182281494140625000e+00
1.098114013671875000e+00
1.811004638671875000e+00
5.727935791015625000e+00
2.541595458984375000e+00
5.825897216796875000e+00
5.167633056640625000e+00
5.161529541015625000e+00
2.269378662109375000e+00
4.460540771484375000e+00
3.932586669921875000e+00
1.369720458984375000e+00
2.234588623046875000e+00
3.860870361328125000e+00
3.200469970703125000e+00
2.844024658203125000e+00
4.558197021484375000e+00
3.734832763671875000e+00
2.449432373046875000e+00
4.530120849609375000e+00
5.454498291015625000e+00
1.111846923828125000e+00
2.366729736328125000e+00
4.765716552734375000e+00
2.460723876953125000e+00
2.353912353515625000e+00
3.330169677734375000e+00
4.037567138671875000e+00
5.013519287109375000e+00
1.140838623046875000e+00
2.697235107421875000e+00
5.354400634765625000e+00
2.707305908203125000e+00
1.660552978515625000e+00
3.872161865234375000e+00
2.478424072265625000e+00
5.804229736328125000e+00
3.615203857421875000e+00
1.063934326171875000e+00
4.954620361328125000e+00
5.821929931640625000e+00
3.151336669921875000e+00
3.087554931640625000e+00
1.755462646484375000e+00
5.565887451171875000e+00
1.855865478515625000e+00
1.794219970703125000e+00
5.691314697265625000e+00
2.809844970703125000e+00
1.566558837890625000e+00
5.328765869140625000e+00
5.343109130859375000e+00
5.466705322265625000e+00
1.061187744140625000e+00
4.087310791015625000e+00
4.064117431640625000e+00
2.774139404296875000e+00
1.908355712890625000e+00
3.335052490234375000e+00
2.594696044921875000e+00
5.799957275390625000e+00
5.665985107421875000e+00
2.301116943359375000e+00
1.580291748046875000e+00
5.726409912109375000e+00
3.397308349609375000e+00
4.701934814453125000e+00
4.500518798828125000e+00
1.549468994140625000e+00
1.801849365234375000e+00
5.442596435546875000e+00
3.146759033203125000e+00
2.028594970703125000e+00
1.818023681640625000e+00
3.857818603515625000e+00
5.346466064453125000e+00
5.239654541015625000e+00
2.380157470703125000e+00
5.097747802734375000e+00
5.296722412109375000e+00
4.405609130859375000e+00
2.318511962890625000e+00
5.910430908203125000e+00
1.272979736328125000e+00
2.801910400390625000e+00
2.253509521484375000e+00
4.276214599609375000e+00
5.783477783203125000e+00
2.417999267578125000e+00
2.645050048828125000e+00
2.230621337890625000e+00
3.899932861328125000e+00
5.915618896484375000e+00
1.307159423828125000e+00
1.087432861328125000e+00
2.426849365234375000e+00
3.272186279296875000e+00
2.792449951171875000e+00
2.740264892578125000e+00
4.892974853515625000e+00
1.097503662109375000e+00
4.718109130859375000e+00
2.100616455078125000e+00
4.602752685546875000e+00
1.139617919921875000e+00
4.219451904296875000e+00
2.479034423828125000e+00
1.167388916015625000e+00
5.019317626953125000e+00
3.145233154296875000e+00
2.174468994140625000e+00
4.988800048828125000e+00
5.279022216796875000e+00
3.506561279296875000e+00
5.136810302734375000e+00
1.686492919921875000e+00
5.235382080078125000e+00
1.452117919921875000e+00
1.660858154296875000e+00
4.172454833984375000e+00
5.622344970703125000e+00
3.621917724609375000e+00
3.892303466796875000e+00
2.702117919921875000e+00
3.438812255859375000e+00
3.319488525390625000e+00
1.371856689453125000e+00
4.289642333984375000e+00
3.099761962890625000e+00
3.736968994140625000e+00
4.897247314453125000e+00
4.343048095703125000e+00
1.875091552734375000e+00
5.029388427734375000e+00
4.837738037109375000e+00
2.656036376953125000e+00
4.567352294921875000e+00
5.266815185546875000e+00
5.755401611328125000e+00
1.126800537109375000e+00
4.997344970703125000e+00
4.886871337890625000e+00
1.907745361328125000e+00
5.329986572265625000e+00
5.086761474609375000e+00
5.583587646484375000e+00
2.100006103515625000e+00
1.105743408203125000e+00
1.510711669921875000e+00
5.381561279296875000e+00
2.890106201171875000e+00
5.140472412109375000e+00
4.754119873046875000e+00
1.910491943359375000e+00
1.638275146484375000e+00
3.457427978515625000e+00
2.216583251953125000e+00
4.357086181640625000e+00
5.703826904296875000e+00
5.247589111328125000e+00
4.774871826171875000e+00
3.927703857421875000e+00
1.619964599609375000e+00
5.225311279296875000e+00
1.041351318359375000e+00
3.711029052734375000e+00
2.293792724609375000e+00
4.749542236328125000e+00
1.586700439453125000e+00
5.826812744140625000e+00
2.973419189453125000e+00
3.419891357421875000e+00
4.516082763671875000e+00
3.698822021484375000e+00
2.179962158203125000e+00
2.679229736328125000e+00
2.300506591796875000e+00
1.090179443359375000e+00
4.667449951171875000e+00
2.958465576171875000e+00
5.587554931640625000e+00
1.955047607421875000e+00
3.970123291015625000e+00
4.750457763671875000e+00
1.975799560546875000e+00
4.666534423828125000e+00
2.310272216796875000e+00
4.255462646484375000e+00
5.347991943359375000e+00
5.810028076171875000e+00
1.378265380859375000e+00
2.344757080078125000e+00
5.203033447265625000e+00
2.523284912109375000e+00
1.290679931640625000e+00
5.089508056640625000e+00
1.257415771484375000e+00
1.800018310546875000e+00
5.466400146484375000e+00
5.947662353515625000e+00
1.961456298828125000e+00
4.923492431640625000e+00
4.483734130859375000e+00
1.263214111328125000e+00
5.087677001953125000e+00
1.845489501953125000e+00
1.350189208984375000e+00
1.261993408203125000e+00
2.273040771484375000e+00
4.664703369140625000e+00
3.535247802734375000e+00
3.620697021484375000e+00
5.702606201171875000e+00
5.992218017578125000e+00
2.003265380859375000e+00
2.914825439453125000e+00
4.569183349609375000e+00
4.876800537109375000e+00
1.901336669921875000e+00
3.555389404296875000e+00
3.075958251953125000e+00
3.050933837890625000e+00
5.044342041015625000e+00
5.615936279296875000e+00
3.738800048828125000e+00
2.825714111328125000e+00
3.668609619140625000e+00
1.117950439453125000e+00
2.487884521484375000e+00
4.207550048828125000e+00
3.392730712890625000e+00
2.533355712890625000e+00
2.731414794921875000e+00
4.387908935546875000e+00
4.862762451171875000e+00
3.568511962890625000e+00
5.786529541015625000e+00
1.705108642578125000e+00
4.315277099609375000e+00
1.850677490234375000e+00
5.667510986328125000e+00
3.807159423828125000e+00
3.610626220703125000e+00
2.861114501953125000e+00
5.647369384765625000e+00
1.572967529296875000e+00
2.715240478515625000e+00
5.611358642578125000e+00
1.050811767578125000e+00
1.615081787109375000e+00
3.876434326171875000e+00
3.145538330078125000e+00
3.358856201171875000e+00
2.355133056640625000e+00
3.020111083984375000e+00
2.150970458984375000e+00
3.326507568359375000e+00
4.484649658203125000e+00
5.028472900390625000e+00
4.643951416015625000e+00
1.835418701171875000e+00
1.474395751953125000e+00
1.296173095703125000e+00
5.147796630859375000e+00
3.290802001953125000e+00
4.767547607421875000e+00
4.603973388671875000e+00
3.210845947265625000e+00
1.159759521484375000e+00
1.612945556640625000e+00
1.978546142578125000e+00
4.890838623046875000e+00
4.188629150390625000e+00
4.501434326171875000e+00
2.053924560546875000e+00
1.425567626953125000e+00
4.522796630859375000e+00
3.143707275390625000e+00
1.544281005859375000e+00
4.519134521484375000e+00
4.972015380859375000e+00
1.731353759765625000e+00
4.465423583984375000e+00
4.786163330078125000e+00
1.169219970703125000e+00
4.566741943359375000e+00
2.493072509765625000e+00
3.134857177734375000e+00
5.800262451171875000e+00
4.733062744140625000e+00
3.702178955078125000e+00
5.766082763671875000e+00
4.222198486328125000e+00
1.628509521484375000e+00
3.178802490234375000e+00
4.541107177734375000e+00
5.370269775390625000e+00
3.021636962890625000e+00
1.712432861328125000e+00
5.612579345703125000e+00
3.790374755859375000e+00
2.688995361328125000e+00
5.062347412109375000e+00
1.083160400390625000e+00
2.945953369140625000e+00
4.363494873046875000e+00
1.368194580078125000e+00
1.334320068359375000e+00
1.401458740234375000e+00
4.235931396484375000e+00
2.359710693359375000e+00
4.060455322265625000e+00
4.346099853515625000e+00
4.584442138671875000e+00
2.577606201171875000e+00
2.882476806640625000e+00
1.353240966796875000e+00
5.489288330078125000e+00
5.952239990234375000e+00
2.812591552734375000e+00
1.969390869140625000e+00
1.360565185546875000e+00
2.269989013671875000e+00
5.129486083984375000e+00
3.716522216796875000e+00
1.863494873046875000e+00
1.763397216796875000e+00
1.983734130859375000e+00
3.183074951171875000e+00
1.123748779296875000e+00
3.173919677734375000e+00
5.011077880859375000e+00
3.174530029296875000e+00
5.775848388671875000e+00
2.065216064453125000e+00
4.299102783203125000e+00
2.363677978515625000e+00
4.653411865234375000e+00
4.126373291015625000e+00
1.240936279296875000e+00
4.288421630859375000e+00
4.666839599609375000e+00
5.096221923828125000e+00
1.123138427734375000e+00
5.811553955078125000e+00
5.115447998046875000e+00
1.033721923828125000e+00
3.474212646484375000e+00
4.606109619140625000e+00
4.884429931640625000e+00
3.401275634765625000e+00
3.889556884765625000e+00
2.138153076171875000e+00
3.515411376953125000e+00
4.697662353515625000e+00
3.274627685546875000e+00
5.671478271484375000e+00
3.140350341796875000e+00
1.531158447265625000e+00
5.412994384765625000e+00
3.734527587890625000e+00
3.931365966796875000e+00
1.312042236328125000e+00
3.902679443359375000e+00
4.234100341796875000e+00
3.564849853515625000e+00
5.733123779296875000e+00
1.157928466796875000e+00
4.006744384765625000e+00
2.000518798828125000e+00
2.048126220703125000e+00
1.904388427734375000e+00
3.162933349609375000e+00
4.502960205078125000e+00
3.433013916015625000e+00
4.805694580078125000e+00
2.378631591796875000e+00
2.906890869140625000e+00
1.597076416015625000e+00
1.659942626953125000e+00
3.294158935546875000e+00
3.158050537109375000e+00
2.350860595703125000e+00
4.516693115234375000e+00
5.748382568359375000e+00
2.247100830078125000e+00
3.509307861328125000e+00
3.541961669921875000e+00
3.238311767578125000e+00
5.863433837890625000e+00
1.258331298828125000e+00
5.406585693359375000e+00
4.103179931640625000e+00
1.953216552734375000e+00
4.931427001953125000e+00
4.206634521484375000e+00
3.219696044921875000e+00
3.834014892578125000e+00
4.814239501953125000e+00
4.603363037109375000e+00
2.881866455078125000e+00
1.068206787109375000e+00
2.514129638671875000e+00
1.665435791015625000e+00
1.496978759765625000e+00
5.577178955078125000e+00
5.432830810546875000e+00
4.420867919921875000e+00
4.400115966796875000e+00
3.532196044921875000e+00
3.484588623046875000e+00
2.215057373046875000e+00
3.170562744140625000e+00
1.973968505859375000e+00
5.069366455078125000e+00
1.702972412109375000e+00
4.550872802734375000e+00
3.353363037109375000e+00
3.739410400390625000e+00
3.881011962890625000e+00
5.105072021484375000e+00
4.349456787109375000e+00
3.240753173828125000e+00
2.695098876953125000e+00
2.995086669921875000e+00
2.111907958984375000e+00
2.040496826171875000e+00
2.101226806640625000e+00
4.567047119140625000e+00
4.377227783203125000e+00
5.720001220703125000e+00
2.472930908203125000e+00
1.631256103515625000e+00
5.141693115234375000e+00
5.436492919921875000e+00
5.548492431640625000e+00
4.001861572265625000e+00
2.656951904296875000e+00
3.104644775390625000e+00
4.283843994140625000e+00
1.147247314453125000e+00
2.190032958984375000e+00
2.762542724609375000e+00
3.545013427734375000e+00
3.010955810546875000e+00
5.129791259765625000e+00
3.971343994140625000e+00
4.820648193359375000e+00
3.292938232421875000e+00
1.200347900390625000e+00
1.299224853515625000e+00
3.999420166015625000e+00
3.385101318359375000e+00
2.185760498046875000e+00
1.035247802734375000e+00
2.144561767578125000e+00
4.658905029296875000e+00
2.006927490234375000e+00
5.596405029296875000e+00
4.437347412109375000e+00
1.923309326171875000e+00
5.904327392578125000e+00
1.054168701171875000e+00
4.508453369140625000e+00
1.600128173828125000e+00
4.572235107421875000e+00
5.350738525390625000e+00
2.508026123046875000e+00
1.149993896484375000e+00
2.123199462890625000e+00
5.940032958984375000e+00
1.050201416015625000e+00
5.919586181640625000e+00
2.647491455078125000e+00
4.421783447265625000e+00
4.655548095703125000e+00
4.000946044921875000e+00
1.832977294921875000e+00
5.237518310546875000e+00
5.590911865234375000e+00
5.526519775390625000e+00
2.122589111328125000e+00
4.226470947265625000e+00
1.895843505859375000e+00
1.092010498046875000e+00
5.793853759765625000e+00
4.611602783203125000e+00
3.607879638671875000e+00
3.471771240234375000e+00
5.142303466796875000e+00
4.825836181640625000e+00
5.008941650390625000e+00
5.802093505859375000e+00
2.525726318359375000e+00
5.990386962890625000e+00
1.594940185546875000e+00
1.272064208984375000e+00
1.426177978515625000e+00
5.175262451171875000e+00
1.949554443359375000e+00
1.359344482421875000e+00
2.795501708984375000e+00
4.136444091796875000e+00
3.066192626953125000e+00
2.179656982421875000e+00
3.524566650390625000e+00
5.304046630859375000e+00
5.989471435546875000e+00
2.718597412109375000e+00
2.874237060546875000e+00
5.211883544921875000e+00
3.238616943359375000e+00
2.428985595703125000e+00
4.418426513671875000e+00
3.159881591796875000e+00
2.303863525390625000e+00
1.518035888671875000e+00
3.002410888671875000e+00
1.344085693359375000e+00
1.531463623046875000e+00
4.340606689453125000e+00
3.921905517578125000e+00
4.413543701171875000e+00
4.637847900390625000e+00
5.313812255859375000e+00
5.602508544921875000e+00
3.438201904296875000e+00
4.552703857421875000e+00
4.537750244140625000e+00
2.842498779296875000e+00
4.815155029296875000e+00
5.814300537109375000e+00
5.459686279296875000e+00
5.691619873046875000e+00
1.412445068359375000e+00
1.659637451171875000e+00
3.761688232421875000e+00
4.790740966796875000e+00
2.891632080078125000e+00
2.429290771484375000e+00
5.056243896484375000e+00
3.867889404296875000e+00
3.042388916015625000e+00
3.362823486328125000e+00
2.948699951171875000e+00
5.261627197265625000e+00
5.485321044921875000e+00
1.892791748046875000e+00
1.900726318359375000e+00
2.767730712890625000e+00
5.593353271484375000e+00
2.809234619140625000e+00
1.486907958984375000e+00
2.928863525390625000e+00
2.174163818359375000e+00
5.188079833984375000e+00
2.871490478515625000e+00
2.827850341796875000e+00
3.814788818359375000e+00
3.382965087890625000e+00
3.932281494140625000e+00
1.267486572265625000e+00
4.415374755859375000e+00
1.065460205078125000e+00
5.946136474609375000e+00
3.644500732421875000e+00
3.245025634765625000e+00
4.229827880859375000e+00
3.221832275390625000e+00
1.228424072265625000e+00
3.018890380859375000e+00
2.646575927734375000e+00
4.061981201171875000e+00
5.368743896484375000e+00
3.080841064453125000e+00
5.251861572265625000e+00
5.356536865234375000e+00
3.215728759765625000e+00
4.933868408203125000e+00
3.884979248046875000e+00
5.989166259765625000e+00
1.206146240234375000e+00
1.723724365234375000e+00
5.213714599609375000e+00
2.409454345703125000e+00
5.328460693359375000e+00
1.008087158203125000e+00
1.978851318359375000e+00
3.071075439453125000e+00
2.443634033203125000e+00
4.146209716796875000e+00
2.370391845703125000e+00
5.670257568359375000e+00
2.911468505859375000e+00
1.271759033203125000e+00
3.253570556640625000e+00
3.758026123046875000e+00
5.382781982421875000e+00
