section,N,state_qubits,eval_qubits,estimate_cross_moments,Z_EW_qae,Z_EW_raw_exact_for_validation,ESS_exact_from_weights,ESS_ratio_exact_from_weights,map_index,param,MAP_norm,MAP_real,mean_norm_qae,mean_real_qae,var_norm_qae,std_norm_qae,std_real_qae,mean_norm_exact,mean_real_exact,var_norm_exact,std_norm_exact,std_real_exact,CI65_low_norm,CI65_high_norm,CI65_low_real,CI65_high_real,CI95_low_norm,CI95_high_norm,CI95_low_real,CI95_high_real,quantity,qae_E_f,raw_mean_E_f_for_validation,histogram_target_E_f,abs_error_qae_vs_raw,abs_error_qae_vs_histogram,sample_index,E0_norm_pred_raw,E0_pred_raw,J_shift,weight,posterior_prob,cation_ecof_1_norm,cation_ecof_1_real,cation_ecof_2_norm,cation_ecof_2_real,cation_ecof_3_norm,cation_ecof_3_real,CEC_0_norm,CEC_0_real,bouncon_1_norm,bouncon_1_real,bouncon_5_norm,bouncon_5_real,row_param,col_param,correlation,covariance_norm
meta,1024.0,6.0,6.0,True,0.008802323531641749,0.00867802066674175,23.336040399893527,0.022789101953021022,542.0,,,,,,,,,,,,,,,,,,,,,,,,,,,,,,,,,,,,,,,,,,,,,,,,,
summary,,,,,,,,,,cation_ecof[1],0.6460917758021482,0.6168734206417186,0.6489210206826989,0.619136816546159,0.005816854424911089,0.07626830550701312,0.061014644405610496,0.6643688090010058,0.6314950472008046,0.0003188144642242749,0.017855376339474757,0.014284301071579806,0.6460909877841101,0.6764415044423472,0.6168727902272881,0.6411532035538777,0.6446172067101583,0.7127541830867364,0.6156937653681267,0.6702033464693892,,,,,,,,,,,,,,,,,,,,,,,,,,,,
summary,,,,,,,,,,cation_ecof[2],0.7199156020332567,0.6759324816266054,0.7008364583186089,0.6606691666548871,0.01160538031152053,0.10772827071628195,0.08618261657302556,0.7187264139799237,0.6749811311839389,0.0001965633958875797,0.014020106842944519,0.011216085474355616,0.7067926554040964,0.7302272601908734,0.6654341243232771,0.6841818081526987,0.6858713668774494,0.735526841523304,0.6486970935019596,0.6884214732186432,,,,,,,,,,,,,,,,,,,,,,,,,,,,
summary,,,,,,,,,,cation_ecof[3],0.46355256464662636,4.244867952526385e-06,0.48875222699890514,4.421265588992336e-06,0.0016529180931436072,0.04065609539962744,2.845926677973921e-07,0.49424381015729085,4.459706671101036e-06,0.0006437684642352668,0.025372592777153598,1.7760814944007517e-07,0.4680102849959779,0.5218825200079669,4.276071994971845e-06,4.653177640055768e-06,0.46070049898174553,0.550053451798621,4.224903492872219e-06,4.850374162590347e-06,,,,,,,,,,,,,,,,,,,,,,,,,,,,
summary,,,,,,,,,,CEC[0],0.3076730099036304,2.538365049518152,0.26371054444695397,2.3185527222347697,0.015995542515479147,0.12647348542472903,0.6323674271236451,0.2932636519124647,2.4663182595623234,0.0005370437312195651,0.023174204004011986,0.11587102002005993,0.2705902975571189,0.3097201308268445,2.352951487785594,2.5486006541342228,0.24103614089772632,0.32556912815817235,2.2051807044886313,2.627845640790862,,,,,,,,,,,,,,,,,,,,,,,,,,,,
summary,,,,,,,,,,bouncon[1],0.22100167323261924,0.0015072053543443817,0.2289962954677516,0.0015327881454968053,0.0020680072797243793,0.04547534804401589,0.00014552111374085085,0.23232566875771485,0.0015434421400246875,0.00012179655507235585,0.011036147655425595,3.5315672497361905e-05,0.22320218608880435,0.24337522266018363,0.001514246995484174,0.0015788007125125876,0.22090137998487958,0.25465467376266365,0.0015068844159516147,0.0016148949560405236,,,,,,,,,,,,,,,,,,,,,,,,,,,,
summary,,,,,,,,,,bouncon[5],0.31046463745414293,0.0028627878247248577,0.31138668930561725,0.0028683201358337034,0.0,0.0,0.0,0.3191834863035871,0.0029151009178215227,0.0004322019738772834,0.0207894678594062,0.00012473680715643722,0.30548326027457806,0.3422430317383201,0.0028328995616474684,0.0030534581904299207,0.26354084547723733,0.34606153629838227,0.002581245072863424,0.003076369217790294,,,,,,,,,,,,,,,,,,,,,,,,,,,,
terms,,,,,,,,,,,,,,,,,,,,,,,,,,,,,,,Z_EW,0.008802323531641749,0.00867802066674175,0.00867802066674175,0.0001243028648999986,0.0001243028648999986,,,,,,,,,,,,,,,,,,,,,,
terms,,,,,,,,,,,,,,,,,,,,,,,,,,,,,,,M1_E_xW__cation_ecof[1],0.005712012770532302,0.005765406254849337,0.005765406254849338,5.339348431703493e-05,5.33934843170358e-05,,,,,,,,,,,,,,,,,,,,,,
terms,,,,,,,,,,,,,,,,,,,,,,,,,,,,,,,M2_E_x2W__cation_ecof[1],0.0037578469917909614,0.0038331227654506026,0.0038331227654506026,7.527577365964121e-05,7.527577365964121e-05,,,,,,,,,,,,,,,,,,,,,,
terms,,,,,,,,,,,,,,,,,,,,,,,,,,,,,,,M1_E_xW__cation_ecof[2],0.0061689892488903525,0.006237122674250969,0.0062371226742509705,6.813342536061626e-05,6.813342536061799e-05,,,,,,,,,,,,,,,,,,,,,,
terms,,,,,,,,,,,,,,,,,,,,,,,,,,,,,,,M2_E_x2W__cation_ecof[2],0.004425606888807639,0.004484490594429111,0.004484490594429111,5.888370562147187e-05,5.888370562147187e-05,,,,,,,,,,,,,,,,,,,,,,
terms,,,,,,,,,,,,,,,,,,,,,,,,,,,,,,,M1_E_xW__cation_ecof[3],0.004302155228854772,0.00428905799895416,0.004289057998954159,1.3097229900612545e-05,1.3097229900613412e-05,,,,,,,,,,,,,,,,,,,,,,
terms,,,,,,,,,,,,,,,,,,,,,,,,,,,,,,,M2_E_x2W__cation_ecof[3],0.0021172374688249087,0.002125427003425942,0.002125427003425942,8.189534601033173e-06,8.189534601033173e-06,,,,,,,,,,,,,,,,,,,,,,
terms,,,,,,,,,,,,,,,,,,,,,,,,,,,,,,,M1_E_xW__CEC[0],0.0023212655309274802,0.0025449480321005297,0.002544948032100529,0.00022368250117304946,0.0002236825011730486,,,,,,,,,,,,,,,,,,,,,,
terms,,,,,,,,,,,,,,,,,,,,,,,,,,,,,,,M2_E_x2W__CEC[0],0.0007529401372522117,0.0007510012304197096,0.0007510012304197094,1.938906832502042e-06,1.9389068325022588e-06,,,,,,,,,,,,,,,,,,,,,,
terms,,,,,,,,,,,,,,,,,,,,,,,,,,,,,,,M1_E_xW__bouncon[1],0.0020156994802545767,0.0020161269548940467,0.002016126954894046,4.2747463946998104e-07,4.274746394691137e-07,,,,,,,,,,,,,,,,,,,,,,
terms,,,,,,,,,,,,,,,,,,,,,,,,,,,,,,,M2_E_x2W__bouncon[1],0.00047979098289649473,0.00046945499611827007,0.00046945499611826996,1.0335986778224658e-05,1.0335986778224767e-05,,,,,,,,,,,,,,,,,,,,,,
terms,,,,,,,,,,,,,,,,,,,,,,,,,,,,,,,M1_E_xW__bouncon[5],0.0027409263827148527,0.0027698808906252113,0.0027698808906252113,2.895450791035861e-05,2.895450791035861e-05,,,,,,,,,,,,,,,,,,,,,,
terms,,,,,,,,,,,,,,,,,,,,,,,,,,,,,,,M2_E_x2W__bouncon[5],0.0008429112367387861,0.0008878508969769534,0.0008878508969769534,4.493966023816722e-05,4.493966023816722e-05,,,,,,,,,,,,,,,,,,,,,,
terms,,,,,,,,,,,,,,,,,,,,,,,,,,,,,,,Mjk_E_xxW__cation_ecof[1]__cation_ecof[1],0.0038371857232455467,0.0038331227654506026,0.0038331227654506026,4.06295779494404e-06,4.06295779494404e-06,,,,,,,,,,,,,,,,,,,,,,
terms,,,,,,,,,,,,,,,,,,,,,,,,,,,,,,,Mjk_E_xxW__cation_ecof[1]__cation_ecof[2],0.004198679675004313,0.004144106945581637,0.004144106945581636,5.4572729422676033e-05,5.45727294226769e-05,,,,,,,,,,,,,,,,,,,,,,
terms,,,,,,,,,,,,,,,,,,,,,,,,,,,,,,,Mjk_E_xxW__cation_ecof[1]__cation_ecof[3],0.002966450625889491,0.002850410704224875,0.002850410704224874,0.00011603992166461623,0.0001160399216646171,,,,,,,,,,,,,,,,,,,,,,
terms,,,,,,,,,,,,,,,,,,,,,,,,,,,,,,,Mjk_E_xxW__cation_ecof[1]__CEC[0],0.0017024337820693849,0.001690178226612887,0.001690178226612887,1.2255555456497933e-05,1.2255555456497933e-05,,,,,,,,,,,,,,,,,,,,,,
terms,,,,,,,,,,,,,,,,,,,,,,,,,,,,,,,Mjk_E_xxW__cation_ecof[1]__bouncon[1],0.0013459652311712503,0.0013400273959759564,0.0013400273959759564,5.937835195293914e-06,5.937835195293914e-06,,,,,,,,,,,,,,,,,,,,,,
terms,,,,,,,,,,,,,,,,,,,,,,,,,,,,,,,Mjk_E_xxW__cation_ecof[1]__bouncon[5],0.001837887584584952,0.0018402764380936057,0.0018402764380936049,2.3888535086538133e-06,2.388853508652946e-06,,,,,,,,,,,,,,,,,,,,,,
terms,,,,,,,,,,,,,,,,,,,,,,,,,,,,,,,Mjk_E_xxW__cation_ecof[2]__cation_ecof[2],0.004491321677171629,0.004484490594429111,0.004484490594429111,6.8310827425182435e-06,6.8310827425182435e-06,,,,,,,,,,,,,,,,,,,,,,
terms,,,,,,,,,,,,,,,,,,,,,,,,,,,,,,,Mjk_E_xxW__cation_ecof[2]__cation_ecof[3],0.0030957591204669056,0.003081668650965894,0.0030816686509658932,1.4090469501011442e-05,1.409046950101231e-05,,,,,,,,,,,,,,,,,,,,,,
terms,,,,,,,,,,,,,,,,,,,,,,,,,,,,,,,Mjk_E_xxW__cation_ecof[2]__CEC[0],0.0017946061454158278,0.0018289517502485945,0.001828951750248595,3.434560483276663e-05,3.4345604832767065e-05,,,,,,,,,,,,,,,,,,,,,,
terms,,,,,,,,,,,,,,,,,,,,,,,,,,,,,,,Mjk_E_xxW__cation_ecof[2]__bouncon[1],0.0014121131967067715,0.0014493204193128631,0.001449320419312863,3.7207222606091585e-05,3.720722260609137e-05,,,,,,,,,,,,,,,,,,,,,,
terms,,,,,,,,,,,,,,,,,,,,,,,,,,,,,,,Mjk_E_xxW__cation_ecof[2]__bouncon[5],0.00200196757556051,0.0019907420490299027,0.0019907420490299027,1.1225526530607433e-05,1.1225526530607433e-05,,,,,,,,,,,,,,,,,,,,,,
terms,,,,,,,,,,,,,,,,,,,,,,,,,,,,,,,Mjk_E_xxW__cation_ecof[3]__cation_ecof[3],0.0021253709764480597,0.002125427003425942,0.002125427003425942,5.6026977882182166e-08,5.6026977882182166e-08,,,,,,,,,,,,,,,,,,,,,,
terms,,,,,,,,,,,,,,,,,,,,,,,,,,,,,,,Mjk_E_xxW__cation_ecof[3]__CEC[0],0.0012835640780821443,0.001256748611123715,0.0012567486111237148,2.68154669584293e-05,2.6815466958429518e-05,,,,,,,,,,,,,,,,,,,,,,
terms,,,,,,,,,,,,,,,,,,,,,,,,,,,,,,,Mjk_E_xxW__cation_ecof[3]__bouncon[1],0.0010169570315477438,0.0009963692946744378,0.0009963692946744376,2.0587736873305942e-05,2.058773687330616e-05,,,,,,,,,,,,,,,,,,,,,,
terms,,,,,,,,,,,,,,,,,,,,,,,,,,,,,,,Mjk_E_xxW__cation_ecof[3]__bouncon[5],0.0013792374828502537,0.0013693505293223135,0.0013693505293223133,9.886953527940166e-06,9.886953527940383e-06,,,,,,,,,,,,,,,,,,,,,,
terms,,,,,,,,,,,,,,,,,,,,,,,,,,,,,,,Mjk_E_xxW__CEC[0]__CEC[0],0.0007045699985779821,0.0007510012304197096,0.0007510012304197094,4.6431231841727555e-05,4.643123184172734e-05,,,,,,,,,,,,,,,,,,,,,,
terms,,,,,,,,,,,,,,,,,,,,,,,,,,,,,,,Mjk_E_xxW__CEC[0]__bouncon[1],0.0005840141817867756,0.0005918268410844904,0.0005918268410844903,7.812659297714783e-06,7.812659297714675e-06,,,,,,,,,,,,,,,,,,,,,,
terms,,,,,,,,,,,,,,,,,,,,,,,,,,,,,,,Mjk_E_xxW__CEC[0]__bouncon[5],0.0008018148936698213,0.0008127508081572356,0.0008127508081572355,1.0935914487414291e-05,1.0935914487414183e-05,,,,,,,,,,,,,,,,,,,,,,
terms,,,,,,,,,,,,,,,,,,,,,,,,,,,,,,,Mjk_E_xxW__bouncon[1]__bouncon[1],0.00045382290965175387,0.00046945499611827007,0.00046945499611826996,1.56320864665162e-05,1.5632086466516092e-05,,,,,,,,,,,,,,,,,,,,,,
terms,,,,,,,,,,,,,,,,,,,,,,,,,,,,,,,Mjk_E_xxW__bouncon[1]__bouncon[5],0.000675281881563738,0.0006438143829370059,0.0006438143829370058,3.146749862673211e-05,3.146749862673222e-05,,,,,,,,,,,,,,,,,,,,,,
terms,,,,,,,,,,,,,,,,,,,,,,,,,,,,,,,Mjk_E_xxW__bouncon[5]__bouncon[5],0.0008556673424113543,0.0008878508969769534,0.0008878508969769534,3.2183554565599036e-05,3.2183554565599036e-05,,,,,,,,,,,,,,,,,,,,,,
kde_samples,,,,,,,,,,,,,,,,,,,,,,,,,,,,,,,,,,,,,0.0,0.0019820839248808203,43.840054090376555,10.218133549421118,3.6502363376858e-05,4.107715411629327e-06,0.6556089377116888,0.6244871501693511,0.7118773711945983,0.6695018969556786,0.5489669151467698,4.842768406027388e-06,0.3215362566886684,2.607681283443342,0.22898869602976588,0.0015327638272952509,0.2961412837560284,0.0027768477025361706,,,,
kde_samples,,,,,,,,,,,,,,,,,,,,,,,,,,,,,,,,,,,,,1.0,-0.0003204195932229245,38.44480279378598,4.822882252830546,0.008043570093804532,0.0009051659613850914,0.6433789757848911,0.6147031806279128,0.6838303369403705,0.6470642695522965,0.4909726083001417,4.436808258100992e-06,0.3311769251352418,2.655884625676209,0.25321836530607783,0.0016102987689794492,0.30488821709367303,0.002829329302562038,,,,
kde_samples,,,,,,,,,,,,,,,,,,,,,,,,,,,,,,,,,,,,,2.0,0.0003880333503463243,40.10485743965826,6.482936898702825,0.0015293126411043887,0.00017209792802201778,0.7265754922839643,0.6812603938271715,0.7058336850782663,0.6646669480626131,0.4617878934140189,4.232515253898132e-06,0.3085939272718351,2.5429696363591754,0.2402460485554778,0.001568787355377529,0.3100114402310954,0.0028600686413865727,,,,
kde_samples,,,,,,,,,,,,,,,,,,,,,,,,,,,,,,,,,,,,,3.0,0.0011770769843137616,41.9537530681589,8.331832527203467,0.00024073049524502674,2.709009154169112e-05,0.7035993311307015,0.6628794649045612,0.7362777386712493,0.6890221909369995,0.4829069233397635,4.380348463378345e-06,0.2418945722648232,2.209472861324116,0.27330352861484486,0.0016745712915675038,0.32808357217813106,0.0029685014330687863,,,,
kde_samples,,,,,,,,,,,,,,,,,,,,,,,,,,,,,,,,,,,,,4.0,0.0004495317232642501,40.24896109622809,6.627040555272657,0.00132407582261275,0.00014900204149960263,0.7071927060381098,0.6657541648304879,0.6651082287745614,0.6320865830196492,0.5510964325263502,4.857675027684451e-06,0.2704430654714536,2.3522153273572677,0.22790849825329698,0.0015293071944105503,0.28330612854991727,0.0026998367712995036,,,,
kde_samples,,,,,,,,,,,,,,,,,,,,,,,,,,,,,,,,,,,,,5.0,0.001947243786084199,43.7584162980614,10.136495757105962,3.960735371358313e-05,4.457128859943528e-06,0.7264367294607837,0.681149383568627,0.7319289031761242,0.6855431225408994,0.5382919769655133,4.768043838758593e-06,0.2516705211693016,2.258352605846508,0.27246357917788866,0.001671883453369244,0.26107577090271333,0.00256645462541628,,,,
kde_samples,,,,,,,,,,,,,,,,,,,,,,,,,,,,,,,,,,,,,6.0,-0.00024357921245494324,38.624856010082645,5.002935469127209,0.006718196965677679,0.0007560179303834159,0.7126607080133586,0.6701285664106869,0.6891560795112758,0.6513248636090206,0.5205242923910829,4.64367004673758e-06,0.2967918762838387,2.4839593814191936,0.22232587843881552,0.0015114428110042097,0.30355251488283563,0.002821315089297014,,,,
kde_samples,,,,,,,,,,,,,,,,,,,,,,,,,,,,,,,,,,,,,7.0,0.010067052527168156,62.78484048979496,29.162919948839523,2.1612489238441012e-13,2.432115263657178e-14,0.6653159282225204,0.6322527425780163,0.7224749243526988,0.6779799394821591,0.4760023719646424,4.332016603752497e-06,0.26000620783888684,2.300031039194434,0.31436373617682495,0.00180596395576584,0.3090480425383393,0.002854288255230036,,,,
kde_samples,,,,,,,,,,,,,,,,,,,,,,,,,,,,,,,,,,,,,8.0,0.00428611501216538,49.23888480369272,15.616964262737284,1.6505876701376508e-07,1.8574535409858666e-08,0.730705511435174,0.6845644091481392,0.7302968391740198,0.6842374713392159,0.454164832001143,4.179153824008001e-06,0.3186812727249132,2.593406363624566,0.31326246552148423,0.0018024398896687496,0.30514896717951984,0.002830893803077119,,,,
kde_samples,,,,,,,,,,,,,,,,,,,,,,,,,,,,,,,,,,,,,9.0,0.008841475927210178,59.91305606557832,26.29113552462288,3.818606598578731e-12,4.29718728455699e-13,0.6587598640346655,0.6270078912277324,0.6468240396209107,0.6174592316967286,0.4752657489774213,4.326860242841949e-06,0.28848466574346954,2.442423328717348,0.30658561080171354,0.0017810739545654833,0.3034690107533789,0.0028208140645202733,,,,
kde_samples,,,,,,,,,,,,,,,,,,,,,,,,,,,,,,,,,,,,,10.0,0.0004773572031006243,40.314162063342835,6.692241522387398,0.0012404990478484129,0.00013959690785909448,0.6824712584541492,0.6459770067633194,0.6767308794831526,0.6413847035865221,0.4985841273301449,4.4900888913110145e-06,0.2786593943268938,2.393296971634469,0.23444700707433547,0.0015502304226378736,0.2983225395806908,0.002789935237484145,,,,
kde_samples,,,,,,,,,,,,,,,,,,,,,,,,,,,,,,,,,,,,,11.0,0.0048691932846735494,50.605160156163976,16.98323961520854,4.209909406193292e-08,4.737531532094453e-09,0.736248491267355,0.688998793013884,0.6408434330804982,0.6126747464643986,0.4645804142829517,4.252062899980662e-06,0.29221037204621975,2.4610518602310987,0.27693783061285293,0.0016862010579611294,0.34641568642223663,0.00307849411853342,,,,
kde_samples,,,,,,,,,,,,,,,,,,,,,,,,,,,,,,,,,,,,,12.0,0.008020300848934146,57.98886968715951,24.36694914620407,2.6155826325402207e-11,2.9433899879718646e-12,0.6932043285457444,0.6545634628365955,0.6851685948170051,0.6481348758536041,0.4559679813359362,4.191775869351553e-06,0.2817973223342707,2.408986611671353,0.3173397413261634,0.001815487172243723,0.24736486984163628,0.0024841892190498177,,,,
kde_samples,,,,,,,,,,,,,,,,,,,,,,,,,,,,,,,,,,,,,13.0,0.004238875830370026,49.12819343891202,15.506272897956585,1.8437891098475701e-07,2.0748686500438605e-08,0.7360226631550926,0.688818130524074,0.6417244707744774,0.6133795766195819,0.5276721955262528,4.6937053686837695e-06,0.23677237941285997,2.1838618970642996,0.26547011800168696,0.0016495043776053983,0.29046346274108653,0.0027427807764465193,,,,
kde_samples,,,,,,,,,,,,,,,,,,,,,,,,,,,,,,,,,,,,,14.0,0.0016111015252580976,42.97076409501309,9.348843554057652,8.706604807521267e-05,9.79779155162735e-06,0.7236038031429526,0.678883042514362,0.6519262327103542,0.6215409861682833,0.5328621980821898,4.730035386575328e-06,0.3078858282008957,2.5394291410044785,0.22656991069215726,0.0015250237142149033,0.27174766249477317,0.002630485974968639,,,,
kde_samples,,,,,,,,,,,,,,,,,,,,,,,,,,,,,,,,,,,,,15.0,0.006540878641736039,54.52227147402668,20.900350933071245,8.377084957431096e-10,9.426973434269139e-11,0.7169287974366485,0.6735430379493188,0.681534988016258,0.6452279904130064,0.5305252223168685,4.713676556218079e-06,0.27667409580808594,2.3833704790404298,0.3128770798687677,0.001801206655580057,0.2688490178015564,0.0026130941068093386,,,,
kde_samples,,,,,,,,,,,,,,,,,,,,,,,,,,,,,,,,,,,,,16.0,0.0013704438762817475,42.406852473395496,8.78493193244006,0.00015302152924675367,1.7219950596308014e-05,0.6616705076147997,0.6293364060918398,0.7254209780839012,0.6803367824671209,0.5468266646096329,4.82778665226743e-06,0.302612504677793,2.5130625233889647,0.2773157209959942,0.0016874103071871816,0.279303642382436,0.002675821854294616,,,,
kde_samples,,,,,,,,,,,,,,,,,,,,,,,,,,,,,,,,,,,,,17.0,0.002562374683368944,45.19979770966579,11.577877168710351,9.371127213240229e-06,1.0545597631787998e-06,0.730544111640972,0.6844352893127776,0.6615118942341471,0.6292095153873177,0.5392631128913883,4.774841790239718e-06,0.27643547747305,2.3821773873652496,0.27155487113344545,0.0016689755876270257,0.31553928216627636,0.0028932356929976585,,,,
kde_samples,,,,,,,,,,,,,,,,,,,,,,,,,,,,,,,,,,,,,18.0,0.009062441368850788,60.43082469270078,26.808904151745345,2.2753114956233817e-12,2.560473139872084e-13,0.727132927554257,0.6817063420434055,0.6559067715348652,0.6247254172278922,0.5386345387010206,4.770441770907144e-06,0.25617596969143913,2.2808798484571957,0.30651657655795644,0.0017808530449854609,0.3332567784303598,0.0029995406705821586,,,,
kde_samples,,,,,,,,,,,,,,,,,,,,,,,,,,,,,,,,,,,,,19.0,0.001669478168091744,43.107552879682665,9.485632338727228,7.593503857915198e-05,8.545187198810332e-06,0.6707636942389973,0.6366109553911978,0.6744479187724535,0.6395583350179628,0.5053617011404987,4.537531907983491e-06,0.247130526935488,2.2356526346774404,0.23135673853458688,0.0015403415633106782,0.2594643599138612,0.0025567861594831673,,,,
kde_samples,,,,,,,,,,,,,,,,,,,,,,,,,,,,,,,,,,,,,20.0,0.002700315719615917,45.52302264670191,11.901102105746475,6.782925185644505e-06,7.633019822126087e-07,0.7032501016974825,0.662600081357986,0.6657527166659027,0.6326021733327222,0.45738557322138723,4.20169901254971e-06,0.32172712592121816,2.608635629606091,0.2697357537733945,0.0016631544120748625,0.31723052676264624,0.0029033831605758775,,,,
kde_samples,,,,,,,,,,,,,,,,,,,,,,,,,,,,,,,,,,,,,21.0,0.005601148115525707,52.320284680035776,18.69836413908034,7.57536623336806e-09,8.524776410853007e-10,0.6593368543951045,0.6274694835160836,0.696265090577809,0.6570120724622472,0.4775111821564726,4.342578275095308e-06,0.2949826989549661,2.4749134947748304,0.3028888240938339,0.0017692442371002686,0.2480224160402685,0.002488134496241611,,,,
kde_samples,,,,,,,,,,,,,,,,,,,,,,,,,,,,,,,,,,,,,22.0,0.001753935780858161,43.305454876879274,9.683534335923838,6.230092181300956e-05,7.010901021610544e-06,0.7402592389689624,0.6922073911751699,0.724946954216303,0.6799575633730424,0.5409794287485373,4.786856001239761e-06,0.31180279329426264,2.559013966471313,0.299742444120418,0.0017591758211853376,0.2648318316982997,0.0025889909901897984,,,,
kde_samples,,,,,,,,,,,,,,,,,,,,,,,,,,,,,,,,,,,,,23.0,0.009280668686085854,60.94217731692331,27.320256775967877,1.3644676327988753e-12,1.535474474913238e-13,0.6489358166657513,0.619148653332601,0.6458128521957949,0.6166502817566359,0.5287638399801594,4.701346879861115e-06,0.29451263454768184,2.4725631727384094,0.31723359166585025,0.001815147493330721,0.2645179720899024,0.0025871078325394145,,,,
kde_samples,,,,,,,,,,,,,,,,,,,,,,,,,,,,,,,,,,,,,24.0,0.003874954226441983,48.275448376847095,14.653527835891659,4.3256733454132476e-07,4.867804005779323e-08,0.7291308371386332,0.6833046697109066,0.6968590420858269,0.6574872336686616,0.5336165124482322,4.735315587137625e-06,0.3110669196414399,2.5553345982071995,0.30350898837023926,0.0017712287627847656,0.33477964147923095,0.0030086778488753857,,,,
kde_samples,,,,,,,,,,,,,,,,,,,,,,,,,,,,,,,,,,,,,25.0,0.0016728034300745875,43.115344669742214,9.493424128786778,7.534566780885393e-05,8.478863619393773e-06,0.7091034690973251,0.6672827752778601,0.7245881501326158,0.6796705201060926,0.48365507467249935,4.385585522707495e-06,0.28941829068220054,2.4470914534110024,0.28367002974531347,0.0017077440951850033,0.30413288942512856,0.002824797336550771,,,,
kde_samples,,,,,,,,,,,,,,,,,,,,,,,,,,,,,,,,,,,,,26.0,0.011913802647101561,67.11216546485306,33.49024492389763,2.8534576544268007e-15,3.211077557501856e-16,0.6490918593088246,0.6192734874470597,0.6508870406305273,0.6207096325044218,0.48031373674901107,4.362196157243077e-06,0.27929584883497016,2.396479244174851,0.31543904282584334,0.0018094049370426988,0.3178943000893738,0.0029073658005362426,,,,
kde_samples,,,,,,,,,,,,,,,,,,,,,,,,,,,,,,,,,,,,,27.0,0.0012847875621331897,42.20614166607748,8.584221125122042,0.00018703381564680237,2.104745051974603e-05,0.7309804514383048,0.6847843611506439,0.6653505435760896,0.6322804348608717,0.5366631857427804,4.756642300199463e-06,0.2913748394537105,2.4568741972685526,0.25510582262553094,0.001616338632401699,0.2975950794897253,0.002785570476938352,,,,
kde_samples,,,,,,,,,,,,,,,,,,,,,,,,,,,,,,,,,,,,,28.0,0.008873409751666644,59.987883750508736,26.3659632095533,3.543297909706871e-12,3.9873745383085175e-13,0.6514139260006641,0.6211311408005312,0.7184614697445311,0.6747691757956249,0.49226341094066234,4.445843876584636e-06,0.2378707676745177,2.189353838372589,0.294230100981416,0.0017415363231405314,0.2924018907698512,0.002754411344619107,,,,
kde_samples,,,,,,,,,,,,,,,,,,,,,,,,,,,,,,,,,,,,,29.0,0.0003030261905291737,39.905667737832886,6.283747196877449,0.0018663937296150269,0.00021003062755570816,0.6817782621845451,0.6454226097476361,0.6905709424992761,0.6524567539994208,0.4805651539567168,4.363956077697017e-06,0.29618666608783484,2.480933330439174,0.24763251281440402,0.0015924240410060929,0.3210834363293014,0.002926500617975809,,,,
kde_samples,,,,,,,,,,,,,,,,,,,,,,,,,,,,,,,,,,,,,30.0,0.008779003313989626,59.76666955853091,26.14474901757547,4.420585256748344e-12,4.974611095751351e-13,0.7272673086274698,0.6818138469019759,0.6612381264593911,0.6289905011675129,0.4935516707985872,4.45486169559011e-06,0.27829141751334663,2.3914570875667334,0.31553090546556983,0.0018096988974898236,0.33530661311341853,0.003011839678680511,,,,
kde_samples,,,,,,,,,,,,,,,,,,,,,,,,,,,,,,,,,,,,,31.0,0.007165103006311686,55.98496079713087,22.36304025617543,1.9402380539425838e-10,2.1834054069667392e-11,0.6743781058025042,0.6395024846420034,0.6600030202974366,0.6280024162379493,0.49674918608654905,4.477244302605843e-06,0.3049926149920787,2.5249630749603935,0.31537775541856417,0.0018092088173394054,0.3019950232014168,0.002811970139208501,,,,
kde_samples,,,,,,,,,,,,,,,,,,,,,,,,,,,,,,,,,,,,,32.0,0.0012609982193980754,42.15039821933462,8.528477678379183,0.00019775578880808393,2.2254024843248458e-05,0.7144457531113447,0.6715566024890758,0.6680924172559823,0.6344739338047859,0.4938340240014113,4.456838168009879e-06,0.3158014844558622,2.579007422279311,0.2509796212982541,0.0016031347881544132,0.3033846257772248,0.002820307754663349,,,,
kde_samples,,,,,,,,,,,,,,,,,,,,,,,,,,,,,,,,,,,,,33.0,-0.0005558180441979158,37.8932145821492,4.271294041193762,0.013963701851473515,0.0015713753300439577,0.7196243429528806,0.6756994743623045,0.7248643474577265,0.6798914779661812,0.5129698637978892,4.590789046585225e-06,0.28706219810930456,2.435310990546523,0.25607546421004246,0.001619441485472136,0.334698497074137,0.003008190982444822,,,,
kde_samples,,,,,,,,,,,,,,,,,,,,,,,,,,,,,,,,,,,,,34.0,0.0005858364234087379,40.5683517527043,6.946431211748866,0.0009620624315445557,0.00010826363860896175,0.7234406681686424,0.6787525345349139,0.7139827973475359,0.6711862378780287,0.4626393937465043,4.23847575622553e-06,0.31822512277740606,2.59112561388703,0.23092777375168339,0.0015389688760053869,0.28076093416379466,0.0026845656049827677,,,,
kde_samples,,,,,,,,,,,,,,,,,,,,,,,,,,,,,,,,,,,,,35.0,0.00137399725243572,42.415178783062885,8.793258242107449,0.00015175271421221084,1.707716720943277e-05,0.705758958240166,0.6646071665921328,0.6421887383475232,0.6137509906780185,0.48870634210663855,4.42094439474647e-06,0.317441639353619,2.587208196768095,0.23185642257642286,0.0015419405522445534,0.300853426322251,0.002805120557933506,,,,
kde_samples,,,,,,,,,,,,,,,,,,,,,,,,,,,,,,,,,,,,,36.0,0.00011868076863420784,39.47370753943178,5.851786998476342,0.002874757378225407,0.00032350467462384004,0.7208971936126918,0.6767177548901534,0.7066670007224444,0.6653336005779555,0.5099891666637384,4.569924166646168e-06,0.2765322359926848,2.382661179963424,0.22726133721683894,0.0015272362790938847,0.2832564886296286,0.0026995389317777717,,,,
kde_samples,,,,,,,,,,,,,,,,,,,,,,,,,,,,,,,,,,,,,37.0,0.0029376000872192234,46.07902995870235,12.457109417746913,3.889968812388475e-06,4.377493225969023e-07,0.6582590729531919,0.6266072583625535,0.6795306353412974,0.643624508273038,0.460176122475295,4.221232857327065e-06,0.2578488950799745,2.2892444753998724,0.2587850055689508,0.0016281120178206427,0.25017616167204404,0.0025010569700322643,,,,
kde_samples,,,,,,,,,,,,,,,,,,,,,,,,,,,,,,,,,,,,,38.0,0.0008226084769202419,41.123158604750465,7.501238063795029,0.0005524000401230829,6.21631573487876e-05,0.6937557887691876,0.6550046310153501,0.6765320803819062,0.641225664305525,0.490581787887812,4.434072515214684e-06,0.24086389928156218,2.2043194964078108,0.23209317239493166,0.0015426981516637813,0.34361796855574933,0.003061707811334496,,,,
kde_samples,,,,,,,,,,,,,,,,,,,,,,,,,,,,,,,,,,,,,39.0,0.004007662602197523,48.58641208688441,14.964491545928972,3.169595905092437e-07,3.5668369780790094e-08,0.708941111213271,0.6671528889706168,0.7316983958070079,0.6853587166456063,0.5516284485030298,4.861399139521208e-06,0.33174322534696676,2.658716126734834,0.253131032118164,0.001610019302778125,0.3383252642738648,0.003029951585643189,,,,
kde_samples,,,,,,,,,,,,,,,,,,,,,,,,,,,,,,,,,,,,,40.0,0.008664317501210841,59.49793651415976,25.876015973204325,5.78347748471005e-12,6.508312722517092e-13,0.6780621546426444,0.6424497237141156,0.6547258309202354,0.6237806647361883,0.5457822594782421,4.8204758163476945e-06,0.26837421203116363,2.3418710601558184,0.30205759297505586,0.001766584297520179,0.3457072076991471,0.0030742432461948826,,,,
kde_samples,,,,,,,,,,,,,,,,,,,,,,,,,,,,,,,,,,,,,41.0,0.002100967871315182,44.118624247208295,10.496703706252859,2.7627367339434815e-05,3.1089867094712355e-06,0.6626990395045792,0.6301592316036634,0.6985951082605276,0.6588760866084221,0.4597045649750309,4.217931954825216e-06,0.2439812903665607,2.2199064518328036,0.2597715068971519,0.0016312688220708861,0.28855653383797436,0.0027313392030278464,,,,
kde_samples,,,,,,,,,,,,,,,,,,,,,,,,,,,,,,,,,,,,,42.0,0.0007147890546555583,40.87051496134346,7.248594420388024,0.0007111732973427067,8.003036635392065e-05,0.696442344067648,0.6571538752541184,0.7359433433914966,0.6887546747131973,0.5351701498261767,4.746191048783237e-06,0.3115231772031213,2.5576158860156064,0.26332278695309624,0.0016426329182499082,0.28413002374725765,0.002704780142483546,,,,
kde_samples,,,,,,,,,,,,,,,,,,,,,,,,,,,,,,,,,,,,,43.0,-0.0008161906582429754,37.28310663986896,3.661186098913525,0.025702009514462252,0.002892320683524132,0.6633988909779109,0.6307191127823287,0.7094521927788837,0.6675617542231069,0.5036236658479949,4.525365660935964e-06,0.27485050357415525,2.3742525178707763,0.2330732067185337,0.001545834261499308,0.28669624463502397,0.0027201774678101438,,,,
kde_samples,,,,,,,,,,,,,,,,,,,,,,,,,,,,,,,,,,,,,44.0,0.0016731318825341582,43.11611430311929,9.494193762163853,7.528770157732477e-05,8.472340513474627e-06,0.652933042883509,0.6223464343068071,0.709035049965085,0.667228039972068,0.46033459629382395,4.222342174056767e-06,0.2533061327962535,2.2665306639812677,0.2646047844024531,0.00164673531008785,0.32867358801802826,0.0029720415281081695,,,,
kde_samples,,,,,,,,,,,,,,,,,,,,,,,,,,,,,,,,,,,,,45.0,0.0025794456647179817,45.23979861890797,11.617878077952533,9.00367187291218e-06,1.0132089621644203e-06,0.7184992838102202,0.6747994270481762,0.7084679196822918,0.6667743357458334,0.47926172822336843,4.3548320975635785e-06,0.30808509071432183,2.540425453571609,0.2897709144106589,0.0017272669261141084,0.29905579315711855,0.0027943347589427115,,,,
kde_samples,,,,,,,,,,,,,,,,,,,,,,,,,,,,,,,,,,,,,46.0,-0.0006648919186365149,37.63763149275889,4.015710951803456,0.018030131438520187,0.0020289822886007023,0.6737082753087711,0.6389666202470169,0.7328148711928563,0.686251896954285,0.46781318849776365,4.274692319484346e-06,0.30551000907635784,2.527550045381789,0.26762923680251927,0.0016564135577680616,0.3157087973294832,0.002894252783976899,,,,
kde_samples,,,,,,,,,,,,,,,,,,,,,,,,,,,,,,,,,,,,,47.0,0.0001500900873489877,39.54730619680126,5.925385655845822,0.0026707774856107548,0.00030055023356737645,0.6547759533917411,0.6238207627133929,0.6752914858740885,0.6402331886992708,0.5226403178068317,4.658482224647822e-06,0.23644278140413913,2.182213907020696,0.22674736009795593,0.001525591552313459,0.33102277916601697,0.002986136674996102,,,,
kde_samples,,,,,,,,,,,,,,,,,,,,,,,,,,,,,,,,,,,,,48.0,0.001961321450074195,43.79140323349833,10.169482692542893,3.8322142619952276e-05,4.312500377617601e-06,0.6859256836762415,0.6487405469409933,0.7349961898925705,0.6879969519140564,0.4764176617640817,4.334923632348572e-06,0.2800215402364362,2.400107701182181,0.28891925952094105,0.0017245416304670115,0.29004147794128116,0.002740248867647687,,,,
kde_samples,,,,,,,,,,,,,,,,,,,,,,,,,,,,,,,,,,,,,49.0,0.0020625247117514664,44.02854381742811,10.406623276472672,3.0231586291346247e-05,3.4020469207671914e-06,0.6941536308532958,0.6553229046826367,0.6435018187828057,0.6148014550262445,0.48961535764965924,4.427307503547615e-06,0.23482119103024135,2.174105955151207,0.22361980532373393,0.0015155833770359485,0.2876952028771648,0.002726171217262989,,,,
kde_samples,,,,,,,,,,,,,,,,,,,,,,,,,,,,,,,,,,,,,50.0,0.00516190968852813,51.29105641865064,17.669135877695204,2.1202730260347066e-08,2.386003913222343e-09,0.6565948109243714,0.6252758487394972,0.7197064756172241,0.6757651804937793,0.4816649993474896,4.371654995432427e-06,0.3171092394032309,2.5855461970161544,0.31048685576139584,0.0017935579384364669,0.300670933316946,0.002804025599901676,,,,
kde_samples,,,,,,,,,,,,,,,,,,,,,,,,,,,,,,,,,,,,,51.0,0.0012326053600917805,42.083867762472444,8.461947221517008,0.00021136010476552434,2.3784957450162388e-05,0.7170444059542644,0.6736355247634116,0.6626788787912516,0.6301431030330014,0.5299432760948407,4.709602932663885e-06,0.3048656635056151,2.5243283175280755,0.259402324524838,0.0016300874384794818,0.3179661559765525,0.002907796935859315,,,,
kde_samples,,,,,,,,,,,,,,,,,,,,,,,,,,,,,,,,,,,,,52.0,-3.64466495857349e-05,39.110211285155835,5.488290744200398,0.004134905749149824,0.0004653127770402315,0.6967048110084657,0.6573638488067726,0.7181502009990375,0.6745201607992299,0.5210151523952397,4.647106066766677e-06,0.25057508873520123,2.252875443676006,0.2513871563172419,0.0016044389002151742,0.3273799322151628,0.002964279593290977,,,,
kde_samples,,,,,,,,,,,,,,,,,,,,,,,,,,,,,,,,,,,,,53.0,0.003636011566563853,47.71555533634482,14.093634795389384,7.572027427513591e-07,8.521019157076521e-08,0.6959437922110344,0.6567550337688275,0.6720943203334976,0.6376754562667981,0.4661780816010051,4.263246571207036e-06,0.3030123212822021,2.5150616064110105,0.2807764093158262,0.001698484509810644,0.2839091051673717,0.0027034546310042303,,,,
kde_samples,,,,,,,,,,,,,,,,,,,,,,,,,,,,,,,,,,,,,54.0,0.003318546028576473,46.971666633468985,13.349746092513548,1.5932316940425908e-06,1.7929092196984155e-07,0.7141543719804027,0.6713234975843221,0.6734289689795733,0.6387431751836586,0.4865893583831029,4.40612550868172e-06,0.27354426161774975,2.3677213080887487,0.2747255626190824,0.0016791218003810637,0.28629694900704933,0.002717781694042296,,,,
kde_samples,,,,,,,,,,,,,,,,,,,,,,,,,,,,,,,,,,,,,55.0,0.00522617559675051,51.441644994058734,17.819724453103298,1.8238621093475843e-08,2.0524442261192354e-09,0.7251178731788693,0.6800942985430954,0.6589404896616031,0.6271523917292825,0.5209236667309072,4.6464656671163505e-06,0.2948557405983799,2.4742787029918993,0.2983893607092567,0.0017548459542696215,0.2542156680612103,0.0025252940083672617,,,,
kde_samples,,,,,,,,,,,,,,,,,,,,,,,,,,,,,,,,,,,,,56.0,0.0007223050757351676,40.88812658371716,7.266206042761723,0.0006987580291959833,7.863324069991057e-05,0.7036942667711135,0.6629554134168908,0.6527328975079749,0.6221863180063799,0.5406543218758799,4.784580253131159e-06,0.26334285955546505,2.316714297777325,0.23245256479190027,0.001543848207334081,0.2999987596203365,0.002799992557722019,,,,
kde_samples,,,,,,,,,,,,,,,,,,,,,,,,,,,,,,,,,,,,,57.0,-0.0007552682106886019,37.425860781860415,3.8039402409049785,0.02228279905665201,0.0025075471457631296,0.647190238665094,0.6177521909320751,0.7107099699026543,0.6685679759221235,0.46075560895495277,4.22528926268467e-06,0.2539703341867761,2.2698516709338805,0.2446566151546647,0.001582901168494927,0.3386977630766812,0.003032186578460087,,,,
kde_samples,,,,,,,,,,,,,,,,,,,,,,,,,,,,,,,,,,,,,58.0,0.0002470905410785415,39.774598715418236,6.1526781744628,0.002127775578143745,0.00023944467498153256,0.6468854791722992,0.6175083833378394,0.6803515730748485,0.6442812584598788,0.4915594729240498,4.4409163104683484e-06,0.30569479181700393,2.5284739590850194,0.2491389859642295,0.0015972447550855345,0.2785719035423239,0.0026714314212539433,,,,
kde_samples,,,,,,,,,,,,,,,,,,,,,,,,,,,,,,,,,,,,,59.0,0.0026345081613439528,45.36882166012332,11.74690111916788,7.913810824684687e-06,8.905637794917604e-07,0.7208392585297061,0.6766714068237649,0.6903606832859042,0.6522885466287234,0.5001994079918701,4.50139585594309e-06,0.31500155390171486,2.5750077695085745,0.285222113364541,0.0017127107627665315,0.3454051255884566,0.0030724307535307397,,,,
kde_samples,,,,,,,,,,,,,,,,,,,,,,,,,,,,,,,,,,,,,60.0,0.00027513051007083816,39.840302275856935,6.218381734901499,0.0019924669494779377,0.0002242180077775854,0.6698369718592536,0.6358695774874029,0.6739134154142525,0.639130732331402,0.5069492732928843,4.54864491305019e-06,0.2858459589301007,2.4292297946505035,0.22242567653725462,0.0015117621649192148,0.2761903927987185,0.002657142356792311,,,,
kde_samples,,,,,,,,,,,,,,,,,,,,,,,,,,,,,,,,,,,,,61.0,-0.0006851550688228986,37.59015065876385,3.9682301178084103,0.01890686646615268,0.0021276437902612902,0.6570945995481791,0.6256756796385432,0.7040636896224998,0.6632509516979999,0.4931104773897398,4.451773341728178e-06,0.23470050009738003,2.1735025004869,0.22778871369302303,0.0015289238838176737,0.3364353811120946,0.0030186122866725676,,,,
kde_samples,,,,,,,,,,,,,,,,,,,,,,,,,,,,,,,,,,,,,62.0,0.001631883880683395,43.0194615363733,9.397540995417863,8.292773472196717e-05,9.332095307146505e-06,0.6691251590076707,0.6353001272061365,0.6507413978582747,0.6205931182866198,0.5480458068347382,4.836320647843168e-06,0.27891873550302865,2.394593677515143,0.2614726265196764,0.0016367124048629646,0.2802109577644855,0.0026812657465869133,,,,
kde_samples,,,,,,,,,,,,,,,,,,,,,,,,,,,,,,,,,,,,,63.0,-0.0006262621133464805,37.728149272835836,4.1062287318804,0.016469769469577126,0.0018533902908614206,0.6887320551389784,0.6509856441111828,0.721500967913157,0.6772007743305256,0.47792954668396564,4.345506826787759e-06,0.3145354419889873,2.5726772099449366,0.25066562058125297,0.0016021299858600096,0.2845617152382242,0.0027073702914293452,,,,
kde_samples,,,,,,,,,,,,,,,,,,,,,,,,,,,,,,,,,,,,,64.0,0.006761775204991716,55.03987870456812,21.41795816361268,4.992280235086621e-10,5.6179558153867003e-11,0.6521540051891922,0.6217232041513537,0.6880897650358001,0.6504718120286401,0.5189135756648228,4.632395029653759e-06,0.3340640865272733,2.6703204326363665,0.31836496716436585,0.0018187678949259708,0.28138875178856093,0.002688332510731366,,,,
kde_samples,,,,,,,,,,,,,,,,,,,,,,,,,,,,,,,,,,,,,65.0,0.004923518762997896,50.73245620807564,17.110535667120203,3.706711431156147e-08,4.171268450490483e-09,0.7038752003570856,0.6631001602856685,0.6955036321902192,0.6564029057521753,0.5362429605823382,4.753700724076367e-06,0.3240761654244702,2.620380827122351,0.31643360831222267,0.0018125875465991128,0.2823003484236581,0.0026938020905419484,,,,
kde_samples,,,,,,,,,,,,,,,,,,,,,,,,,,,,,,,,,,,,,66.0,0.0009622971955355678,41.45047873012821,7.8285581891727745,0.00039819919450648564,4.481049490646623e-05,0.6968372275580296,0.6574697820464237,0.7287366004615127,0.6829892803692101,0.5388253048272299,4.771777133790609e-06,0.3059351104161996,2.529675552080998,0.2881058485076297,0.0017219387152244152,0.28199270156783923,0.0026919562094070357,,,,
kde_samples,,,,,,,,,,,,,,,,,,,,,,,,,,,,,,,,,,,,,67.0,0.005521906559678193,52.13460500416616,18.512684463210725,9.121017571966967e-09,1.0264142094937306e-09,0.694486649077766,0.6555893192622129,0.7276137340008411,0.6820909872006728,0.46672195208854816,4.267053664619837e-06,0.26740533350850426,2.3370266675425215,0.3004824590495156,0.0017615438689584499,0.34618961832302936,0.003077137709938176,,,,
kde_samples,,,,,,,,,,,,,,,,,,,,,,,,,,,,,,,,,,,,,68.0,0.0028103285395453606,45.7808058833828,12.15888534242736,5.241591719852879e-06,5.898513163878774e-07,0.721095749317762,0.6768765994542096,0.6446879680689918,0.6157503744551934,0.4576053543415633,4.203237480390943e-06,0.32481189507405317,2.6240594753702657,0.25158389470068876,0.0016050684630422043,0.31714449912395687,0.002902866994743741,,,,
kde_samples,,,,,,,,,,,,,,,,,,,,,,,,,,,,,,,,,,,,,69.0,0.004872984423032814,50.614043592817836,16.9921230518624,4.17267656531013e-08,4.695632350735837e-09,0.6917143701522559,0.6533714961218047,0.643006986927872,0.6144055895422975,0.49737804200371905,4.4816462940260336e-06,0.28243457084429324,2.412172854221466,0.2845272744820432,0.0017104872783425384,0.30188559438952856,0.0028113135663371713,,,,
kde_samples,,,,,,,,,,,,,,,,,,,,,,,,,,,,,,,,,,,,,70.0,0.006583022436125942,54.62102327159728,20.999102730641845,7.589367080283872e-10,8.540531964557348e-11,0.6682105453111163,0.634568436248893,0.7158436003159736,0.6726748802527789,0.5372102913635646,4.760472039544952e-06,0.3070906106858409,2.5354530534292046,0.31847080512906933,0.001819106576413022,0.2791821012645212,0.0026750926075871273,,,,
kde_samples,,,,,,,,,,,,,,,,,,,,,,,,,,,,,,,,,,,,,71.0,0.009115836482668248,60.555940704376845,26.93402016342141,2.007722414549178e-12,2.2593474891945995e-13,0.684096857571447,0.6472774860571576,0.6909938290719376,0.6527950632575501,0.4982826197825983,4.487978338478188e-06,0.25318854866981844,2.2659427433490924,0.30452145136743797,0.0017744686443758016,0.3250044610188041,0.0029500267661128248,,,,
kde_samples,,,,,,,,,,,,,,,,,,,,,,,,,,,,,,,,,,,,,72.0,0.0037218500756969752,47.916693064933085,14.294772523977649,6.192402435449711e-07,6.968487672015842e-08,0.6597185754402493,0.6277748603521994,0.70715165763725,0.6657213261098,0.49537462550964406,4.4676223785675086e-06,0.32936229639432657,2.646811481971633,0.29941248427920797,0.0017581199496934656,0.33220728066693556,0.002993243684001613,,,,
kde_samples,,,,,,,,,,,,,,,,,,,,,,,,,,,,,,,,,,,,,73.0,0.009504770609716981,61.46729538277324,27.8453748418178,8.07062855499822e-13,9.082109274579116e-14,0.7214331355329819,0.6771465084263856,0.6589890927170933,0.6271912741736746,0.5008260354705697,4.5057822482939875e-06,0.265742694315701,2.328713471578505,0.317136724503007,0.0018148375184096227,0.2873168408471597,0.002723901045082958,,,,
kde_samples,,,,,,,,,,,,,,,,,,,,,,,,,,,,,,,,,,,,,74.0,-0.0002375406334277977,38.63900567416333,5.0170851332078925,0.0066238061096888035,0.0007453958572354562,0.6643065051150051,0.6314452040920041,0.7076319650693194,0.6661055720554555,0.49276110532811307,4.449327737296791e-06,0.2941514045436186,2.470757022718093,0.23909813204798908,0.0015651140225535652,0.2540117941685961,0.0025240707650115764,,,,
kde_samples,,,,,,,,,,,,,,,,,,,,,,,,,,,,,,,,,,,,,75.0,0.006504178410688559,54.43627509331011,20.814354552354672,9.129367157531059e-10,1.0273538122517286e-10,0.6549017756572327,0.6239214205257861,0.6872378804038505,0.6497903043230804,0.4968667953956345,4.4780675677694415e-06,0.2734220626981634,2.3671103134908167,0.3010639588384061,0.0017634046682828996,0.25240589357044163,0.00251443536142265,,,,
kde_samples,,,,,,,,,,,,,,,,,,,,,,,,,,,,,,,,,,,,,76.0,0.000380508935021083,40.08722614779686,6.465305606841426,0.0015565155047491282,0.00017515914411589926,0.650107264098178,0.6200858112785423,0.7169410643815742,0.6735528515052593,0.5085548649191652,4.559884054434156e-06,0.3127551345075137,2.5637756725375684,0.27393684101894167,0.0016765978912606134,0.3046789598750116,0.0028280737592500695,,,,
kde_samples,,,,,,,,,,,,,,,,,,,,,,,,,,,,,,,,,,,,,77.0,0.0029182141062385203,46.03360451713431,12.411683976178871,4.0707472486754886e-06,4.5809283737592637e-07,0.738778050485998,0.6910224403887983,0.6676648581376325,0.634131886510106,0.47059162387289377,4.2941413671102565e-06,0.31645178499318977,2.5822589249659487,0.2660594314910165,0.001651390180771253,0.28905275096666605,0.002734316505799996,,,,
kde_samples,,,,,,,,,,,,,,,,,,,,,,,,,,,,,,,,,,,,,78.0,0.0010967563836435865,41.76554496272001,8.14362442176457,0.0002905820952510648,3.270003475345062e-05,0.6716073143568693,0.6372858514854954,0.6643809343861529,0.6315047475089223,0.4947320838610829,4.46312458702758e-06,0.2711799839040256,2.355899919520128,0.21968115638523897,0.0015029797004327647,0.26625644732012677,0.0025975386839207607,,,,
kde_samples,,,,,,,,,,,,,,,,,,,,,,,,,,,,,,,,,,,,,79.0,0.004267902046982831,49.19620798550621,15.574287444550777,1.7225542294631002e-07,1.9384395697016137e-08,0.6477952796324814,0.6182362237059851,0.6882957145643447,0.6506365716514757,0.5256270186874159,4.679389130811911e-06,0.3193593925378206,2.596796962689103,0.2967499466817996,0.0017495998293817587,0.3015884053869772,0.0028095304323218634,,,,
kde_samples,,,,,,,,,,,,,,,,,,,,,,,,,,,,,,,,,,,,,80.0,0.007093382235323777,55.81690390617608,22.194983365220644,2.2953092059985995e-10,2.5829771356428513e-11,0.6956121577959736,0.6564897262367789,0.647538471050109,0.6180307768400872,0.49615058514052257,4.473054095983658e-06,0.2923444168893234,2.4617220844466168,0.306137798812338,0.0017796409561994814,0.3169629521048476,0.0029017777126290854,,,,
kde_samples,,,,,,,,,,,,,,,,,,,,,,,,,,,,,,,,,,,,,81.0,0.0016097278806215046,42.967545355954336,9.3456248149989,8.734674246349978e-05,9.82937889441995e-06,0.7253841644356032,0.6803073315484826,0.6873644524851067,0.6498915619880854,0.5369263020650511,4.758484114455357e-06,0.31631675679962207,2.58158378399811,0.26951126932222647,0.0016624360618311246,0.34677106898631155,0.0030806264139178695,,,,
kde_samples,,,,,,,,,,,,,,,,,,,,,,,,,,,,,,,,,,,,,82.0,0.0020106265319049382,43.9069354377205,10.285014896765063,3.4140885733945405e-05,3.841971574501235e-06,0.6544776292607779,0.6235821034086223,0.7175201176498309,0.6740160941198647,0.5217081215878496,4.651956851114947e-06,0.24213090086619224,2.210654504330961,0.2572696532138517,0.0016232628902843255,0.24763551135969145,0.0024858130681581487,,,,
kde_samples,,,,,,,,,,,,,,,,,,,,,,,,,,,,,,,,,,,,,83.0,0.0017220804235828155,43.23081105710144,9.608890516146005,6.71292618336911e-05,7.554247941665434e-06,0.698110924746794,0.6584887397974353,0.6915466313267946,0.6532373050614357,0.5325716369119575,4.728001458383703e-06,0.24797017953768047,2.2398508976884024,0.2387046691795804,0.0015638549413746574,0.2477772031353269,0.0024866632188119617,,,,
kde_samples,,,,,,,,,,,,,,,,,,,,,,,,,,,,,,,,,,,,,84.0,0.006166698057309135,53.6454874572314,20.02356691627596,2.013146499418369e-09,2.2654513671219358e-10,0.6847064569739377,0.6477651655791502,0.6464554689245017,0.6171643751396013,0.5099127768989207,4.569389438292445e-06,0.2565302405920479,2.2826512029602393,0.2870690215757419,0.0017186208690423742,0.2670943965176851,0.0026025663791061104,,,,
kde_samples,,,,,,,,,,,,,,,,,,,,,,,,,,,,,,,,,,,,,85.0,0.0011689530756211278,41.93471703691608,8.312796495960647,0.00024535694337265014,2.7610718989254986e-05,0.7375538826588933,0.6900431061271146,0.7375977078561199,0.6900781662848959,0.5309812505626187,4.7168687539383305e-06,0.274333487481469,2.371667437407345,0.28023760267103603,0.0016967603285473155,0.3237693305021867,0.0029426159830131205,,,,
kde_samples,,,,,,,,,,,,,,,,,,,,,,,,,,,,,,,,,,,,,86.0,0.0022790509860863423,44.535910539418296,10.91398999846286,1.8201801259749438e-05,2.0483007848606492e-06,0.7050412778960695,0.6640330223168556,0.6438851986539614,0.6151081589231692,0.5395246884658782,4.776672819261147e-06,0.3291867878254867,2.6459339391274335,0.2755174030544356,0.0016816556897741941,0.25519522405615547,0.0025311713443369327,,,,
kde_samples,,,,,,,,,,,,,,,,,,,,,,,,,,,,,,,,,,,,,87.0,0.001050014805600595,41.65601958846615,8.034099047510715,0.0003242165025734695,3.648501086288391e-05,0.643957430537093,0.6151659444296744,0.6695214713501153,0.6356171770800922,0.47627279469610595,4.333909562872742e-06,0.274527686951065,2.372638434755325,0.2482620373964898,0.0015944385196687673,0.31005230469632644,0.0028603138281779587,,,,
kde_samples,,,,,,,,,,,,,,,,,,,,,,,,,,,,,,,,,,,,,88.0,0.002929688985323066,46.06049257866053,12.438572037705093,3.962751155392699e-06,4.4593972794042283e-07,0.7242577915776931,0.6794062332621544,0.7359389176465079,0.6887511341172063,0.5015953989453421,4.511167792617395e-06,0.28824250033087434,2.4412125016543715,0.30165629444495123,0.001765300142223844,0.3012725083574565,0.0028076350501447392,,,,
kde_samples,,,,,,,,,,,,,,,,,,,,,,,,,,,,,,,,,,,,,89.0,0.0012193840452572116,42.05288743369424,8.430966892738802,0.0002180105955886152,2.4533356214562096e-05,0.7192421150658533,0.6753936920526826,0.6993495604989286,0.6594796483991429,0.49530699890426866,4.46714899232988e-06,0.2995003186490306,2.497501593245153,0.25974858851747495,0.0016311954832559199,0.2674935625794299,0.0026049613754765798,,,,
kde_samples,,,,,,,,,,,,,,,,,,,,,,,,,,,,,,,,,,,,,90.0,0.009999742790908601,62.627119583411016,29.00519904245558,2.530475339878954e-13,2.847616315977691e-14,0.6668067222339205,0.6334453777871364,0.6550663410291079,0.6240530728232863,0.4638988670997267,4.247292069698087e-06,0.2475559517591614,2.2377797587958073,0.2910183608466909,0.0017312587547094111,0.32149495240800224,0.002928969714448014,,,,
kde_samples,,,,,,,,,,,,,,,,,,,,,,,,,,,,,,,,,,,,,91.0,0.0034151561834869157,47.19804459964628,13.576124058690844,1.2704694772334885e-06,1.4296956604583187e-07,0.739074428745643,0.6912595429965144,0.6585835615504717,0.6268668492403774,0.4704138938568389,4.292897256997872e-06,0.2952550056332413,2.4762750281662065,0.2621922802113101,0.0016390152966761925,0.2880044319847957,0.0027280265919087743,,,,
kde_samples,,,,,,,,,,,,,,,,,,,,,,,,,,,,,,,,,,,,,92.0,0.005461956398277255,51.99412913366864,18.372208592713207,1.0496661395120024e-08,1.1812193456691325e-09,0.6953886511765686,0.6563109209412549,0.7294132399136266,0.6835305919309013,0.49578077557927425,4.4704654290549196e-06,0.2905655433695822,2.452827716847911,0.3158741704780726,0.0018107973455298325,0.2946918973566935,0.002768151384140161,,,,
kde_samples,,,,,,,,,,,,,,,,,,,,,,,,,,,,,,,,,,,,,93.0,0.005031656838918895,50.985846524197314,17.363925983241877,2.8770192073219947e-08,3.237592047248804e-09,0.6866106984401036,0.6492885587520829,0.7255400254747733,0.6804320203798186,0.5371384168136495,4.759968917695546e-06,0.2685934793290579,2.3429673966452897,0.30253557046406065,0.0017681138254849941,0.3025833644829527,0.0028155001868977163,,,,
kde_samples,,,,,,,,,,,,,,,,,,,,,,,,,,,,,,,,,,,,,94.0,0.0006139078919959809,40.63412912333662,7.012208582381184,0.0009008168615102635,0.00010137149934316881,0.6479015372976829,0.6183212298381463,0.6476939589847144,0.6181551671877715,0.5355616443672628,4.74893151057084e-06,0.31216351199039655,2.5608175599519827,0.24346488889349788,0.0015790876444591933,0.24879297213872287,0.0024927578328323373,,,,
kde_samples,,,,,,,,,,,,,,,,,,,,,,,,,,,,,,,,,,,,,95.0,5.64327486257607e-05,39.32784730164271,5.7059267606872766,0.00332619337102624,0.0003743060587930583,0.7363638282215095,0.6890910625772075,0.7119419026133689,0.6695535220906951,0.47370281524616514,4.315919706723156e-06,0.26823032918248063,2.341151645912403,0.2317902029030596,0.0015417286492897908,0.3427877672785311,0.003056726603671187,,,,
kde_samples,,,,,,,,,,,,,,,,,,,,,,,,,,,,,,,,,,,,,96.0,0.006408485759845907,54.212047032647604,20.590126491692168,1.1424091765374276e-09,1.2855857393126117e-10,0.6775065506206854,0.6420052404965484,0.7335212997994477,0.6868170398395581,0.5293185596910216,4.705229917837151e-06,0.25794023594296484,2.2897011797148243,0.3013221440135475,0.0017642308608433522,0.3072135250641848,0.002843281150385109,,,,
kde_samples,,,,,,,,,,,,,,,,,,,,,,,,,,,,,,,,,,,,,97.0,0.009198017929985092,60.748509165925626,27.12658862497019,1.6560454329754256e-12,1.8635953176950316e-13,0.6435961683147592,0.6148769346518074,0.6622644479729417,0.6298115583783533,0.47696752962357714,4.33877270736504e-06,0.2664665941622582,2.332332970811291,0.2989513234869168,0.0017566442351581338,0.3022886175190741,0.0028137317051144446,,,,
kde_samples,,,,,,,,,,,,,,,,,,,,,,,,,,,,,,,,,,,,,98.0,0.00019949569097892778,39.663073944797056,6.041153403841619,0.002378813597950031,0.00026769470175971513,0.7395441359804105,0.6916353087843283,0.7235178851333676,0.6788143081066941,0.5268398952563381,4.6878792667943666e-06,0.2553926381185256,2.276963190592628,0.247267706668791,0.0015912566613401312,0.32725128880348253,0.0029635077328208953,,,,
kde_samples,,,,,,,,,,,,,,,,,,,,,,,,,,,,,,,,,,,,,99.0,0.0046197839820918615,50.02074156459378,16.39882102363834,7.552357153632764e-08,8.498883634963323e-09,0.7129492585815358,0.6703594068652287,0.7050497411908978,0.6640397929527182,0.5427653263954315,4.799357284768021e-06,0.31281838572530085,2.564091928626504,0.3134410453167177,0.0018030113450134967,0.31984961776760595,0.002919097706605636,,,,
kde_samples,,,,,,,,,,,,,,,,,,,,,,,,,,,,,,,,,,,,,100.0,0.004411988090326578,49.533831970033795,15.911911429078359,1.2289795880723704e-07,1.3830059008462146e-08,0.7340487910821509,0.6872390328657207,0.6960151307433545,0.6568121045946836,0.5485901954395718,4.840131368077002e-06,0.3336246466115427,2.668123233057713,0.24642693162667278,0.0015885661812053528,0.31956183800539784,0.0029173710280323874,,,,
kde_samples,,,,,,,,,,,,,,,,,,,,,,,,,,,,,,,,,,,,,101.0,0.0016084835133680295,42.96462954106634,9.3427090001109,8.760180106672084e-05,9.858081368955723e-06,0.7379037363070244,0.6903229890456195,0.702259171399851,0.6618073371198807,0.47747487850968306,4.342324149567782e-06,0.2527612619340461,2.2638063096702306,0.2408695235358273,0.0015707824753146474,0.2823653114192009,0.0026941918685152054,,,,
kde_samples,,,,,,,,,,,,,,,,,,,,,,,,,,,,,,,,,,,,,102.0,0.00396872331218668,48.49516911884224,14.873248577886805,3.47240373469321e-07,3.907595294347841e-08,0.7359010404532597,0.6887208323626077,0.6940973384861077,0.6552778707888861,0.5019780677462116,4.513846474223481e-06,0.28928928135353066,2.4464464067676532,0.296285864751647,0.0017481147672052705,0.26791377396063126,0.0026074826437637874,,,,
kde_samples,,,,,,,,,,,,,,,,,,,,,,,,,,,,,,,,,,,,,103.0,0.0021193244882625126,44.16163767177308,10.539717130817642,2.646421457906274e-05,2.9780938006880007e-06,0.7125613124442336,0.6700490499553868,0.6384081036216397,0.6107264828973118,0.48192806430324303,4.373496450122701e-06,0.30460983906054556,2.523049195302728,0.23545845426350115,0.0015534670536432038,0.2954501846865573,0.002772701108119344,,,,
kde_samples,,,,,,,,,,,,,,,,,,,,,,,,,,,,,,,,,,,,,104.0,-0.001243171483145282,36.28260052508539,2.660679984129956,0.06990067423155959,0.007866122909901666,0.6579725325093218,0.6263780260074574,0.686032289905077,0.6488258319240616,0.5185615838888384,4.6299310872218686e-06,0.299320298188021,2.4966014909401046,0.23652293451616627,0.001556873390451732,0.34081768990109285,0.003044906139406557,,,,
kde_samples,,,,,,,,,,,,,,,,,,,,,,,,,,,,,,,,,,,,,105.0,0.002719108689830961,45.567058538991446,11.94513799803601,6.4907141288744e-06,7.304186357577312e-07,0.6825126200431872,0.6460100960345498,0.7144030529693536,0.6715224423754829,0.5434318499057039,4.804022949339927e-06,0.32955813176401483,2.647790658820074,0.24767708904144528,0.001592566684932625,0.29943669507490306,0.002796620170449418,,,,
kde_samples,,,,,,,,,,,,,,,,,,,,,,,,,,,,,,,,,,,,,106.0,-0.00011152054957921237,38.934297305830626,5.312376764875189,0.004930194867289222,0.0005548089374272989,0.7301303702175193,0.6841042961740154,0.7113648280462147,0.6690918624369717,0.465849540281257,4.260946781968799e-06,0.3155162129380329,2.5775810646901647,0.24002818912386328,0.0015680902051963626,0.3307752514396251,0.002984651508637751,,,,
kde_samples,,,,,,,,,,,,,,,,,,,,,,,,,,,,,,,,,,,,,107.0,0.00024490284339325624,39.76947247839828,6.147551937442842,0.002138711065084419,0.00024067527662165422,0.7119269827124765,0.6695415861699812,0.718567675393512,0.6748541403148096,0.5332576804394649,4.732803763076254e-06,0.272476786678415,2.362383933392075,0.24124156551368178,0.0015719730096437818,0.25468501217010264,0.0025281100730206157,,,,
kde_samples,,,,,,,,,,,,,,,,,,,,,,,,,,,,,,,,,,,,,108.0,0.006734513881929451,54.975999675744916,21.35407913478948,5.321588213384839e-10,5.988535507354175e-11,0.6620975510121322,0.6296780408097058,0.7239394049804625,0.67915152398437,0.5299904476120719,4.709933133284503e-06,0.2637251918817651,2.318625959408825,0.30319119196016847,0.0017702118142725392,0.27211865158651916,0.002632711909519115,,,,
kde_samples,,,,,,,,,,,,,,,,,,,,,,,,,,,,,,,,,,,,,109.0,0.009043033495319909,60.38534795227096,26.763427411315526,2.381174145823038e-12,2.67960340967175e-13,0.7081443966726033,0.6665155173380827,0.6769090800667374,0.64152726405339,0.5440220704187815,4.80815449293147e-06,0.26492701422957293,2.3246350711478647,0.3140072566649529,0.0018048232213278494,0.3356848769420208,0.003014109261652125,,,,
kde_samples,,,,,,,,,,,,,,,,,,,,,,,,,,,,,,,,,,,,,110.0,0.00673199694760683,54.97010196785402,21.348181426898584,5.353066118687089e-10,6.023958495011417e-11,0.7075037328588376,0.6660029862870701,0.661888471884762,0.6295107775078096,0.5223113167876292,4.656179217513404e-06,0.26947788740643724,2.347389437032186,0.30374240455470436,0.001771975694575054,0.25024355341711385,0.0025014613205026834,,,,
kde_samples,,,,,,,,,,,,,,,,,,,,,,,,,,,,,,,,,,,,,111.0,-0.0014468710702654,35.80528943614083,2.183368895185396,0.11266134633224187,0.012678103711971036,0.668681282784412,0.6349450262275296,0.7355751989952602,0.6884601591962082,0.4907427680499624,4.435199376349737e-06,0.2563010521326386,2.281505260663193,0.2280784507987921,0.0015298510425561349,0.2922299640415621,0.0027533797842493727,,,,
kde_samples,,,,,,,,,,,,,,,,,,,,,,,,,,,,,,,,,,,,,112.0,0.0005118745900422397,40.39504357999955,6.7731230390441155,0.0011441159468209262,0.00012875064167562215,0.741582250142235,0.693265800113788,0.7219707281485895,0.6775765825188717,0.5050884578067032,4.535619204646922e-06,0.3089758272482259,2.5448791362411294,0.2624096659319634,0.001639710930982283,0.3011886766029698,0.002807132059617819,,,,
kde_samples,,,,,,,,,,,,,,,,,,,,,,,,,,,,,,,,,,,,,113.0,0.0025691212402683336,45.21560631520005,11.593685774244612,9.224147592125575e-06,1.0380197257950596e-06,0.7094966947297372,0.6675973557837898,0.6548840322687877,0.6239072258150301,0.547251561081276,4.830760927568932e-06,0.29264637944207433,2.4632318972103717,0.2760123128004962,0.001683239400961588,0.32048866241037904,0.002922931974462274,,,,
kde_samples,,,,,,,,,,,,,,,,,,,,,,,,,,,,,,,,,,,,,114.0,0.0015410476920819718,42.8066131908764,9.184692649920962,0.00010259794548703218,1.1545640415868985e-05,0.7163975402257509,0.6731180321806007,0.6833231927489137,0.646658554199131,0.5215895230364799,4.651126661255359e-06,0.26105529314271003,2.30527646571355,0.2601208727344027,0.0016323867927500887,0.312387277867758,0.002874323667206548,,,,
kde_samples,,,,,,,,,,,,,,,,,,,,,,,,,,,,,,,,,,,,,115.0,0.0005703465818121187,40.53205578733398,6.910135246378545,0.0009976228624805463,0.00011226535566744013,0.665559466212603,0.6324475729700824,0.7099670463532038,0.6679736370825631,0.5314405442355187,4.720083809648631e-06,0.23604129993054143,2.180206499652707,0.2283008863970738,0.0015305628364706363,0.2534012983509941,0.0025204077901059647,,,,
kde_samples,,,,,,,,,,,,,,,,,,,,,,,,,,,,,,,,,,,,,116.0,0.0008304948558342587,41.141638053631524,7.519717512676088,0.0005422857330562191,6.102496542988167e-05,0.6626132313241221,0.6300905850592977,0.6943116735549288,0.6554493388439431,0.5435587688292052,4.804911381804436e-06,0.2522003347227822,2.2610016736139107,0.23917315747418488,0.0015653541039173918,0.2629043705105065,0.0025774262230630392,,,,
kde_samples,,,,,,,,,,,,,,,,,,,,,,,,,,,,,,,,,,,,,117.0,0.00017965706538623089,39.616587861449084,5.994667320493647,0.0024920058750546267,0.0002804325526308931,0.6594857056029735,0.6275885644823788,0.6386022718283312,0.6108818174626649,0.5212204902896055,4.6485434320272385e-06,0.31316637504735867,2.5658318752367935,0.220732668400796,0.0015063445388825473,0.29178728726833,0.00275072372360998,,,,
kde_samples,,,,,,,,,,,,,,,,,,,,,,,,,,,,,,,,,,,,,118.0,0.0016752590998537972,43.12109882188839,9.499178280932952,7.491336234125556e-05,8.430215047972469e-06,0.7332660827216949,0.686612866177356,0.6761328123303565,0.6409062498642852,0.4676566399469644,4.2735964796287505e-06,0.3275895678006442,2.637947839003221,0.25389856543644007,0.0016124754093966083,0.3267802028352088,0.002960681217011253,,,,
kde_samples,,,,,,,,,,,,,,,,,,,,,,,,,,,,,,,,,,,,,119.0,0.000932692662003555,41.38110906503641,7.759188524080976,0.00042680278037874903,4.802933828113522e-05,0.6771109246374895,0.6416887397099915,0.6482355108505377,0.6185884086804301,0.5064682233101949,4.5452775631713645e-06,0.2956184370533025,2.4780921852665125,0.2413442046212304,0.0015723014547879373,0.31439435454631437,0.0028863661272778866,,,,
kde_samples,,,,,,,,,,,,,,,,,,,,,,,,,,,,,,,,,,,,,120.0,0.0003933069122157365,40.11721450721099,6.495293966255552,0.0015105311028474702,0.0001699843877738003,0.6617195937061919,0.6293756749649535,0.6564303919981278,0.6251443135985022,0.4917638185435843,4.44234672980509e-06,0.2799610966792748,2.3998054833963742,0.2324080265507074,0.0015437056849622638,0.33908766316458416,0.003034525978987505,,,,
kde_samples,,,,,,,,,,,,,,,,,,,,,,,,,,,,,,,,,,,,,121.0,0.011853069534391213,66.96985497432824,33.34793443337281,3.2898499687633493e-15,3.702162317304915e-16,0.6452511439222561,0.616200915137805,0.645012106751029,0.6160096854008232,0.4917407868118041,4.4421855076826286e-06,0.24248595611470883,2.2124297805735442,0.2991666824337245,0.0017573333837879186,0.25157825099809517,0.0025094695059885708,,,,
kde_samples,,,,,,,,,,,,,,,,,,,,,,,,,,,,,,,,,,,,,122.0,0.0036998029029554624,47.865031889875354,14.243111348919918,6.52071675756542e-07,7.33794917424513e-08,0.7205105922615456,0.6764084738092364,0.6559967809129708,0.6247974247303766,0.5084080478734481,4.558856335114136e-06,0.26213483005723165,2.3106741502861583,0.2709050401477674,0.0016668961284728558,0.2731336475595729,0.0026388018853574376,,,,
kde_samples,,,,,,,,,,,,,,,,,,,,,,,,,,,,,,,,,,,,,123.0,0.005062339187303526,51.05774173677921,17.43582119582377,2.6774358071416098e-08,3.012995135437304e-09,0.6716795044604202,0.6373436035683362,0.6486059897886003,0.6188847918308802,0.45703549006372135,4.199248430446049e-06,0.3180654040522889,2.5903270202614443,0.29148067530592847,0.0017327381609789712,0.29621946405186184,0.002777316784311171,,,,
kde_samples,,,,,,,,,,,,,,,,,,,,,,,,,,,,,,,,,,,,,124.0,0.0004923775491928253,40.34935790173874,6.727437360783306,0.0011975980408184812,0.00013476913476583244,0.6482315059562124,0.6185852047649699,0.7155672390317694,0.6724537912254156,0.5313084296559681,4.719159007591777e-06,0.27753052815931045,2.3876526407965524,0.26180525015298156,0.001637776800489541,0.3065224842623094,0.0028391349055738565,,,,
kde_samples,,,,,,,,,,,,,,,,,,,,,,,,,,,,,,,,,,,,,125.0,0.007042904730370815,55.69862446733708,22.076703926381647,2.583504998596049e-10,2.907292108511102e-11,0.7139718156675346,0.6711774525340277,0.7326243882509353,0.6860995106007483,0.4927051414941313,4.448935990458919e-06,0.2719475715998738,2.3597378579993693,0.3179215773475794,0.0018173490475122543,0.3409888167142062,0.0030459329002852373,,,,
kde_samples,,,,,,,,,,,,,,,,,,,,,,,,,,,,,,,,,,,,,126.0,0.01296817493041564,69.58278207147801,35.96086153052257,2.4121053548843923e-16,2.7144111844040033e-17,0.6458579785331849,0.616686382826548,0.6826220292693189,0.6460976234154552,0.5038290766911585,4.526803536838109e-06,0.2705272053089153,2.3526360265445763,0.31910744790477374,0.001821143833295276,0.3168273108605181,0.0029009638651631086,,,,
kde_samples,,,,,,,,,,,,,,,,,,,,,,,,,,,,,,,,,,,,,127.0,0.0052278216154464305,51.445501962976934,17.823581422021498,1.8168410785334187e-08,2.044543259219334e-09,0.7104392572497606,0.6683514057998086,0.6566631523462064,0.6253305218769651,0.49665704221152107,4.476599295480647e-06,0.24586097076665778,2.229304853833289,0.2767404724031966,0.0016855695116902293,0.27335278763215415,0.002640116725792925,,,,
kde_samples,,,,,,,,,,,,,,,,,,,,,,,,,,,,,,,,,,,,,128.0,0.0021356971689915696,44.20000231540448,10.578081774449046,2.546815335246961e-05,2.8660041803759912e-06,0.6863183204884187,0.6490546563907349,0.6817415746845619,0.6453932597476495,0.5388534362010471,4.77197405340733e-06,0.23884443670999164,2.1942221835499582,0.2503325191813236,0.0016010640613802357,0.2788290641385667,0.0026729743848314,,,,
kde_samples,,,,,,,,,,,,,,,,,,,,,,,,,,,,,,,,,,,,,129.0,0.004501304337794963,49.743118772929655,16.12119823197422,9.969022270148604e-08,1.1218426049620414e-08,0.6758048358701966,0.6406438686961573,0.6433234373803167,0.6146587499042534,0.4637297163012671,4.2461080141088695e-06,0.2996689030721047,2.4983445153605235,0.27647942889897054,0.001684734172476706,0.2729261624017164,0.002637556974410298,,,,
kde_samples,,,,,,,,,,,,,,,,,,,,,,,,,,,,,,,,,,,,,130.0,0.007083114711923709,55.79284493362666,22.170924392671225,2.3512016485366086e-10,2.645874500735804e-11,0.6935553035118776,0.654844242809502,0.6462705773234917,0.6170164618587933,0.5009592279259212,4.5067145954814485e-06,0.28438898279847497,2.421944913992375,0.3055588022915737,0.0017777881673330356,0.27352071805221023,0.0026411243083132615,,,,
kde_samples,,,,,,,,,,,,,,,,,,,,,,,,,,,,,,,,,,,,,131.0,0.005431662739085845,51.923144701833536,18.3012241608781,1.1268843171523766e-08,1.268115170763129e-09,0.6933134930874985,0.6546507944699987,0.7009285450705875,0.66074283605647,0.4795175395117706,4.356622776582394e-06,0.28552138576229025,2.4276069288114512,0.30505066191722885,0.0017761621181351323,0.25772493458942475,0.0025463496075365487,,,,
kde_samples,,,,,,,,,,,,,,,,,,,,,,,,,,,,,,,,,,,,,132.0,0.003482148824067381,47.35502248398474,13.733101943029304,1.0858994339142363e-06,1.2219937087681856e-07,0.7327219723675693,0.6861775778940554,0.6712497763936147,0.6369998211148917,0.5262604486132856,4.683823140292999e-06,0.334243307334826,2.67121653667413,0.29691460174383333,0.0017501267255802667,0.26774787287266005,0.0026064872372359603,,,,
kde_samples,,,,,,,,,,,,,,,,,,,,,,,,,,,,,,,,,,,,,133.0,-0.0009017977490696494,37.08251117317437,3.4605906322189313,0.03141120406928713,0.003534792685096295,0.7358552902653709,0.6886842322122967,0.7268198014373196,0.6814558411498557,0.5167918267772129,4.61754278744049e-06,0.25560936869814055,2.278046843490703,0.22544619654553116,0.0015214278289457,0.3452024350410182,0.0030712146102461093,,,,
kde_samples,,,,,,,,,,,,,,,,,,,,,,,,,,,,,,,,,,,,,134.0,7.550292413590481e-05,39.37253274439593,5.750612203440497,0.003180832883476066,0.000357948227142893,0.6917835748430385,0.6534268598744308,0.7183666162239412,0.6746932929791529,0.5065277194742601,4.5456940363198205e-06,0.3008738790014111,2.5043693950070556,0.27045961381081635,0.0016654707641946124,0.3029418223311597,0.002817650933986958,,,,
kde_samples,,,,,,,,,,,,,,,,,,,,,,,,,,,,,,,,,,,,,135.0,0.0014213129422880402,42.526049422355136,8.9041288813997,0.00013582695373809943,1.528499580765173e-05,0.6846054924953224,0.647684393996258,0.6845361333847657,0.6476289067078126,0.4611700398928349,4.228190279249844e-06,0.3307004062784612,2.653502031392306,0.2709873499739184,0.0016671595199165387,0.33971198570988176,0.0030382719142592906,,,,
kde_samples,,,,,,,,,,,,,,,,,,,,,,,,,,,,,,,,,,,,,136.0,0.0022242192294558913,44.407428170671075,10.785507629715639,2.0697293196121324e-05,2.3291256339478277e-06,0.6532566992106579,0.6226053593685263,0.6515940311626933,0.6212752249301546,0.5093375019122589,4.565362513385812e-06,0.27235632373282326,2.361781618664116,0.25574089821358936,0.001618370874283486,0.2681758866778978,0.002609055320067387,,,,
kde_samples,,,,,,,,,,,,,,,,,,,,,,,,,,,,,,,,,,,,,137.0,0.002111996228438308,44.144466013616025,10.522545472660589,2.6922573150760692e-05,3.0296742024712385e-06,0.6896714242034191,0.6517371393627353,0.64796688710004,0.618373509680032,0.4707104000930149,4.294972800651104e-06,0.23947637414472586,2.1973818707236292,0.22405444210385303,0.0015169742147323297,0.29935579387374606,0.0027961347632424766,,,,
kde_samples,,,,,,,,,,,,,,,,,,,,,,,,,,,,,,,,,,,,,138.0,0.0005469074032596263,40.47713284911389,6.855212308158457,0.0010539478501127336,0.0001186037677140215,0.709890593574259,0.6679124748594072,0.6996331084994597,0.6597064867995678,0.4894361725832826,4.426053208082978e-06,0.27690184570561394,2.38450922852807,0.22694145367079163,0.0015262126517465334,0.2727435075751784,0.0026364610454510705,,,,
kde_samples,,,,,,,,,,,,,,,,,,,,,,,,,,,,,,,,,,,,,139.0,0.008023475010748397,57.99630741765992,24.374386876704484,2.59620080158534e-11,2.921579058937765e-12,0.6848671655073627,0.6478937324058902,0.6663403628705525,0.6330722902964421,0.5245186797797976,4.671630758458583e-06,0.28900035233220683,2.4450017616610342,0.3170510289353618,0.001814563292593158,0.31469968981749447,0.0028881981389049668,,,,
kde_samples,,,,,,,,,,,,,,,,,,,,,,,,,,,,,,,,,,,,,140.0,0.0007164664080414607,40.87444535404817,7.252524813092734,0.0007083835929112946,7.971643293080243e-05,0.7259284355884389,0.6807427484707511,0.6920926943444956,0.6536741554755965,0.50377095634277,4.52639669439939e-06,0.2746267788919252,2.373133894459626,0.2490449333426948,0.0015969437866966236,0.33267886502992394,0.0029960731901795437,,,,
kde_samples,,,,,,,,,,,,,,,,,,,,,,,,,,,,,,,,,,,,,141.0,0.0031347296609281414,46.5409461207351,12.919025579779664,2.4509727294400052e-06,2.758149753280582e-07,0.672931719083645,0.638345375266916,0.7227587289221165,0.6782069831376931,0.5132026511728662,4.592418558210063e-06,0.3340997346507796,2.670498673253898,0.30337002416014025,0.0017707840773124488,0.29069898671919736,0.002744193920315184,,,,
kde_samples,,,,,,,,,,,,,,,,,,,,,,,,,,,,,,,,,,,,,142.0,0.0020361029652369994,43.96663209350694,10.344711552551502,3.2162430136851296e-05,3.6193303043044635e-06,0.7096944577201784,0.6677555661761427,0.6661913362295137,0.6329530689836109,0.4572016044986119,4.200411231490283e-06,0.24814984864416723,2.240749243220836,0.2290280129540916,0.0015328896414530933,0.31517358411395435,0.0028910415046837262,,,,
kde_samples,,,,,,,,,,,,,,,,,,,,,,,,,,,,,,,,,,,,,143.0,0.009047786970680559,60.396486347457426,26.77456580650199,2.3547988491025884e-12,2.649922533475779e-13,0.6740583348927759,0.6392466679142207,0.6494364571139426,0.619549165691154,0.4584751519931684,4.209326063952178e-06,0.24885203777540885,2.2442601888770444,0.28774844179165904,0.001720795013733309,0.3067952328704822,0.002840771397222893,,,,
kde_samples,,,,,,,,,,,,,,,,,,,,,,,,,,,,,,,,,,,,,144.0,0.0012223739361232056,42.059893378503695,8.437972837548259,0.00021648856325084387,2.4362077559908594e-05,0.6483158694674189,0.6186526955739351,0.6631830994571487,0.630546479565719,0.4785120850789308,4.349584595552515e-06,0.2771618048989291,2.3858090244946455,0.24779088047615613,0.0015929308175236996,0.3057141329168592,0.0028342847975011557,,,,
kde_samples,,,,,,,,,,,,,,,,,,,,,,,,,,,,,,,,,,,,,145.0,0.0012381026048924673,42.09674896630357,8.474828425348136,0.00020865499213168959,2.3480543384106573e-05,0.6942561949745574,0.6554049559796459,0.688711206944768,0.6509689655558144,0.48224607402368125,4.375722518165769e-06,0.3088376933186773,2.5441884665933863,0.2599918266823444,0.001631973845383502,0.28402110364767147,0.002704126621886029,,,,
kde_samples,,,,,,,,,,,,,,,,,,,,,,,,,,,,,,,,,,,,,146.0,0.009620226877965633,61.737833766784505,28.11591322582907,6.157636279796643e-13,6.929364322137145e-14,0.6682271399051447,0.6345817119241157,0.657180454805955,0.625744363844764,0.5261986226997782,4.683390358898448e-06,0.2627290235806347,2.3136451179031736,0.30543324264125016,0.0017773863764520008,0.3109472596998018,0.002865683558198811,,,,
kde_samples,,,,,,,,,,,,,,,,,,,,,,,,,,,,,,,,,,,,,147.0,0.0006190781240947435,40.64624406744645,7.024323526491017,0.0008899693567124402,0.00010015079858536551,0.7040886123386207,0.6632708898708966,0.6677204115373617,0.6341763292298894,0.5073715934530076,4.5516011541710536e-06,0.28156411933668,2.4078205966834,0.22009818232329328,0.0015043141834345385,0.2816820265493316,0.0026900921592959894,,,,
kde_samples,,,,,,,,,,,,,,,,,,,,,,,,,,,,,,,,,,,,,148.0,-0.001404046002157218,35.90563760170087,2.283717060745431,0.10190471583813689,0.011467629299625182,0.6590067654519984,0.6272054123615988,0.6983165036510464,0.6586532029208371,0.4931305884188053,4.451914118931637e-06,0.31325930663875035,2.5662965331937517,0.2218835722380329,0.0015100274311617055,0.2915917147463536,0.0027495502884781215,,,,
kde_samples,,,,,,,,,,,,,,,,,,,,,,,,,,,,,,,,,,,,,149.0,0.004110598213871497,48.82761193217573,15.205691391220292,2.490302676055569e-07,2.802408867733904e-08,0.6874700442623963,0.6499760354099171,0.6509996906395694,0.6207997525116555,0.47674200878419637,4.337194061489374e-06,0.25042092520126064,2.252104626006303,0.26420146057434335,0.001645444673837899,0.29071832263470837,0.0027443099358082502,,,,
kde_samples,,,,,,,,,,,,,,,,,,,,,,,,,,,,,,,,,,,,,150.0,0.0006936949260407596,40.82108696965328,7.199166428697843,0.000747208400332483,8.408549961700679e-05,0.7031613553854497,0.6625290843083598,0.701589093113159,0.6612712744905271,0.48151743385400364,4.370622036978026e-06,0.2830616291321567,2.4153081456607834,0.2501797689180593,0.00160057526053779,0.30988768630576846,0.0028593261178346107,,,,
kde_samples,,,,,,,,,,,,,,,,,,,,,,,,,,,,,,,,,,,,,151.0,0.003946929508932925,48.44410164192507,14.822181100969637,3.654336519783258e-07,4.1123294638807736e-08,0.6972624474903769,0.6578099579923016,0.6693760688441331,0.6355008550753065,0.5444718307618202,4.811302815332741e-06,0.2608114565830951,2.3040572829154757,0.2832542137850482,0.0017064134841121544,0.2960322371811833,0.0027761934230871,,,,
kde_samples,,,,,,,,,,,,,,,,,,,,,,,,,,,,,,,,,,,,,152.0,0.002019308372346769,43.92727882070875,10.305358279753314,3.34533616141526e-05,3.764602517775164e-06,0.7047264340441627,0.6637811472353301,0.652920245706466,0.6223361965651728,0.47441712567463157,4.320919879722421e-06,0.29738841583179965,2.4869420791589985,0.2441712346150245,0.0015813479507680783,0.31479247487391543,0.0028887548492434927,,,,
kde_samples,,,,,,,,,,,,,,,,,,,,,,,,,,,,,,,,,,,,,153.0,0.0014497716459341767,42.592734166390855,8.970813625435419,0.0001270647669601106,1.4298961854290283e-05,0.6551313737443595,0.6241050989954876,0.6760741957390101,0.6408593565912081,0.4851324498637162,4.395927149046013e-06,0.26720492927014766,2.3360246463507384,0.25218334810779447,0.0016069867139449424,0.2912332382164541,0.0027473994292987244,,,,
kde_samples,,,,,,,,,,,,,,,,,,,,,,,,,,,,,,,,,,,,,154.0,0.006471356594791269,54.35936665717354,20.737446116218102,9.859197873391917e-10,1.109483751304463e-10,0.7112402822884543,0.6689922258307635,0.6961720719159291,0.6569376575327432,0.45921714888035847,4.214520042162509e-06,0.27574151453027157,2.378707572651358,0.3059858605680754,0.0017791547538178413,0.25445377297600985,0.002526722637856059,,,,
kde_samples,,,,,,,,,,,,,,,,,,,,,,,,,,,,,,,,,,,,,155.0,0.0005757226198146517,40.544652978076854,6.922732437121418,0.000985134441649773,0.00011085999793254884,0.7295078059833761,0.6836062447867008,0.7277752112251017,0.6822201689800813,0.520720360202283,4.64504252141598e-06,0.3021918362013012,2.510959181006506,0.24482675756265118,0.001583445624200484,0.2939320329472847,0.0027635921976837084,,,,
kde_samples,,,,,,,,,,,,,,,,,,,,,,,,,,,,,,,,,,,,,156.0,-0.00033415070542223285,38.41262790227573,4.790707361320294,0.00830657955021504,0.000934763168183669,0.6622895653890247,0.6298316523112197,0.6682659501758563,0.634612760140685,0.5491365243461512,4.843955670423058e-06,0.3209326280133155,2.6046631400665774,0.24316774536186442,0.0015781367851579664,0.33441192798552694,0.0030064715679131615,,,,
kde_samples,,,,,,,,,,,,,,,,,,,,,,,,,,,,,,,,,,,,,157.0,0.0008757696159723619,41.247726364210564,7.625805823255128,0.00048770208345550435,5.488251113526524e-05,0.7028093561060303,0.6622474848848243,0.6664579949032429,0.6331663959225943,0.47412582080335364,4.318880745623476e-06,0.3259897350553498,2.629948675276749,0.23983572183179028,0.0015674743098617288,0.32311634366344477,0.002938698061980669,,,,
kde_samples,,,,,,,,,,,,,,,,,,,,,,,,,,,,,,,,,,,,,158.0,0.0011192544439796379,41.81826266249526,8.196342121539821,0.0002756600590348447,3.1020815314823296e-05,0.7145195451715328,0.6716156361372263,0.6976579150892855,0.6581263320714285,0.5230030594903973,4.661021416432781e-06,0.27418513071362755,2.370925653568138,0.26160252019290764,0.0016371280646173044,0.27076115483253554,0.0026245669289952133,,,,
kde_samples,,,,,,,,,,,,,,,,,,,,,,,,,,,,,,,,,,,,,159.0,0.008650651496758532,59.465914183830705,25.84399364287527,5.971675092482116e-12,6.720096876297994e-13,0.6705804818305979,0.6364643854644784,0.6641868008137356,0.6313494406509885,0.49130184910435604,4.439112943730492e-06,0.2733389486246697,2.3666947431233485,0.3103273654737079,0.0017930475695158653,0.274569925544973,0.002647419553269838,,,,
kde_samples,,,,,,,,,,,,,,,,,,,,,,,,,,,,,,,,,,,,,160.0,0.002916968411277289,46.030685591147055,12.408765050191619,4.082646817138175e-06,4.5943192986868553e-07,0.7255580057879226,0.6804464046303381,0.703693859896922,0.6629550879175377,0.5211000203202629,4.64770014224184e-06,0.2375820115472981,2.1879100577364907,0.2743125092924807,0.0016778000297359382,0.2868441215217332,0.0027210647291303993,,,,
kde_samples,,,,,,,,,,,,,,,,,,,,,,,,,,,,,,,,,,,,,161.0,-0.002298077979643723,33.810732144314215,0.18881160335877922,0.8279424735836005,0.09317073592111626,0.668435290478318,0.6347482323826543,0.7207495402288344,0.6765996321830675,0.5133546135960328,4.59348229517223e-06,0.2977011107771464,2.488505553885732,0.2292567817450947,0.001533621701584303,0.3294140426185901,0.0029764842557115406,,,,
kde_samples,,,,,,,,,,,,,,,,,,,,,,,,,,,,,,,,,,,,,162.0,0.0029896823001797634,46.20106956680513,12.579149025849695,3.443063171910986e-06,3.874577519393897e-07,0.7376299300058469,0.6901039440046774,0.6642859009124954,0.6314287207299963,0.4780999346496859,4.346699542547801e-06,0.32634932924763355,2.6317466462381676,0.2734623322804072,0.0016750794632973032,0.3327378389841317,0.0029964270339047903,,,,
kde_samples,,,,,,,,,,,,,,,,,,,,,,,,,,,,,,,,,,,,,163.0,-0.00047223443922469327,38.089068594774936,4.4671480538195,0.011480009577437564,0.001291878330727188,0.7183968782333663,0.674717502586693,0.7250694271220409,0.6800555416976327,0.48380481842597145,4.3866337289818e-06,0.24316534307879337,2.215826715393967,0.2267204814743769,0.0015255055407180063,0.3388204580588994,0.003032922748353396,,,,
kde_samples,,,,,,,,,,,,,,,,,,,,,,,,,,,,,,,,,,,,,164.0,0.011626916700211667,66.43993119256582,32.818010651610386,5.588806417230774e-15,6.28924379927309e-16,0.7143967429303621,0.6715173943442897,0.6634374264486828,0.6307499411589462,0.5020521225162283,4.5143648576135985e-06,0.24116203150558446,2.2058101575279223,0.31428440067518704,0.0018057100821605985,0.28116270538504484,0.002686976232310269,,,,
kde_samples,,,,,,,,,,,,,,,,,,,,,,,,,,,,,,,,,,,,,165.0,0.0014848063712254722,42.67482791589758,9.052907374942144,0.00011705023282265539,1.3171997668656401e-05,0.7011962215984494,0.6609569772787596,0.6508525946963852,0.6206820757571082,0.5049434803916465,4.534604362741525e-06,0.31923269435232837,2.596163471761642,0.25583284819325597,0.001618665114218419,0.3231564437684866,0.0029389386626109196,,,,
kde_samples,,,,,,,,,,,,,,,,,,,,,,,,,,,,,,,,,,,,,166.0,0.005093444072621529,51.130627042500905,17.50870650154547,2.4892320329591443e-08,2.8012040424183117e-09,0.7331074111874815,0.6864859289499852,0.6580495188673343,0.6264396150938675,0.5033646287854536,4.5235524014981754e-06,0.29609340986449156,2.480467049322458,0.2957425726953754,0.0017463762326252012,0.26931706353116647,0.002615902381186999,,,,
kde_samples,,,,,,,,,,,,,,,,,,,,,,,,,,,,,,,,,,,,,167.0,0.003514090160851198,47.42986777188234,13.807947230926906,1.0075920012405105e-06,1.1338721138133449e-07,0.7185428833572902,0.6748343066858322,0.7191268127012299,0.675301450160984,0.5369966200139213,4.758976340097449e-06,0.2810239585521846,2.4051197927609227,0.3015201002415359,0.001764864320772915,0.25578315724497436,0.0025346989434698462,,,,
kde_samples,,,,,,,,,,,,,,,,,,,,,,,,,,,,,,,,,,,,,168.0,8.836508473709231e-05,39.402671499066614,5.780750958111177,0.003086396783051994,0.00034732106250916217,0.6601750063600867,0.6281400050880694,0.6971018439432684,0.6576814751546147,0.5348805047114692,4.7441635329802845e-06,0.30359382011694497,2.517969100584725,0.2653363595402212,0.001649076350528708,0.3386190809366713,0.003031714485620028,,,,
kde_samples,,,,,,,,,,,,,,,,,,,,,,,,,,,,,,,,,,,,,169.0,-0.00019219019298624684,38.74527131965287,5.123350778697436,0.005956032075903635,0.0006702493342077374,0.6542532794831447,0.6234026235865158,0.7160919981814261,0.6728735985451408,0.4870493346689751,4.409345342682825e-06,0.3244376588815663,2.6221882944078314,0.2601706825577128,0.001632546184184681,0.26839868117617216,0.002610392087057033,,,,
kde_samples,,,,,,,,,,,,,,,,,,,,,,,,,,,,,,,,,,,,,170.0,0.0002636601406797792,39.81342478149356,6.191504240538123,0.0020467456387275123,0.00023032614401116613,0.6798693776803464,0.6438955021442772,0.7172130006533706,0.6737704005226964,0.4599011532050732,4.219308072435512e-06,0.2702944564567494,2.351472282283747,0.2325698001719031,0.00154422336055009,0.25066113414770097,0.002503966804886206,,,,
kde_samples,,,,,,,,,,,,,,,,,,,,,,,,,,,,,,,,,,,,,171.0,0.002698278756412917,45.51824961236095,11.89632907140551,6.815377707377415e-06,7.669539573543887e-07,0.729592490075146,0.6836739920601168,0.6447860459577187,0.615828836766175,0.48211949840991236,4.374836488869386e-06,0.30634622098948217,2.531731104947411,0.24535035102942437,0.001585121123294158,0.26475501042371413,0.002588530062542285,,,,
kde_samples,,,,,,,,,,,,,,,,,,,,,,,,,,,,,,,,,,,,,172.0,0.007074048776417596,55.77160153490454,22.149680993949104,2.4016834668832514e-10,2.7026831355873884e-11,0.6893527054961798,0.6514821643969438,0.6416381776013519,0.6133105420810815,0.519435788805146,4.636050521636022e-06,0.3260785879924677,2.6303929399623387,0.31504011286523526,0.0018081283611687529,0.3162884010226632,0.0028977304061359793,,,,
kde_samples,,,,,,,,,,,,,,,,,,,,,,,,,,,,,,,,,,,,,173.0,0.0034254120082662792,47.22207615986037,13.600155618904935,1.2403020504906991e-06,1.3957473918267272e-07,0.7027786066021062,0.6622228852816849,0.6595426045754067,0.6276340836603254,0.49005695078537714,4.43039865549764e-06,0.2468482627496509,2.234241313748255,0.26053204659371215,0.001633702549099879,0.2905581244596025,0.002743348746757615,,,,
kde_samples,,,,,,,,,,,,,,,,,,,,,,,,,,,,,,,,,,,,,174.0,0.0002414577066311846,39.76139979645171,6.139479255496276,0.0021560460751590426,0.0002426260349139084,0.7004164766586556,0.6603331813269244,0.702911450401048,0.6623291603208383,0.5061300309268331,4.542910216487832e-06,0.29207548845660647,2.4603774422830322,0.24677552700569105,0.0015896816864182115,0.285816635039587,0.002714899810237522,,,,
kde_samples,,,,,,,,,,,,,,,,,,,,,,,,,,,,,,,,,,,,,175.0,0.00285965821545308,45.89639571671374,12.274475175758305,4.669422405874407e-06,5.254634660773189e-07,0.7249017050105366,0.6799213640084293,0.657775598276182,0.6262204786209457,0.5297945912720671,4.708562138904469e-06,0.25744070921914664,2.287203546095733,0.2626990974239947,0.0016406371117567832,0.27650476421941816,0.002659028585316509,,,,
kde_samples,,,,,,,,,,,,,,,,,,,,,,,,,,,,,,,,,,,,,176.0,0.0014553450661047643,42.60579386517758,8.983873324222145,0.00012541612817219486,1.411343581348535e-05,0.7148154964245814,0.6718523971396652,0.7310793767842128,0.6848635014273702,0.49848629143511114,4.489404040045778e-06,0.3041594050670883,2.5207970253354413,0.2886267640640078,0.001723605645004825,0.26970236636075373,0.0026182141981645223,,,,
kde_samples,,,,,,,,,,,,,,,,,,,,,,,,,,,,,,,,,,,,,177.0,0.010434527180294785,63.645911095401864,30.023990554446428,9.135799874060639e-14,1.0280777042516629e-14,0.6951634391669157,0.6561307513335326,0.6647797042177208,0.6318237633741767,0.5363628978218908,4.754540284753236e-06,0.24294966622008116,2.214748331100406,0.3124707931353942,0.0017999065380332616,0.26127106032177994,0.00256762636193068,,,,
kde_samples,,,,,,,,,,,,,,,,,,,,,,,,,,,,,,,,,,,,,178.0,0.0012937562761451207,42.22715725433659,8.605236713381153,0.00018314420437557296,2.0609741432278954e-05,0.6906344675513115,0.6525075740410492,0.6588368016141017,0.6270694412912814,0.5240281017693713,4.6681967123855994e-06,0.32289308356835705,2.614465417841785,0.26562949082724535,0.0016500143706471852,0.27960511246587355,0.0026776306747952417,,,,
kde_samples,,,,,,,,,,,,,,,,,,,,,,,,,,,,,,,,,,,,,179.0,0.0012920191018552449,42.22308668863879,8.601166147683351,0.00018389122425692885,2.069380571731603e-05,0.717093755220332,0.6736750041762656,0.7018366875363333,0.6614693500290667,0.5508448156664006,4.855913709664804e-06,0.2543631722673357,2.2718158613366786,0.2650692881634715,0.0016482217221231088,0.29472624814328985,0.002768357488859739,,,,
kde_samples,,,,,,,,,,,,,,,,,,,,,,,,,,,,,,,,,,,,,180.0,0.00376102617335438,48.008490923229324,14.386570382273888,5.649263985866069e-07,6.357278431406055e-08,0.7105709840666626,0.6684567872533301,0.695757290994804,0.6566058327958432,0.5190937548045215,4.63365628363165e-06,0.24310845246338642,2.215542262316932,0.28140573267179225,0.0017004983445497353,0.30315596892808444,0.0028189358135685067,,,,
kde_samples,,,,,,,,,,,,,,,,,,,,,,,,,,,,,,,,,,,,,181.0,0.0015630985808714054,42.85828307341805,9.236362532462614,9.743134981084564e-05,1.0964228618895205e-05,0.6620479320736606,0.6296383456589285,0.7241821402316405,0.6793457121853124,0.5517917987070242,4.862542590949169e-06,0.31509315980660024,2.575465799033001,0.2349924898597165,0.0015519759675510928,0.3037381138197013,0.0028224286829182078,,,,
kde_samples,,,,,,,,,,,,,,,,,,,,,,,,,,,,,,,,,,,,,182.0,0.0006865827293127749,40.804421592894215,7.182501051938779,0.0007597652515482544,8.549855801895293e-05,0.6660069314176039,0.6328055451340832,0.6924176004579382,0.6539340803663506,0.5056014756495796,4.539210329547057e-06,0.24664021509735345,2.2332010754867673,0.22521223011733102,0.0015206791363754594,0.2562037575818829,0.0025372225454912975,,,,
kde_samples,,,,,,,,,,,,,,,,,,,,,,,,,,,,,,,,,,,,,183.0,0.0013470980739299643,42.35214833530491,8.730227794349474,0.00016162563462548995,1.8188195197421292e-05,0.7209742376393582,0.6767793901114866,0.7328981334636696,0.6863185067709356,0.5110417691479326,4.5772923840355285e-06,0.2464358149207489,2.2321790746037444,0.2617616201801883,0.0016376371845766026,0.273827115763972,0.002642962694583832,,,,
kde_samples,,,,,,,,,,,,,,,,,,,,,,,,,,,,,,,,,,,,,184.0,0.001917511740491873,43.688747845322446,10.06682730436701,4.246512936409916e-05,4.778722532150682e-06,0.671742862712886,0.6373942901703088,0.6472307206209446,0.6177845764967557,0.4885219201220179,4.419653440854125e-06,0.29277999299354623,2.463899964967731,0.24589540802088986,0.0015868653056668475,0.26532625466853577,0.0025919575280112144,,,,
kde_samples,,,,,,,,,,,,,,,,,,,,,,,,,,,,,,,,,,,,,185.0,0.004485071398604039,49.705081573190895,16.08316103223546,1.0355520008738707e-07,1.1653363015475337e-08,0.6630899295548671,0.6304719436438937,0.6415336947034638,0.613226955762771,0.4710042812175896,4.297029968523127e-06,0.24670597282218568,2.2335298641109285,0.25674655176306593,0.001621588965641811,0.25270092661112276,0.0025162055596667367,,,,
kde_samples,,,,,,,,,,,,,,,,,,,,,,,,,,,,,,,,,,,,,186.0,0.005741237203407919,52.64854295503601,19.02662241408057,5.455604467021237e-09,6.139347832788441e-10,0.7050203738798917,0.6640162991039134,0.6531414622118941,0.6225131697695152,0.5043483387588696,4.530438371312087e-06,0.2827292731924521,2.4136463659622605,0.29345148943111804,0.0017390447661795778,0.25539578170707805,0.0025323746902424686,,,,
kde_samples,,,,,,,,,,,,,,,,,,,,,,,,,,,,,,,,,,,,,187.0,0.004691962697246567,50.18987151530299,16.567950974347553,6.377204081752009e-08,7.176450253170708e-09,0.6539107004383755,0.6231285603507004,0.6436874539300927,0.6149499631440742,0.4975375432164859,4.482762802515401e-06,0.2465202024992599,2.2326010124963,0.2647424886564645,0.0016471759637006864,0.2670560184040183,0.00260233611042411,,,,
kde_samples,,,,,,,,,,,,,,,,,,,,,,,,,,,,,,,,,,,,,188.0,0.0018608230229730377,43.555914225616434,9.933993684660997,4.8497724208347974e-05,5.4575876937842096e-06,0.712965682192419,0.6703725457539351,0.7120747416443747,0.6696597933154997,0.5220470887089257,4.65432962096248e-06,0.3136817719385771,2.5684088596928856,0.29014077781655223,0.0017284504890129671,0.3439597188010515,0.003063758312806309,,,,
kde_samples,,,,,,,,,,,,,,,,,,,,,,,,,,,,,,,,,,,,,189.0,0.0005083536855787218,40.38679335835055,6.764872817395116,0.0011535942020653536,0.00012981725686272465,0.720635290632435,0.676508232505948,0.7035510813985467,0.6628408651188373,0.5133223129677738,4.593256190774416e-06,0.3114567113112293,2.5572835565561465,0.2417814185919399,0.001573700539494208,0.3097859744363724,0.0028587158466182342,,,,
kde_samples,,,,,,,,,,,,,,,,,,,,,,,,,,,,,,,,,,,,,190.0,0.0029680123732355804,46.15029235820442,12.528371817248981,3.622407067775211e-06,4.0763983377933367e-07,0.6814495762636255,0.6451596610109004,0.6538954155244446,0.6231163324195557,0.5360185093165378,4.752129565215765e-06,0.3082218666335832,2.541109333167916,0.28336304573694565,0.0017067617463582263,0.3045402882282176,0.0028272417293693057,,,,
kde_samples,,,,,,,,,,,,,,,,,,,,,,,,,,,,,,,,,,,,,191.0,0.001848397227633622,43.52679796677511,9.904877425819677,4.993055460714988e-05,5.6188281989713625e-06,0.6909644363115046,0.6527715490492036,0.7210957542987545,0.6768766034390036,0.5455099568315173,4.81856969782062e-06,0.2393421303324839,2.1967106516624195,0.2735861717662294,0.0016754757496519341,0.29872434168340817,0.002792346050100449,,,,
kde_samples,,,,,,,,,,,,,,,,,,,,,,,,,,,,,,,,,,,,,192.0,0.0006857091487892861,40.802374609506366,7.1804540685509295,0.00076132207124526,8.567375139469397e-05,0.6778482647360136,0.6422786117888108,0.691047428203816,0.6528379425630528,0.539874313489926,4.779120194429482e-06,0.2872263848376862,2.436131924188431,0.25518167065446656,0.0016165813460942932,0.257849883473185,0.0025470993008391103,,,,
kde_samples,,,,,,,,,,,,,,,,,,,,,,,,,,,,,,,,,,,,,193.0,2.0273207492989276e-05,39.2431178714174,5.6211973304619605,0.0036203038128588554,0.0004074031484845953,0.6826128262309186,0.6460902609847349,0.7011665069258401,0.6609332055406721,0.5193855045522491,4.635698531865743e-06,0.2974629838179796,2.487314919089898,0.2386059711495306,0.0015635391076784981,0.2519121023642308,0.0025114726141853847,,,,
kde_samples,,,,,,,,,,,,,,,,,,,,,,,,,,,,,,,,,,,,,194.0,0.0027271000484995547,45.58578397757569,11.963863436620251,6.370303548943152e-06,7.168684886124537e-07,0.6992241609575414,0.6593793287660331,0.6451690794014681,0.6161352635211744,0.507075564353156,4.5495289504720925e-06,0.3334193364951564,2.667096682475782,0.2194027757827151,0.0015020888825046884,0.2881077832093026,0.0027286466992558155,,,,
kde_samples,,,,,,,,,,,,,,,,,,,,,,,,,,,,,,,,,,,,,195.0,0.004396129913191417,49.49667291682179,15.87475237586635,1.2755063985519015e-07,1.4353638521622913e-08,0.7108922579830734,0.6687138063864587,0.7094975908590825,0.667598072687266,0.48445942563652067,4.3912159794556445e-06,0.2617918460887239,2.3089592304436195,0.29333167589796194,0.0017386613628734783,0.3266408783292529,0.0029598452699755176,,,,
kde_samples,,,,,,,,,,,,,,,,,,,,,,,,,,,,,,,,,,,,,196.0,0.0070796349123108185,55.7846910293109,22.162770488355463,2.370451495858505e-10,2.6675369048106583e-11,0.7174149300068504,0.6739319440054803,0.6651759231560742,0.6321407385248594,0.46495565446225634,4.254689581235794e-06,0.2389488063609344,2.194744031804672,0.2809742616242578,0.001699117637197625,0.3426473523691971,0.0030558841142151825,,,,
kde_samples,,,,,,,,,,,,,,,,,,,,,,,,,,,,,,,,,,,,,197.0,0.0012249661761385214,42.0659675435131,8.444047002557667,0.0002151775616458802,2.4214546797536258e-05,0.6485250901324568,0.6188200721059655,0.7153889927289767,0.6723111941831814,0.4743033910677913,4.320123737474539e-06,0.31781018471478856,2.589050923573943,0.2793948970055724,0.001694063670417832,0.2780558305680038,0.002668334983408023,,,,
kde_samples,,,,,,,,,,,,,,,,,,,,,,,,,,,,,,,,,,,,,198.0,0.001752506881200655,43.3021066636543,9.680186122698863,6.25098681866578e-05,7.0344143549905704e-06,0.6491861944738841,0.6193489555791073,0.7006217940818771,0.6604974352655016,0.4610943318303022,4.227660322812115e-06,0.2761801264770434,2.3809006323852167,0.2731551713596257,0.0016740965483508022,0.3299513513543557,0.0029797081081261345,,,,
kde_samples,,,,,,,,,,,,,,,,,,,,,,,,,,,,,,,,,,,,,199.0,0.00016936535478261766,39.592472213181146,5.97055167222571,0.002552832703554699,0.00028727756971350446,0.7175140666426085,0.6740112533140868,0.7336354039341284,0.6869083231473028,0.4990250083513188,4.493175058459231e-06,0.32052008682483135,2.602600434124157,0.2575727237506079,0.0016242327160019454,0.32236683695141216,0.002934201021708473,,,,
kde_samples,,,,,,,,,,,,,,,,,,,,,,,,,,,,,,,,,,,,,200.0,-0.00015054265803588623,38.84286027670506,5.220939735749624,0.005402250052818165,0.0006079306583612953,0.6538378035442953,0.6230702428354362,0.6724580054286332,0.6379664043429065,0.4988636629324029,4.4920456405268205e-06,0.3104281568323116,2.552140784161558,0.23719658561749185,0.001559029073975974,0.29958652410774395,0.0027975191446464637,,,,
kde_samples,,,,,,,,,,,,,,,,,,,,,,,,,,,,,,,,,,,,,201.0,0.0006093680863667322,40.623491401389664,7.001570860434228,0.0009104506507463674,0.0001024556172154549,0.7268032419815784,0.6814425935852627,0.6856986651560856,0.6485589321248685,0.5243396268042646,4.6703773876298525e-06,0.30179478125593673,2.5089739062796834,0.232289316888049,0.0015433258140417569,0.29357481013119735,0.0027614488607871843,,,,
kde_samples,,,,,,,,,,,,,,,,,,,,,,,,,,,,,,,,,,,,,202.0,0.007524174813699484,56.82634176317326,23.204421222217825,8.364652577629478e-11,9.412982921494092e-12,0.6754807230319076,0.6403845784255261,0.6997872932288955,0.6598298345831164,0.45945411907261646,4.216178833508315e-06,0.27913494643212694,2.395674732160635,0.3144512663818099,0.001806244052421792,0.25879957479098736,0.002552797448745924,,,,
kde_samples,,,,,,,,,,,,,,,,,,,,,,,,,,,,,,,,,,,,,203.0,0.0034485526620031057,47.27629959148422,13.654379050528782,1.1748394587796989e-06,1.322080463995157e-07,0.7369428305436929,0.6895542644349544,0.7114913171780286,0.6691930537424229,0.5225254386821329,4.65767807077493e-06,0.3332668856769873,2.6663344283849364,0.2644274104399345,0.0016461677134077906,0.3403768620388705,0.003042261172233223,,,,
kde_samples,,,,,,,,,,,,,,,,,,,,,,,,,,,,,,,,,,,,,204.0,0.006971546558705979,55.53141722306147,21.90949668210603,3.0537008479825563e-10,3.4364169536803325e-11,0.6833318701686795,0.6466654961349436,0.683953416035643,0.6471627328285143,0.45997993350565075,4.219859534539555e-06,0.29240043292464196,2.4620021646232098,0.31190471722696167,0.0017980950951262775,0.25480432557078386,0.002528825953424703,,,,
kde_samples,,,,,,,,,,,,,,,,,,,,,,,,,,,,,,,,,,,,,205.0,0.0005753892411594561,40.54387180158459,6.92195126062915,0.0009859043061781992,0.00011094663299109653,0.6986353005719764,0.6589082404575811,0.6843134292429938,0.647450743394395,0.47617657431245475,4.333236020187183e-06,0.2629430695338859,2.3147153476694298,0.2308462651751866,0.0015387080485605971,0.329070687406108,0.0029744241244366483,,,,
kde_samples,,,,,,,,,,,,,,,,,,,,,,,,,,,,,,,,,,,,,206.0,0.003914049904768943,48.367057795693206,14.74513725473777,3.947010260397083e-07,4.441683599799766e-08,0.6952265346489847,0.6561812277191877,0.7177656929938298,0.6742125543950638,0.5281221985433099,4.696855389803169e-06,0.3160766804344377,2.5803834021721883,0.308199253204677,0.0017862376102549663,0.3105875005712262,0.002863525003427357,,,,
kde_samples,,,,,,,,,,,,,,,,,,,,,,,,,,,,,,,,,,,,,207.0,0.0026361166731899977,45.37259074258279,11.75067020162735,7.884039160291464e-06,8.87213488898373e-07,0.653520355842236,0.6228162846737888,0.6435847334761753,0.6148677867809402,0.53454273883491,4.74179917184437e-06,0.32820828606051244,2.641041430302562,0.28165280196997644,0.0017012889663039247,0.3084192219289514,0.0028505153315737082,,,,
kde_samples,,,,,,,,,,,,,,,,,,,,,,,,,,,,,,,,,,,,,208.0,-0.00019430705389784225,38.74031106813178,5.118390527176345,0.0059856488857563195,0.0006735821985765222,0.6790983851650698,0.6432787081320559,0.6951101724061807,0.6560881379249446,0.5107920763506271,4.57554453445439e-06,0.2916917797360507,2.4584588986802536,0.2544416493446018,0.0016142132779027258,0.32283499950624206,0.0029370099970374526,,,,
kde_samples,,,,,,,,,,,,,,,,,,,,,,,,,,,,,,,,,,,,,209.0,-0.001797570437413222,34.98352686316719,1.361606322211756,0.256248827996607,0.028836413935897292,0.6446480938760453,0.6157184751008362,0.6999683996210868,0.6599747196968695,0.48786253912654487,4.415037773885814e-06,0.27726942138542454,2.386347106927123,0.22455194514057647,0.0015185662244498448,0.34233520322542416,0.003054011219352545,,,,
kde_samples,,,,,,,,,,,,,,,,,,,,,,,,,,,,,,,,,,,,,210.0,0.0030407169412360047,46.32065449302339,12.698733952067954,3.054990875561912e-06,3.4378686586328136e-07,0.6800737196910611,0.6440589757528489,0.6476325826044048,0.6181060660835238,0.5081441920735194,4.557009344514635e-06,0.30991749182884165,2.5495874591442083,0.2789714446416363,0.0016927086228532362,0.3063545048727089,0.0028381270292362534,,,,
kde_samples,,,,,,,,,,,,,,,,,,,,,,,,,,,,,,,,,,,,,211.0,0.00620038923187672,53.724432984063476,20.10251244310804,1.8603290744774512e-09,2.0934815455751783e-10,0.7200135413677995,0.6760108330942396,0.6718628052131844,0.6374902441705476,0.5376847830043571,4.7637934810304995e-06,0.280347722019916,2.4017386100995797,0.3089249573534525,0.0017885598635310482,0.2716370787705069,0.002629822472623042,,,,
kde_samples,,,,,,,,,,,,,,,,,,,,,,,,,,,,,,,,,,,,,212.0,1.8306217098411348e-05,39.23850879812249,5.616588257167052,0.0036370285716940437,0.0004092852334584861,0.6901612445105121,0.6521289956084096,0.7353801933712354,0.6883041546969884,0.5138831494615141,4.597182046230599e-06,0.26656841361653993,2.3328420680827,0.27056963984603927,0.0016658228475073258,0.30560707448944247,0.002833642446936655,,,,
kde_samples,,,,,,,,,,,,,,,,,,,,,,,,,,,,,,,,,,,,,213.0,0.0026302880737597775,45.35893310497835,11.737012564022912,7.992455178101781e-06,8.994138536426804e-07,0.7261185167512308,0.6808948134009847,0.6928324193930401,0.654265935514432,0.5508391368236937,4.855873957765856e-06,0.3232866646575384,2.616433323287692,0.27899234437461723,0.0016927755019987751,0.2531343685918711,0.002518806211551227,,,,
kde_samples,,,,,,,,,,,,,,,,,,,,,,,,,,,,,,,,,,,,,214.0,0.0029584749524720136,46.12794417009692,12.506023629141481,3.7042726690276765e-06,4.168524041675911e-07,0.6693862874263746,0.6355090299410997,0.6445989157326636,0.6156791325861308,0.4540946301049212,4.178662410734448e-06,0.31251096039601073,2.5625548019800535,0.2578134546351603,0.001625003054832513,0.27017333003427035,0.002621039980205622,,,,
kde_samples,,,,,,,,,,,,,,,,,,,,,,,,,,,,,,,,,,,,,215.0,0.007731247322023745,57.31155631778329,23.689635776827856,5.1489882862578874e-11,5.794303869970671e-12,0.6670616275167824,0.633649302013426,0.6534569790243112,0.622765583219449,0.5462398352218091,4.823678846552663e-06,0.27209286813560235,2.3604643406780115,0.30511180110117025,0.0017763577635237448,0.28157791634247503,0.00268946749805485,,,,
kde_samples,,,,,,,,,,,,,,,,,,,,,,,,,,,,,,,,,,,,,216.0,0.003599081668211157,47.62902079669972,14.007100255744284,8.256455632108437e-07,9.291225802367453e-08,0.6943104452609252,0.6554483562087402,0.6636528644007254,0.6309222915205803,0.5120753169172941,4.5845272184210585e-06,0.3295879214681381,2.6479396073406907,0.29085348602466654,0.001730731155278933,0.33763404096725774,0.0030258042458035463,,,,
kde_samples,,,,,,,,,,,,,,,,,,,,,,,,,,,,,,,,,,,,,217.0,4.9715262804353455e-06,39.207262805506346,5.58534226455091,0.0037524652141325506,0.0004222756491835135,0.674859502974585,0.639887602379668,0.6743449227624158,0.6394759382099326,0.4824731103913772,4.3773117727396405e-06,0.31231982548545206,2.56159912742726,0.24037586455833354,0.0015692027665866674,0.3469410241551445,0.003081646144930867,,,,
kde_samples,,,,,,,,,,,,,,,,,,,,,,,,,,,,,,,,,,,,,218.0,0.0017212128202808152,43.22877807960402,9.606857538648583,6.726587292900774e-05,7.56962117916894e-06,0.7187869591384808,0.6750295673107847,0.7033430281540936,0.6626744225232748,0.5390371237835376,4.773259866484763e-06,0.32236929754956684,2.611846487747834,0.2893500083626318,0.0017259200267604217,0.27245091067522176,0.0026347054640513306,,,,
kde_samples,,,,,,,,,,,,,,,,,,,,,,,,,,,,,,,,,,,,,219.0,0.000898500342370441,41.30098924963394,7.679068708678507,0.0004624053323940683,5.203579534521067e-05,0.729823222178134,0.6838585777425072,0.7065984614345827,0.6652787691476661,0.48674049790856666,4.407183485359966e-06,0.28569207634096383,2.428460381704819,0.22740021496207305,0.0015276806878786338,0.2493755695196988,0.0024962534171181928,,,,
kde_samples,,,,,,,,,,,,,,,,,,,,,,,,,,,,,,,,,,,,,220.0,0.009194921756586823,60.7412541787301,27.119333637774666,1.6681037098185065e-12,1.877164841704926e-13,0.7043496703660355,0.6634797362928284,0.7319961017141798,0.6855968813713439,0.5315687108932663,4.720980976252864e-06,0.237552077635658,2.18776038817829,0.3163826861973851,0.0018124245958316323,0.25130953718525884,0.002507857223111553,,,,
kde_samples,,,,,,,,,,,,,,,,,,,,,,,,,,,,,,,,,,,,,221.0,0.0028443168070509325,45.860447561619765,12.238527020664328,4.840333083666308e-06,5.446965337537778e-07,0.7060316004828898,0.6648252803863118,0.6576546229935585,0.6261236983948468,0.4646254443580644,4.252378110506451e-06,0.24383536534467715,2.219176826723386,0.23776377576927438,0.0015608440824616781,0.28675983962433815,0.002720559037746029,,,,
kde_samples,,,,,,,,,,,,,,,,,,,,,,,,,,,,,,,,,,,,,222.0,0.0011549703521413837,41.901952567115806,8.28003202616037,0.0002535290803417241,2.8530352949041084e-05,0.6830231970713095,0.6464185576570476,0.6516998714673443,0.6213598971738754,0.5010451503235921,4.507316052265144e-06,0.3063156236618392,2.531578118309196,0.24690936306362177,0.0015901099618035896,0.3093045029929627,0.002855827017957776,,,,
kde_samples,,,,,,,,,,,,,,,,,,,,,,,,,,,,,,,,,,,,,223.0,0.0055353280293050575,52.16605433783151,18.544133796876075,8.838631350600963e-09,9.946364798831515e-10,0.7308790219443361,0.6847032175554688,0.6879649407508517,0.6503719526006814,0.473978965386598,4.317852757706186e-06,0.3201566070705925,2.6007830353529626,0.31233406146221504,0.001799468996679088,0.26556035483051427,0.0025933621289830856,,,,
kde_samples,,,,,,,,,,,,,,,,,,,,,,,,,,,,,,,,,,,,,224.0,0.0015657382089059521,42.864468278549744,9.242547737594307,9.68305767934841e-05,1.089662191198615e-05,0.7101765738767974,0.668141259101438,0.678515430410721,0.6428123443285768,0.5425721087512968,4.798004761259077e-06,0.2866222538770324,2.433111269385162,0.27070858973053863,0.0016662674871377237,0.34063930526748915,0.003043835831604935,,,,
kde_samples,,,,,,,,,,,,,,,,,,,,,,,,,,,,,,,,,,,,,225.0,0.0017498046197021722,43.29577469510842,9.673854154152984,6.290693448482005e-05,7.0790973618293475e-06,0.6476526382282289,0.6181221105825832,0.6931592408797432,0.6545273927037946,0.49162295752910345,4.441360702703724e-06,0.2689197007988879,2.3445985039944395,0.2702029219201706,0.001664649350144546,0.31592485930841563,0.002895549155850494,,,,
kde_samples,,,,,,,,,,,,,,,,,,,,,,,,,,,,,,,,,,,,,226.0,-0.0008362205977021364,37.23617226778745,3.6142517268320162,0.02693707396757729,0.0030313060208854,0.685090338921273,0.6480722711370184,0.7195798800570545,0.6756639040456436,0.4971518724474433,4.480063107132103e-06,0.24629262645325792,2.2314631322662897,0.2339715631182967,0.0015487090019785494,0.3389432010303367,0.0030336592061820204,,,,
kde_samples,,,,,,,,,,,,,,,,,,,,,,,,,,,,,,,,,,,,,227.0,0.01140883387697042,65.9289171482418,32.30699660728636,9.31643260411444e-15,1.0484048222912879e-15,0.7014419215765267,0.6611535372612214,0.6443852833073875,0.61550822664591,0.49859941770108884,4.490195923907622e-06,0.24505142356108767,2.2252571178054383,0.3003236287085963,0.0017610356118675083,0.34317638110886545,0.003059058286653193,,,,
kde_samples,,,,,,,,,,,,,,,,,,,,,,,,,,,,,,,,,,,,,228.0,0.007761366714771893,57.3821324065924,23.76021186563696,4.7981199173369585e-11,5.3994616534298404e-12,0.6566463583602565,0.6253170866882052,0.6778483513516216,0.6422786810812973,0.5463727840336533,4.824609488235573e-06,0.2350977107848544,2.175488553924272,0.28501663242775993,0.0017120532237688319,0.273761985827046,0.002642571914962276,,,,
kde_samples,,,,,,,,,,,,,,,,,,,,,,,,,,,,,,,,,,,,,229.0,0.006590276133758392,54.63802021481532,21.016099673859884,7.461461123382074e-10,8.396595730900266e-11,0.7232417782424494,0.6785934225939595,0.6753237840660757,0.6402590272528605,0.4948317591654362,4.463822314158054e-06,0.2902328594451793,2.4511642972258967,0.31271272699765995,0.001800680726392512,0.2631559978634104,0.0025789359871804625,,,,
kde_samples,,,,,,,,,,,,,,,,,,,,,,,,,,,,,,,,,,,,,230.0,0.009569069035375473,61.617960153391444,27.996039612436007,6.941838107831966e-13,7.811849081162594e-14,0.7067377526287634,0.6653902021030107,0.658262900828664,0.6266103206629312,0.5013907162806849,4.509735013964794e-06,0.23627394186363498,2.181369709318175,0.29878759654839526,0.001756120308954865,0.2834091818148738,0.002700455090889243,,,,
kde_samples,,,,,,,,,,,,,,,,,,,,,,,,,,,,,,,,,,,,,231.0,0.0034819418792629356,47.35453756866725,13.732617027711811,1.0864261308743894e-06,1.2225864159302238e-07,0.6874266518176091,0.6499413214540872,0.6380466181645466,0.6104372945316372,0.49261216715653056,4.4482851700957135e-06,0.26286466704191097,2.314323335209555,0.2552610437291523,0.0016168353399332875,0.2664936536250643,0.0025989619217503855,,,,
kde_samples,,,,,,,,,,,,,,,,,,,,,,,,,,,,,,,,,,,,,232.0,0.0008990776809708542,41.30234207572431,7.680421534768875,0.00046178020133822096,5.1965447558524056e-05,0.701331307751727,0.6610650462013816,0.679400443766582,0.6435203550132657,0.5527907573376641,4.869535301363649e-06,0.29786601642946114,2.4893300821473057,0.23042239731444797,0.0015373516714062337,0.2558618634846773,0.002535171180908064,,,,
kde_samples,,,,,,,,,,,,,,,,,,,,,,,,,,,,,,,,,,,,,233.0,0.0037658263683394214,48.019738792348,14.397818251392565,5.586077824933044e-07,6.286173236274819e-08,0.7262440561641792,0.6809952449313433,0.6874164679520476,0.6499331743616381,0.4830045623041984,4.381031936129388e-06,0.23541580572619963,2.177079028630998,0.2611600772354786,0.0016357122471535317,0.2485750380346977,0.002491450228208186,,,,
kde_samples,,,,,,,,,,,,,,,,,,,,,,,,,,,,,,,,,,,,,234.0,0.0006557775775894378,40.732238626192874,7.110318085237438,0.0008166351911891115,9.189829507458921e-05,0.6713417490671252,0.6370733992537001,0.6669163881569034,0.6335331105255226,0.5277654767165114,4.69435833701558e-06,0.2915474616529745,2.4577373082648726,0.2598543265454544,0.001631533844945454,0.3324323605687925,0.002994594163412755,,,,
kde_samples,,,,,,,,,,,,,,,,,,,,,,,,,,,,,,,,,,,,,235.0,0.008998113019909,60.280089805519566,26.65816926456413,2.6454782223399046e-12,2.9770323507120717e-13,0.6572673721384447,0.6258138977107557,0.6739889300619696,0.6391911440495757,0.5075830350187231,4.5530812451310615e-06,0.28227214280114704,2.411360714005735,0.31606558669575513,0.0018114098774264166,0.27058430954007,0.00262350585724042,,,,
kde_samples,,,,,,,,,,,,,,,,,,,,,,,,,,,,,,,,,,,,,236.0,0.0019770697360510306,43.828304788552444,10.206384247597008,3.693377006232174e-05,4.156262840524926e-06,0.7342938861039144,0.6874351088831315,0.7273810384941064,0.6819048307952851,0.538969916801334,4.772789417609338e-06,0.2537458655385669,2.268729327692834,0.27796443379427654,0.001689486188141685,0.27194694858567375,0.0026316816915140425,,,,
kde_samples,,,,,,,,,,,,,,,,,,,,,,,,,,,,,,,,,,,,,237.0,0.0019134602861699199,43.67925443347237,10.057333892516937,4.287018797839368e-05,4.8243049371958765e-06,0.6637870553288172,0.6310296442630537,0.6444486772394713,0.615558941791577,0.5430062752256283,4.801043926579398e-06,0.2534537639522111,2.2672688197610555,0.2390228097610798,0.0015648729912354554,0.26762880679128354,0.002605772840747701,,,,
kde_samples,,,,,,,,,,,,,,,,,,,,,,,,,,,,,,,,,,,,,238.0,0.005055937869000708,51.04274209808089,17.420821557125457,2.7178990855176793e-08,3.0585296205539047e-09,0.7051695719250838,0.664135657540067,0.68697933232871,0.649583465862968,0.48310789411933475,4.381755258835343e-06,0.2821550728660494,2.410775364330247,0.2986832364383214,0.0017557863566026286,0.3255780694824709,0.0029534684168948254,,,,
kde_samples,,,,,,,,,,,,,,,,,,,,,,,,,,,,,,,,,,,,,239.0,0.00378160399729862,48.056709104197665,14.434788563242229,5.38332970881985e-07,6.058014979057704e-08,0.7114385447279573,0.6691508357823659,0.7000058550391269,0.6600046840313015,0.47283766875065375,4.3098636812545765e-06,0.3036305091104783,2.5181525455523914,0.2960218889835211,0.0017472700447472675,0.28479527534986526,0.002708771652099192,,,,
kde_samples,,,,,,,,,,,,,,,,,,,,,,,,,,,,,,,,,,,,,240.0,0.003778482805910123,48.04939549457523,14.427474953619793,5.422845606565729e-07,6.102483349639436e-08,0.6854494055200666,0.6483595244160533,0.6581298389305621,0.6265038711444497,0.49938292154990777,4.495680450849354e-06,0.2942311238762765,2.471155619381382,0.2839792675415985,0.0017087336561331153,0.3011525788037167,0.0028069154728223005,,,,
kde_samples,,,,,,,,,,,,,,,,,,,,,,,,,,,,,,,,,,,,,241.0,0.0009211362994848774,41.35403007064073,7.732109529685296,0.0004385180737931321,4.934769377535865e-05,0.6898439387484526,0.6518751509987621,0.7257589569438209,0.6806071655550567,0.5164277730451874,4.614994411316312e-06,0.2989219692241764,2.4946098461208823,0.2819176177839223,0.0017021363769085516,0.33651368541769583,0.003019082112506175,,,,
kde_samples,,,,,,,,,,,,,,,,,,,,,,,,,,,,,,,,,,,,,242.0,-0.001365933286626271,35.994943731427995,2.3730231904725585,0.09319854299882949,0.010487898755081741,0.655438238870383,0.6243505910963064,0.7320968261216346,0.6856774608973077,0.469633777968195,4.287436445777365e-06,0.2726641055356547,2.3633205276782734,0.2538040296314399,0.0016121728948206076,0.3253067070303993,0.002951840242182396,,,,
kde_samples,,,,,,,,,,,,,,,,,,,,,,,,,,,,,,,,,,,,,243.0,0.006512588391797518,54.45598145255154,20.834060911596104,8.951221633581496e-10,1.0073065866327887e-10,0.7188531954530285,0.6750825563624228,0.6911603039400506,0.6529282431520405,0.4980842749083898,4.4865899243587284e-06,0.2602900188319066,2.301450094159533,0.3047314788120469,0.0017751407321985502,0.2520187847176772,0.0025121127083060635,,,,
kde_samples,,,,,,,,,,,,,,,,,,,,,,,,,,,,,,,,,,,,,244.0,0.001976505072168712,43.82698166199943,10.205061121043997,3.698267045776582e-05,4.161765741965213e-06,0.6879226028340455,0.6503380822672364,0.7322086188994545,0.6857668951195637,0.5199541068443257,4.63967874791028e-06,0.3288299511507844,2.644149755753922,0.27978337319222923,0.0016953067942151335,0.25166952921348945,0.0025100171752809367,,,,
kde_samples,,,,,,,,,,,,,,,,,,,,,,,,,,,,,,,,,,,,,245.0,0.0024207002979871814,44.867824748315385,11.24590420735995,1.3060682099245643e-05,1.4697559331042024e-06,0.7162604454669226,0.6730083563735381,0.7273080792528959,0.6818464634023167,0.5030086161834391,4.521060313284073e-06,0.33029484232578743,2.651474211628937,0.24947357045218388,0.0015983154254469885,0.27546640447321863,0.0026527984268393118,,,,
kde_samples,,,,,,,,,,,,,,,,,,,,,,,,,,,,,,,,,,,,,246.0,0.0010589071952347984,41.6768563326129,8.054935791657464,0.00031753078247389054,3.5732647647183424e-05,0.6730288049242616,0.6384230439394093,0.6817266172857713,0.6453812938286171,0.5419980765311168,4.793986535717817e-06,0.24873613262456182,2.243680663122809,0.22488795892404598,0.0015196414685569471,0.2475125019105761,0.0024850750114634567,,,,
kde_samples,,,,,,,,,,,,,,,,,,,,,,,,,,,,,,,,,,,,,247.0,0.001802713228930851,43.41975072393852,9.797830182983084,5.5572049886705304e-05,6.2536818073586944e-06,0.7230310988081833,0.6784248790465466,0.6797504140483697,0.6438003312386957,0.4942603120222219,4.4598221841555534e-06,0.3278982110088823,2.6394910550444113,0.27410095762443987,0.0016771230643982077,0.322309738113177,0.002933858428679062,,,,
kde_samples,,,,,,,,,,,,,,,,,,,,,,,,,,,,,,,,,,,,,248.0,-0.002200779410808283,34.038723209491025,0.41680266853558834,0.6591509783392159,0.07417614592131122,0.6762420216140356,0.6409936172912285,0.7302417129590211,0.6841933703672168,0.47828078825845105,4.347965517809157e-06,0.3007621042648929,2.5038105213244646,0.2257976675638946,0.0015225525362044627,0.3122836729126005,0.002873702037475603,,,,
kde_samples,,,,,,,,,,,,,,,,,,,,,,,,,,,,,,,,,,,,,249.0,0.0012357753577013145,42.09129573536306,8.469375194407625,0.00020979594410052126,2.3608937974284535e-05,0.6541248776679657,0.6232999021343726,0.6594606795276842,0.6275685436221473,0.5079898818907266,4.555929173235086e-06,0.239824408855283,2.199122044276415,0.24115747914272131,0.0015717039332567083,0.3314963588320071,0.002988978152992043,,,,
kde_samples,,,,,,,,,,,,,,,,,,,,,,,,,,,,,,,,,,,,,250.0,0.0011845096264534519,41.97116931609336,8.349248775137923,0.00023657417209116201,2.662236860280695e-05,0.6795508342891886,0.6436406674313508,0.64099383799488,0.612795070395904,0.4858111581369776,4.400678106958843e-06,0.2622468558578847,2.3112342792894234,0.22279335375219433,0.001512938732007022,0.34132246361044016,0.003047934781662641,,,,
kde_samples,,,,,,,,,,,,,,,,,,,,,,,,,,,,,,,,,,,,,251.0,0.00026103661130880834,39.80727729892553,6.185356757970091,0.002059366726072503,0.0002317464310885614,0.6485959536755884,0.6188767629404708,0.6665497097598051,0.6332397678078441,0.5286162070814857,4.7003134495704e-06,0.3212352035455589,2.6061760177277944,0.2583446154457308,0.0016267027694263385,0.26223738127010127,0.0025734242876206074,,,,
kde_samples,,,,,,,,,,,,,,,,,,,,,,,,,,,,,,,,,,,,,252.0,0.00912645959420414,60.58083289491519,26.958912353959754,1.9583626901581224e-12,2.2038015787828204e-13,0.6771469026339598,0.6417175221071678,0.6780813959842843,0.6424651167874275,0.46282215149030864,4.23975506043216e-06,0.24169305073741987,2.2084652536870992,0.292225219059701,0.0017351207009910431,0.313819757299033,0.002882918543794198,,,,
kde_samples,,,,,,,,,,,,,,,,,,,,,,,,,,,,,,,,,,,,,253.0,-0.0004152737014043381,38.22253961541126,4.600619074455821,0.01004561483569156,0.0011304617855517698,0.648108788407069,0.6184870307256551,0.7006912936085119,0.6605530348868095,0.47611877660071006,4.3328314362049705e-06,0.2755231943613095,2.3776159718065477,0.24522819892192357,0.0015847302365501557,0.306940601223184,0.002841643607339104,,,,
kde_samples,,,,,,,,,,,,,,,,,,,,,,,,,,,,,,,,,,,,,254.0,0.01038926033855795,63.53984133930683,29.917920798351396,1.0158090723394453e-13,1.143119019073443e-14,0.6731840532484752,0.6385472425987802,0.7237975526341343,0.6790380421073074,0.545583169515925,4.8190821866114745e-06,0.2447379931497289,2.223689965748645,0.3043209624382827,0.0017738270798025048,0.3184743403430997,0.002910846042058598,,,,
kde_samples,,,,,,,,,,,,,,,,,,,,,,,,,,,,,,,,,,,,,255.0,0.005840213150571767,52.88046447136308,19.25854393040764,4.326339946144333e-09,4.868554150658495e-10,0.7405962158979338,0.6924769727183471,0.7285754572702371,0.6828603658161897,0.4627449108909787,4.23921437623685e-06,0.2851362784173496,2.425681392086748,0.31405651558751724,0.001804980849880055,0.34268909960974625,0.0030561345976584777,,,,
kde_samples,,,,,,,,,,,,,,,,,,,,,,,,,,,,,,,,,,,,,256.0,-4.035871897636878e-05,39.10104448159344,5.479123940638004,0.004172983878625115,0.0004695978179203745,0.6591035402279598,0.6272828321823678,0.7032233622845285,0.6625786898276228,0.4559194506885563,4.191436154819894e-06,0.2722291109092353,2.3611455545461766,0.22965249201031546,0.0015348879744330095,0.2748125948813558,0.002648875569288135,,,,
kde_samples,,,,,,,,,,,,,,,,,,,,,,,,,,,,,,,,,,,,,257.0,0.005255267138686744,51.50981261166157,17.887892070706137,1.703676687881876e-08,1.9171961319312172e-09,0.6671872875476014,0.633749830038081,0.6777681055123146,0.6422144844098516,0.4845912273156247,4.392138591209373e-06,0.3228108338867512,2.6140541694337562,0.30877063853090175,0.0017880660432988858,0.27409158447505777,0.002644549506850347,,,,
kde_samples,,,,,,,,,,,,,,,,,,,,,,,,,,,,,,,,,,,,,258.0,0.004537844866836262,49.82874093816766,16.206820397212226,9.150974229053212e-08,1.0297853178442677e-08,0.6501592983755553,0.6201274387004443,0.7345721365082428,0.6876577092065943,0.458252898303225,4.207770288122575e-06,0.2730896640071503,2.3654483200357515,0.2957908438367322,0.001746530700277543,0.29503117146647434,0.002770187028798846,,,,
kde_samples,,,,,,,,,,,,,,,,,,,,,,,,,,,,,,,,,,,,,259.0,0.015328837443272979,75.11431215738881,41.49239161643337,9.55175732309139e-19,1.0748865863595235e-19,0.64727369842224,0.617818958737792,0.6456588851179562,0.616527108094365,0.5264763212510964,4.685334248757675e-06,0.24705300178955888,2.2352650089477946,0.31598598009050527,0.0018111551362896168,0.3036045781202459,0.0028216274687214754,,,,
kde_samples,,,,,,,,,,,,,,,,,,,,,,,,,,,,,,,,,,,,,260.0,0.008816255826443554,59.853960051048304,26.232039510092868,4.051072277027647e-12,4.558787565114405e-13,0.6429547260970889,0.6143637808776712,0.6477792807844227,0.6182234246275382,0.48353372056763,4.3847360439734095e-06,0.29989442989757564,2.499472149487878,0.31327819560333053,0.0018024902259306578,0.2758936873485557,0.002655362124091334,,,,
kde_samples,,,,,,,,,,,,,,,,,,,,,,,,,,,,,,,,,,,,,261.0,0.0020933219043578408,44.10070813423998,10.478787593284544,2.812680298715235e-05,3.165189632171497e-06,0.6946275636534173,0.6557020509227338,0.6377477834680826,0.6101982267744661,0.5182015483417245,4.627410838392072e-06,0.25984140095668806,2.2992070047834403,0.22855990066765763,0.0015313916821365044,0.2476874607445319,0.0024861247644671915,,,,
kde_samples,,,,,,,,,,,,,,,,,,,,,,,,,,,,,,,,,,,,,262.0,0.008703909916387753,59.59070989219756,25.968789351242123,5.271061496131929e-12,5.931676346478472e-13,0.7405786247996236,0.6924628998396989,0.6766068815708937,0.6412855052567149,0.47501245336549763,4.325087173558483e-06,0.24141008016160173,2.2070504008080087,0.30063359042590243,0.0017620274893628879,0.3183847827205093,0.002910308696323056,,,,
kde_samples,,,,,,,,,,,,,,,,,,,,,,,,,,,,,,,,,,,,,263.0,0.005367537445445707,51.77288561604454,18.150965075089104,1.309592039998376e-08,1.4737213999296563e-09,0.7054878390294979,0.6643902712235983,0.706099375394878,0.6648795003159024,0.4789546388659116,4.352682472061381e-06,0.30923085291940466,2.5461542645970234,0.317814908102318,0.0018170077059274175,0.28036266866636084,0.002682176011998165,,,,
kde_samples,,,,,,,,,,,,,,,,,,,,,,,,,,,,,,,,,,,,,264.0,0.0015247841337004964,42.76850424391718,9.146583702961742,0.00010658330170065065,1.1994123955701698e-05,0.6743582245676432,0.6394865796541145,0.6450626816427197,0.6160501453141758,0.5143018121240258,4.600112684868181e-06,0.245774444850198,2.22887222425099,0.23648626422095034,0.0015567560455070411,0.3082877749877285,0.0028497266499263713,,,,
kde_samples,,,,,,,,,,,,,,,,,,,,,,,,,,,,,,,,,,,,,265.0,0.003128514506050041,46.52638270219917,12.904462161243735,2.4869284547626023e-06,2.798611759950972e-07,0.7159509880525655,0.6727607904420524,0.6689046332450551,0.6351237065960441,0.5034649986608992,4.524254990626294e-06,0.24834127563538402,2.24170637817692,0.2665112100833411,0.0016528358722666917,0.30777550693876315,0.0028466530416325787,,,,
kde_samples,,,,,,,,,,,,,,,,,,,,,,,,,,,,,,,,,,,,,266.0,0.0008147832688699883,41.10482249210296,7.482901951147525,0.0005626223417177347,6.331350220095943e-05,0.7024734102320054,0.6619787281856043,0.6550887549279957,0.6240710039423966,0.5352736749991053,4.746915724993737e-06,0.28367132990016547,2.4183566495008275,0.2382430547837286,0.0015623777753079316,0.27984492016143103,0.002679069520968586,,,,
kde_samples,,,,,,,,,,,,,,,,,,,,,,,,,,,,,,,,,,,,,267.0,0.005987360455826658,53.22526163810968,19.603341097154242,3.064623550408291e-09,3.448708583301026e-10,0.6609853027777026,0.6287882422221621,0.6949739518898785,0.6559791615119028,0.5012482571494447,4.508737800046112e-06,0.2869891369468409,2.4349456847342044,0.30362180434431285,0.0017715897739018012,0.3134180578212802,0.0028805083469276814,,,,
kde_samples,,,,,,,,,,,,,,,,,,,,,,,,,,,,,,,,,,,,,268.0,7.611031145644126e-05,39.373955980974245,5.752035440018808,0.0031763090257903013,0.00035743914449134026,0.6587422302331483,0.6269937841865186,0.6868016655261888,0.649441332420951,0.5375236667179544,4.762665667025681e-06,0.323101414013949,2.6155070700697447,0.25194833979006553,0.0016062346873282098,0.2956351395093462,0.0027738108370560775,,,,
kde_samples,,,,,,,,,,,,,,,,,,,,,,,,,,,,,,,,,,,,,269.0,-0.001558426520117527,35.543891492240135,1.921970951284699,0.14631829152129605,0.016465616072036247,0.6514289753212076,0.621143180256966,0.729932937266755,0.683946349813404,0.49967863913508115,4.497750473945568e-06,0.31916323378477224,2.5958161689238612,0.24337715107626587,0.0015788068834440509,0.32175717574085827,0.0029305430544451496,,,,
kde_samples,,,,,,,,,,,,,,,,,,,,,,,,,,,,,,,,,,,,,270.0,0.003203218305076104,46.70142945691056,13.079508915955124,2.087571945395618e-06,2.3492044513542716e-07,0.6857462846412152,0.6485970277129722,0.6579589866424358,0.6263671893139486,0.46031373360024197,4.222196135201694e-06,0.25948804816409743,2.297440240820487,0.2623885229600274,0.0016396432734720877,0.3340546553492134,0.0030043279320952805,,,,
kde_samples,,,,,,,,,,,,,,,,,,,,,,,,,,,,,,,,,,,,,271.0,-0.0004505133468678535,38.1399656947273,4.518045153771865,0.01091033085475196,0.0012277707537822786,0.669919802841905,0.635935842273524,0.6623789177023257,0.6299031341618606,0.5520997486095112,4.864698240266578e-06,0.2749155086591717,2.3745775432958585,0.2401708628307475,0.0015685467610583922,0.33771210058662476,0.0030262726035197485,,,,
kde_samples,,,,,,,,,,,,,,,,,,,,,,,,,,,,,,,,,,,,,272.0,0.0013327234718392908,42.318465611279564,8.696545070324127,0.00016716234862460095,1.881125746846183e-05,0.6761874325871442,0.6409499460697153,0.6981363800131692,0.6585091040105354,0.49119434898044606,4.438360442863122e-06,0.2566991720582568,2.283495860291284,0.25955432832876557,0.0016305738506520498,0.3017296774070306,0.002810378064442184,,,,
kde_samples,,,,,,,,,,,,,,,,,,,,,,,,,,,,,,,,,,,,,273.0,0.00036257183015184907,40.04519572849808,6.423275187542643,0.0016233308058265753,0.0001826780611551857,0.6750111041861938,0.640008883348955,0.6770653683613139,0.6416522946890512,0.47776719068583956,4.344370334800877e-06,0.3239381234278186,2.619690617139093,0.22873378593880256,0.0015319481150041683,0.26520496844983965,0.002591229810699038,,,,
kde_samples,,,,,,,,,,,,,,,,,,,,,,,,,,,,,,,,,,,,,274.0,0.0071649243334758125,55.98454212899776,22.362621588042323,1.9410505398555248e-10,2.1843197206159303e-11,0.7064810177117073,0.6651848141693659,0.6530053253243283,0.6224042602594626,0.5127491678435216,4.589244174904651e-06,0.25718669259547655,2.2859334629773826,0.29853431805691877,0.0017553098177821402,0.2535989680999887,0.0025215938085999326,,,,
kde_samples,,,,,,,,,,,,,,,,,,,,,,,,,,,,,,,,,,,,,275.0,0.008641187577342925,59.4437382248815,25.821817683926064,6.105581983443263e-12,6.870786132784108e-13,0.6656517863662047,0.6325214290929637,0.6710972034219781,0.6368777627375825,0.520599854446835,4.644198981127845e-06,0.27578883277899396,2.3789441638949698,0.3044689291773758,0.0017743005733676025,0.34435912047654027,0.003066154722859242,,,,
kde_samples,,,,,,,,,,,,,,,,,,,,,,,,,,,,,,,,,,,,,276.0,0.0018371229870775205,43.50038004363184,9.878459502676407,5.126719404365449e-05,5.7692440598962045e-06,0.7018982158687356,0.6615185726949885,0.6920416091430913,0.653633287314473,0.48039455157961136,4.362761861057279e-06,0.26772354692621975,2.338617734631099,0.2624892797069769,0.001639965695062326,0.31548855831413414,0.002892931349884805,,,,
kde_samples,,,,,,,,,,,,,,,,,,,,,,,,,,,,,,,,,,,,,277.0,-0.00043151311910032825,38.18448723516894,4.562566694213501,0.010435240469409595,0.0011743074731272788,0.6741037344012774,0.6392829875210219,0.7248040833164004,0.6798432666531203,0.5042254236128134,4.529577965289694e-06,0.25695597407394527,2.2847798703697264,0.23334188428905386,0.0015466940297249724,0.26164996638255383,0.002569899798295323,,,,
kde_samples,,,,,,,,,,,,,,,,,,,,,,,,,,,,,,,,,,,,,278.0,0.00358648538411626,47.59950504675151,13.977584505796074,8.503783185822529e-07,9.569550576471273e-08,0.645468098048421,0.6163744784387368,0.680094343127765,0.6440754745022119,0.45396235295772297,4.177736470704061e-06,0.24977735685003621,2.248886784250181,0.26282181971796376,0.001641029823097484,0.2769969202085851,0.0026619815212515106,,,,
kde_samples,,,,,,,,,,,,,,,,,,,,,,,,,,,,,,,,,,,,,279.0,0.005745513080295174,52.658562236282975,19.03664169532754,5.401216152389027e-09,6.078143105872344e-10,0.7136051629508247,0.6708841303606597,0.7001710287320385,0.6601368229856308,0.4580973689969484,4.206681582978639e-06,0.26194819295986166,2.3097409647993086,0.2972053631838642,0.0017510571621883655,0.2755832394610574,0.0026534994367663446,,,,
kde_samples,,,,,,,,,,,,,,,,,,,,,,,,,,,,,,,,,,,,,280.0,0.0018125173349396381,43.44272381181435,9.820803270858917,5.430994107686469e-05,6.111653091140766e-06,0.7419229755058864,0.693538380404709,0.6788585407473111,0.6430868325978489,0.5265272617127594,4.685690831989316e-06,0.2613315934236136,2.306657967118068,0.2534992813380506,0.001611197700281762,0.2821323269658208,0.0026927939617949247,,,,
kde_samples,,,,,,,,,,,,,,,,,,,,,,,,,,,,,,,,,,,,,281.0,0.004168610797444482,48.96354764922448,15.341627108269044,2.1737820760980037e-07,2.446219178556642e-08,0.7157773567171901,0.6726218853737521,0.689734243104392,0.6517873944835136,0.4727522559705061,4.3092657917935425e-06,0.26316209575670946,2.3158104787835474,0.2844011404589615,0.0017100836494686768,0.3002057866101002,0.0028012347196606016,,,,
kde_samples,,,,,,,,,,,,,,,,,,,,,,,,,,,,,,,,,,,,,282.0,0.001464357445453486,42.62691177052897,9.004991229573534,0.00012279537208402874,1.3818514630921418e-05,0.7393565646725453,0.6914852517380362,0.7101564408176956,0.6681251526541565,0.4841809139326252,4.389266397528376e-06,0.30082160290727666,2.504108014536383,0.26889299779413744,0.00166045759294124,0.3466756881234348,0.003080054128740609,,,,
kde_samples,,,,,,,,,,,,,,,,,,,,,,,,,,,,,,,,,,,,,283.0,0.0003380347657095592,39.98770021211519,6.365779671159757,0.0017194003697813796,0.0001934890441146027,0.6984601553718347,0.6587681242974678,0.7305140562716137,0.684411245017291,0.486536897567871,4.405758282975097e-06,0.31767605169024393,2.5883802584512194,0.27545315643963714,0.001681450100606839,0.2614567630501543,0.002568740578300926,,,,
kde_samples,,,,,,,,,,,,,,,,,,,,,,,,,,,,,,,,,,,,,284.0,0.0007671413034600685,40.99318732037403,7.37126677941859,0.0006290707802227439,7.079113514509853e-05,0.7124978458609262,0.669998276688741,0.7096150946199257,0.6676920756959406,0.4733994905668825,4.3137964339681775e-06,0.24915902448393176,2.2457951224196586,0.22017512435034195,0.0015045603979210944,0.2637593680719942,0.002582556208431965,,,,
kde_samples,,,,,,,,,,,,,,,,,,,,,,,,,,,,,,,,,,,,,285.0,0.0004977444976352052,40.36193379372536,6.740013252769927,0.0011826314833687588,0.00013308490522539023,0.6871959281428683,0.6497567425142947,0.7049466890978998,0.6639573512783199,0.5249181121813078,4.674426785269155e-06,0.3242452353469443,2.6212261767347216,0.24065224224656764,0.0015700871751890165,0.3348844861729125,0.0030093069170374753,,,,
kde_samples,,,,,,,,,,,,,,,,,,,,,,,,,,,,,,,,,,,,,286.0,0.00288556932683625,45.95711091483916,12.335190373883727,4.394352457394195e-06,4.945090575919604e-07,0.7414399479057122,0.6931519583245698,0.6489015638060072,0.6191212510448058,0.45684205576509024,4.197894390355631e-06,0.25844994673389166,2.2922497336694585,0.22271093864454305,0.001512675003662538,0.2777363258907983,0.0026664179553447897,,,,
kde_samples,,,,,,,,,,,,,,,,,,,,,,,,,,,,,,,,,,,,,287.0,0.0011890117499460187,41.98171874084763,8.359798199892197,0.00023409156870679066,2.6342994139360273e-05,0.6926920707610073,0.6541536566088058,0.7039516408644118,0.6631613126915294,0.4877925258555427,4.414547680988799e-06,0.26756220177402024,2.3378110088701014,0.2463017930286091,0.0015881657376915492,0.2521770163145663,0.0025130620978873978,,,,
kde_samples,,,,,,,,,,,,,,,,,,,,,,,,,,,,,,,,,,,,,288.0,0.0018364588275970803,43.49882377791072,9.876903236955286,5.1347041536204816e-05,5.778229526736876e-06,0.6688119267634229,0.6350495414107383,0.6662883168449896,0.6330306534759916,0.5171851478167638,4.6202960347173465e-06,0.2575792832360137,2.2878964161800686,0.2373414933008795,0.0015594927785628145,0.2527478546031769,0.0025164871276190616,,,,
kde_samples,,,,,,,,,,,,,,,,,,,,,,,,,,,,,,,,,,,,,289.0,0.002483219556651227,45.014320555473525,11.392400014518088,1.1280894509870032e-05,1.2694713423552156e-06,0.730331457916756,0.6842651663334048,0.6732273164527451,0.6385818531621961,0.4689289428354305,4.282502599848014e-06,0.26112621692985305,2.3056310846492654,0.24703052828924757,0.0015904976905255922,0.31303578389323294,0.0028782147033593977,,,,
kde_samples,,,,,,,,,,,,,,,,,,,,,,,,,,,,,,,,,,,,,290.0,0.00035663435570797153,40.031282973776996,6.40936243282156,0.0016460736501164657,0.00018523737850758204,0.6520452679866171,0.6216362143892937,0.7282294498940974,0.682583559915278,0.46155557882705456,4.230889051789382e-06,0.31394705471224094,2.5697352735612045,0.27497722697574994,0.0016799271263224,0.27006885164083,0.0026204131098449797,,,,
kde_samples,,,,,,,,,,,,,,,,,,,,,,,,,,,,,,,,,,,,,291.0,0.0022967237970135668,44.57732166227644,10.955401121321003,1.746343797204106e-05,1.9652106510797804e-06,0.6579496002959081,0.6263596802367265,0.7212513830339844,0.6770011064271875,0.4877146068044157,4.41400224763091e-06,0.31990938388504053,2.5995469194252028,0.2912029294649455,0.0017318493742878257,0.28867346576467257,0.0027320407945880354,,,,
kde_samples,,,,,,,,,,,,,,,,,,,,,,,,,,,,,,,,,,,,,292.0,0.0018929460276137997,43.631185199613114,10.009264658657678,4.4981257333411594e-05,5.061869613079937e-06,0.7131312176787886,0.6705049741430309,0.7256845110989625,0.68054760887917,0.4790489127516441,4.3533423892615085e-06,0.23533291769737946,2.176664588486897,0.2541431917168722,0.0016132582134939912,0.2633848747925186,0.0025803092487551114,,,,
kde_samples,,,,,,,,,,,,,,,,,,,,,,,,,,,,,,,,,,,,,293.0,0.0006915761968697698,40.81612234040645,7.194201799451015,0.0007509272366937857,8.450399091514382e-05,0.7237980365322518,0.6790384292258015,0.732489171157895,0.685991336926316,0.517363628308061,4.621545398156427e-06,0.2635889520956477,2.3179447604782384,0.24842527827664254,0.0015949608904852561,0.25080255658951955,0.0025048153395371177,,,,
kde_samples,,,,,,,,,,,,,,,,,,,,,,,,,,,,,,,,,,,,,294.0,0.0013228332616851968,42.29529076323357,8.67337022227813,0.0001710815486791873,1.9252296266395922e-05,0.6507606713117424,0.6206085370493939,0.6802319062922092,0.6441855250337674,0.5067293769518012,4.547105638662608e-06,0.31397062351839944,2.569853117591997,0.2751139330122073,0.0016803645856390634,0.32257247711380344,0.002935434862682821,,,,
kde_samples,,,,,,,,,,,,,,,,,,,,,,,,,,,,,,,,,,,,,295.0,-0.00041630926847878447,38.22011306337467,4.598192522419232,0.010070020641833764,0.0011332082407603968,0.6980643723877362,0.658451497910189,0.7081380186539554,0.6665104149231643,0.45890597387352317,4.212341817114662e-06,0.3013926019926951,2.506963009963475,0.23464814711304494,0.001550874070761744,0.30881468969932235,0.0028528881381959343,,,,
kde_samples,,,,,,,,,,,,,,,,,,,,,,,,,,,,,,,,,,,,,296.0,0.004237404864543846,49.1247466557829,15.502826114827464,1.8501552160361437e-07,2.082032611520243e-08,0.6914797000396165,0.6531837600316932,0.6390785521056618,0.6112628416845294,0.5090610971096797,4.563427679767758e-06,0.3188720438279702,2.594360219139851,0.2882282101949214,0.0017223302726237484,0.27947567451088406,0.002676854047065304,,,,
kde_samples,,,,,,,,,,,,,,,,,,,,,,,,,,,,,,,,,,,,,297.0,0.006261835864830111,53.86841540298544,20.246494862030005,1.6108644734334036e-09,1.8127518909538944e-10,0.6666886784913778,0.6333509427931022,0.6800418491212313,0.6440334792969851,0.5096669850146065,4.567668895102245e-06,0.2381551409378279,2.1907757046891394,0.2803328988456967,0.0016970652763062294,0.3028489287977481,0.002817093572786489,,,,
kde_samples,,,,,,,,,,,,,,,,,,,,,,,,,,,,,,,,,,,,,298.0,0.0002654063788735603,39.81751658582961,6.195596044874172,0.0020383878668927763,0.00022938562002870552,0.6463751201240235,0.6171000960992188,0.6483661005552455,0.6186928804441963,0.48934518798459087,4.425416315892136e-06,0.3331557297625022,2.665778648812511,0.22513925991318803,0.001520445631722202,0.2818831627585543,0.002691298976551326,,,,
kde_samples,,,,,,,,,,,,,,,,,,,,,,,,,,,,,,,,,,,,,299.0,0.0028675103500840973,45.91479492401827,12.29287438306283,4.5842942815672726e-06,5.15883754633177e-07,0.6983729115816786,0.6586983292653429,0.6511378019199157,0.6209102415359325,0.543398114040033,4.803786798280231e-06,0.24870378337066676,2.2435189168533336,0.2634283096620261,0.0016429705909184837,0.3262428963779758,0.002957457378267855,,,,
kde_samples,,,,,,,,,,,,,,,,,,,,,,,,,,,,,,,,,,,,,300.0,0.0067069403229895255,54.911389012415825,21.28946847146039,5.676770280820634e-10,6.38823205228128e-11,0.6470195982819806,0.6176156786255845,0.6726358873908509,0.6381087099126808,0.5514637790823375,4.860246453576362e-06,0.270111951035108,2.35055975517554,0.2959695770492447,0.001747102646557583,0.27997959632815356,0.0026798775779689216,,,,
kde_samples,,,,,,,,,,,,,,,,,,,,,,,,,,,,,,,,,,,,,301.0,0.001616335144295676,42.98302756808765,9.361107027132213,8.60048363097382e-05,9.678370354730126e-06,0.7365797448452867,0.6892637958762293,0.6880222310393065,0.6504177848314452,0.4902963052151044,4.432074136505731e-06,0.3189404462636927,2.594702231318464,0.26368315426747263,0.0016437860936559124,0.28875960627863295,0.002732557637671798,,,,
kde_samples,,,,,,,,,,,,,,,,,,,,,,,,,,,,,,,,,,,,,302.0,0.0009875584159056566,41.50967109656048,7.887750555605045,0.00037531287159143286,4.223503149377967e-05,0.67893775658104,0.643150205264832,0.6929674048167186,0.6543739238533749,0.5129487701022483,4.590641390715738e-06,0.32193223779578994,2.60966118897895,0.2788516112403658,0.0016923251559691705,0.28541132003928094,0.002712467920235686,,,,
kde_samples,,,,,,,,,,,,,,,,,,,,,,,,,,,,,,,,,,,,,303.0,0.0047172926438703855,50.24922492184079,16.627304380885356,6.009709210299616e-08,6.762897757521405e-09,0.7304520250492749,0.6843616200394199,0.6536516294454194,0.6229213035563356,0.5295343614048122,4.7067405298336855e-06,0.3019894952504131,2.5099474762520653,0.2956287783023216,0.0017460120905674293,0.2931505530508665,0.002758903318305199,,,,
kde_samples,,,,,,,,,,,,,,,,,,,,,,,,,,,,,,,,,,,,,304.0,0.0023718075452139747,44.75325871802728,11.131338177071846,1.4646074991425476e-05,1.648164732267695e-06,0.7214768930012342,0.6771815144009874,0.6860745896751502,0.6488596717401202,0.483332618603226,4.383328330222582e-06,0.294044752708637,2.470223763543185,0.26920807323180074,0.0016614658343417623,0.2835740526888005,0.002701444316132803,,,,
kde_samples,,,,,,,,,,,,,,,,,,,,,,,,,,,,,,,,,,,,,305.0,0.008561148226652986,59.2561891474565,25.634268606501067,7.365099129979539e-12,8.288156822079949e-13,0.7057047017697171,0.6645637614157737,0.7352479760625344,0.6881983808500276,0.4704825646161342,4.29337795231294e-06,0.2561355032275473,2.2806775161377364,0.3156536487166487,0.001810091675893276,0.32643966012666953,0.002958637960760017,,,,
kde_samples,,,,,,,,,,,,,,,,,,,,,,,,,,,,,,,,,,,,,306.0,0.000934136633855602,41.384492595591624,7.762572054636188,0.0004253611204558647,4.786710416433513e-05,0.7136562620405753,0.6709250096324603,0.6719805683679949,0.637584454694396,0.48182456388588357,4.372771947201185e-06,0.2819242213111991,2.4096211065559956,0.2347815128727612,0.001551300841192836,0.33549230096809196,0.003012953805808552,,,,
kde_samples,,,,,,,,,,,,,,,,,,,,,,,,,,,,,,,,,,,,,307.0,0.0005361470936048815,40.45191917445063,6.829998633495194,0.00108085959460214,0.00012163222333624155,0.6619494764300745,0.6295595811440596,0.662415111520163,0.6299320892161304,0.4890850859782892,4.423595601848025e-06,0.2983983170173489,2.491991585086745,0.23794622091848264,0.0015614279069391447,0.2944793144542618,0.002766875886725571,,,,
kde_samples,,,,,,,,,,,,,,,,,,,,,,,,,,,,,,,,,,,,,308.0,-0.0005883548863157909,37.816973899673286,4.19505335871785,0.015069938328048251,0.001695863286531002,0.6696124354679998,0.6356899483743998,0.687858575064957,0.6502868600519656,0.5023046946900342,4.5161328628302395e-06,0.3075802656197703,2.537901328098852,0.24555675210653713,0.0015857816067409189,0.3228509523992535,0.002937105714395521,,,,
kde_samples,,,,,,,,,,,,,,,,,,,,,,,,,,,,,,,,,,,,,309.0,0.004045889604138056,48.67598601376999,15.054065472814557,2.898027050769048e-07,3.261232774672844e-08,0.7395066597411224,0.691605327792898,0.720395206409919,0.6763161651279352,0.46901536746060735,4.283107572224252e-06,0.2810390186367299,2.4051950931836497,0.2976088169406721,0.0017523482142101508,0.318716638453536,0.002912299830721216,,,,
kde_samples,,,,,,,,,,,,,,,,,,,,,,,,,,,,,,,,,,,,,310.0,0.004984150945748812,50.87453019842133,17.252609657465896,3.2157836835812384e-08,3.6188134069936513e-09,0.6648040281372062,0.631843222509765,0.6922374786554288,0.6537899829243431,0.45955374486329187,4.216876214043043e-06,0.30160353083332425,2.508017654166621,0.298434828545552,0.0017549914513457663,0.2565851563549107,0.002539510938129464,,,,
kde_samples,,,,,,,,,,,,,,,,,,,,,,,,,,,,,,,,,,,,,311.0,0.0012885764526057095,42.21501983545866,8.593099294503226,0.0001853806471651866,2.0861414739546162e-05,0.7299482588308077,0.6839586070646462,0.6824138805742814,0.6459311044594251,0.5247637270927825,4.673346089649477e-06,0.2737557931204043,2.3687789656020217,0.23700363216186618,0.001558411622917972,0.2500559189965152,0.0025003355139790913,,,,
kde_samples,,,,,,,,,,,,,,,,,,,,,,,,,,,,,,,,,,,,,312.0,0.002061905142804299,44.027092036729734,10.405171495774297,3.0275507799289685e-05,3.406989533748674e-06,0.6797684368180922,0.6438147494544737,0.7306637447006827,0.6845309957605462,0.5338723724067153,4.737106606847007e-06,0.32208485382543967,2.6104242691271984,0.23934194202661457,0.0015658942144851666,0.2858330522175906,0.0027149983133055436,,,,
kde_samples,,,,,,,,,,,,,,,,,,,,,,,,,,,,,,,,,,,,,313.0,0.00446995383457937,49.66965793267782,16.047737391722386,1.0728924860520267e-07,1.2073566181118226e-08,0.7078753918016121,0.6663003134412897,0.7258677821387801,0.6806942257110241,0.4937740106247982,4.456418074373588e-06,0.2767995799497549,2.3839978997487745,0.3041747627426554,0.0017733592407764974,0.2596446136922255,0.002557867682153353,,,,
kde_samples,,,,,,,,,,,,,,,,,,,,,,,,,,,,,,,,,,,,,314.0,0.0020392174786115977,43.973930055134545,10.352009514179109,3.192856436555251e-05,3.593012719793603e-06,0.6610475285483917,0.6288380228387134,0.640079032839043,0.6120632262712344,0.4685586520080845,4.279910564056591e-06,0.3325925940512313,2.6629629702561566,0.2582374994291171,0.0016263599981731747,0.3216638718344919,0.0029299832310069516,,,,
kde_samples,,,,,,,,,,,,,,,,,,,,,,,,,,,,,,,,,,,,,315.0,0.002289242460555403,44.5597913132851,10.937870772329667,1.7772277255331776e-05,1.999965219450938e-06,0.7349355844768533,0.6879484675814826,0.6514701536196335,0.6211761228957068,0.5524470660692404,4.867129462484682e-06,0.30893185547098384,2.5446592773549193,0.2748379822359888,0.0016794815431551643,0.27687845643342657,0.0026612707386005595,,,,
kde_samples,,,,,,,,,,,,,,,,,,,,,,,,,,,,,,,,,,,,,316.0,0.0018051147860480635,43.425378078706316,9.80345753775088,5.526020450206191e-05,6.218588953799593e-06,0.6560538966661573,0.6248431173329259,0.6592715466743099,0.6274172373394479,0.520454784160995,4.643183489126965e-06,0.2959098575919998,2.479549287959999,0.267473588349697,0.0016559154827190305,0.28704986744560035,0.002722299204673602,,,,
kde_samples,,,,,,,,,,,,,,,,,,,,,,,,,,,,,,,,,,,,,317.0,0.004552368595626445,49.862773097497914,16.240852556542478,8.844786482491726e-08,9.953291344893001e-09,0.7292475809526251,0.6833980647621001,0.6900103527719662,0.652008282217573,0.4692553200828404,4.2847872405798825e-06,0.2896550218071167,2.448275109035584,0.2954128981367132,0.0017453212740374821,0.29142778783618706,0.0027485667270171223,,,,
kde_samples,,,,,,,,,,,,,,,,,,,,,,,,,,,,,,,,,,,,,318.0,0.0009965567749757806,41.53075614944251,7.908835608487074,0.0003674822247578239,4.1353826396198646e-05,0.696855474508912,0.6574843796071297,0.7091964084113609,0.6673571267290888,0.5450173170333732,4.815121219233612e-06,0.2618157173095267,2.3090785865476335,0.2693856491700937,0.0016620340773443,0.33949948160683124,0.0030369968896409873,,,,
kde_samples,,,,,,,,,,,,,,,,,,,,,,,,,,,,,,,,,,,,,319.0,-0.00024871051742297173,38.612832280449105,4.990911739493669,0.006799462326941479,0.0007651629540480088,0.7121571949502381,0.6697257559601905,0.7333971904050037,0.686717752324003,0.486892558580447,4.408247910063129e-06,0.2503279526598962,2.2516397632994813,0.24724813808166043,0.0015911940418613134,0.33428267351817365,0.003005696041109042,,,,
kde_samples,,,,,,,,,,,,,,,,,,,,,,,,,,,,,,,,,,,,,320.0,0.0004345499117813442,40.213855552547976,6.59193501159254,0.001371383751092807,0.00015432573807517804,0.7235117217984577,0.6788093774387661,0.7202920289885852,0.6762336231908682,0.5039948478390249,4.5279639348731744e-06,0.279072099826255,2.395360499131275,0.256407147902943,0.0016205028732894176,0.2920617544815466,0.0027523705268892797,,,,
kde_samples,,,,,,,,,,,,,,,,,,,,,,,,,,,,,,,,,,,,,321.0,0.0031102976609306762,46.4836967925025,12.861776251547063,2.595383542870501e-06,2.9206593743180117e-07,0.7172942308263173,0.6738353846610539,0.7232663281466418,0.6786130625173135,0.5002780229755005,4.501946160828503e-06,0.293064581461925,2.4653229073096252,0.2980540833487135,0.0017537730667158834,0.3322477207640634,0.0029934863245843803,,,,
kde_samples,,,,,,,,,,,,,,,,,,,,,,,,,,,,,,,,,,,,,322.0,0.000359558468304412,40.03813478622952,6.416214245274084,0.0016348336134684733,0.0001839725050173491,0.6604512236374931,0.6283609789099944,0.6379592786061722,0.6103674228849377,0.5282329917738244,4.697630942416771e-06,0.24405257653016652,2.2202628826508324,0.22378498691798981,0.0015161119581375674,0.33727262212966264,0.0030236357327779757,,,,
kde_samples,,,,,,,,,,,,,,,,,,,,,,,,,,,,,,,,,,,,,323.0,0.0022716988214448244,44.51868286723321,10.896762326277774,1.851809258394727e-05,2.0838939527210014e-06,0.6633119408859798,0.6306495527087839,0.6863016535796806,0.6490413228637445,0.5432066554729934,4.802446588310953e-06,0.3270987664549893,2.6354938322749466,0.2872790659222073,0.0017192930109510636,0.3023516910317413,0.0028141101461904476,,,,
kde_samples,,,,,,,,,,,,,,,,,,,,,,,,,,,,,,,,,,,,,324.0,0.004118875677800608,48.847007775719455,15.225087234764018,2.4424665654801695e-07,2.7485775235509818e-08,0.7212504590700649,0.677000367256052,0.6803750075119585,0.6443000060095667,0.45802143995312444,4.206150079671871e-06,0.3004634449766004,2.5023172248830017,0.28579900676104436,0.0017145568216353421,0.2856888429734379,0.0027141330578406273,,,,
kde_samples,,,,,,,,,,,,,,,,,,,,,,,,,,,,,,,,,,,,,325.0,4.196702683748055e-05,39.29395106495048,5.672030523995041,0.003440871405941915,0.0003872111062425923,0.6427339347795229,0.6141871478236183,0.6499196292013371,0.6199357033610696,0.5408452158544381,4.785916510981067e-06,0.2594089811256058,2.297044905628029,0.22154092021190877,0.0015089309446781082,0.313481669192795,0.0028808900151567705,,,,
kde_samples,,,,,,,,,,,,,,,,,,,,,,,,,,,,,,,,,,,,,326.0,0.0059422475169288655,53.11955250882167,19.497631967866234,3.4063245624389726e-09,3.8332345107859403e-10,0.6877743809903816,0.6502195047923053,0.713686550041322,0.6709492400330576,0.5108659771042712,4.576061839729898e-06,0.25155915631829884,2.2577957815914944,0.29375414801010613,0.0017400132736323398,0.33840564621237545,0.0030304338772742527,,,,
kde_samples,,,,,,,,,,,,,,,,,,,,,,,,,,,,,,,,,,,,,327.0,0.004908967294037399,50.698359047676476,17.07643850672104,3.83527920741379e-08,4.315949448408347e-09,0.7030549483573871,0.6624439586859097,0.7146870787759144,0.6717496630207316,0.46748925906204597,4.272424813434321e-06,0.24459883726867002,2.22299418634335,0.28526784462760896,0.0017128571028083488,0.33170177452443955,0.0029902106471466376,,,,
kde_samples,,,,,,,,,,,,,,,,,,,,,,,,,,,,,,,,,,,,,328.0,0.002445439524634614,44.92579397337704,11.303873432421604,1.2325091274529494e-05,1.3869777925179602e-06,0.6663768799672771,0.6331015039738217,0.6830016602028908,0.6464013281623127,0.48564139962913117,4.399489797403918e-06,0.32659777702127585,2.6329888851063794,0.286094111003741,0.0017155011552119712,0.3328483144324744,0.0029970898865948467,,,,
kde_samples,,,,,,,,,,,,,,,,,,,,,,,,,,,,,,,,,,,,,329.0,-1.7872153594854223e-05,39.15373524626615,5.531814705310715,0.003958798513989572,0.00044549492589183645,0.7165192987264903,0.6732154389811923,0.7056696204674933,0.6645356963739946,0.5310486551263516,4.717340585884461e-06,0.30427309172619665,2.5213654586309833,0.26319816406434227,0.0016422341250058952,0.32702982753747734,0.0029621789652248642,,,,
kde_samples,,,,,,,,,,,,,,,,,,,,,,,,,,,,,,,,,,,,,330.0,0.008544575561323244,59.21735589773279,25.59543535677735,7.656735815241362e-12,8.616343929933349e-13,0.6808257474819757,0.6446605979855805,0.6398313193007001,0.6118650554405601,0.48931244673017144,4.4251871271112e-06,0.24899979413794032,2.244998970689702,0.289662884231628,0.0017269212295412096,0.2844477896332793,0.002706686737799676,,,,
kde_samples,,,,,,,,,,,,,,,,,,,,,,,,,,,,,,,,,,,,,331.0,0.006478524686415736,54.37616300746222,20.75424246650678,9.69498230411134e-10,1.0910041033485455e-10,0.6761260645285708,0.6409008516228567,0.7069121184989009,0.6655296947991207,0.5470772654112055,4.829540857878438e-06,0.26469153642304755,2.3234576821152375,0.3030417479208514,0.0017697335933467245,0.2973035835050801,0.0027838215010304807,,,,
kde_samples,,,,,,,,,,,,,,,,,,,,,,,,,,,,,,,,,,,,,332.0,0.0027322312265978393,45.597807409926666,11.97588686897123,6.294169250143705e-06,7.083008780908197e-07,0.6805282624078745,0.6444226099262995,0.7110679198054056,0.6688543358443245,0.4940066229793563,4.458046360855494e-06,0.3184766224178573,2.592383112089286,0.2977233264376208,0.0017527146446003866,0.2908556763128105,0.002745134057876863,,,,
kde_samples,,,,,,,,,,,,,,,,,,,,,,,,,,,,,,,,,,,,,333.0,0.006627232555999556,54.724616905524485,21.10269636456905,6.842509603036119e-10,7.700071872177087e-11,0.6840256926916124,0.6472205541532899,0.7178729604583275,0.674298368366662,0.5025451438055665,4.517816006638965e-06,0.26727839726336006,2.3363919863168006,0.3125488477869478,0.0018001563129182332,0.24913696954697928,0.002494821817281876,,,,
kde_samples,,,,,,,,,,,,,,,,,,,,,,,,,,,,,,,,,,,,,334.0,0.0028946982593991075,45.9785019289501,12.356581387994666,4.301351045463904e-06,4.840433425601622e-07,0.684146667278355,0.6473173338226841,0.6742816231548036,0.6394252985238429,0.4544386383646158,4.18107046855231e-06,0.3304717534199669,2.6523587670998343,0.28198439674776077,0.0017023500695928346,0.3271663843009053,0.002962998305805432,,,,
kde_samples,,,,,,,,,,,,,,,,,,,,,,,,,,,,,,,,,,,,,335.0,0.003190856581792717,46.67246333240808,13.050542791452642,2.14892510618643e-06,2.4182469189694966e-07,0.7324109523277201,0.6859287618621761,0.6685325184495915,0.6348260147596732,0.5426757366919288,4.798730156843502e-06,0.2345622394761723,2.1728111973808613,0.26036816075324054,0.00163317811441037,0.2634742185070179,0.0025808453110421074,,,,
kde_samples,,,,,,,,,,,,,,,,,,,,,,,,,,,,,,,,,,,,,336.0,-0.0011260691820527205,36.55699591116658,2.9350753702111447,0.053126714983771604,0.00597850127278147,0.6860217011685976,0.6488173609348781,0.7344068875964977,0.6875255100771982,0.4944101527407525,4.460871069185267e-06,0.26126434280644645,2.306321714032232,0.22323042424501036,0.0015143373575840333,0.2724194684844663,0.002634516810906798,,,,
kde_samples,,,,,,,,,,,,,,,,,,,,,,,,,,,,,,,,,,,,,337.0,0.007953970531873897,57.833443766500196,24.21152322554476,3.055406967665108e-11,3.4383368989840783e-12,0.6427636783381855,0.6142109426705484,0.6438315044239793,0.6150652035391835,0.4973194190461739,4.481235933323217e-06,0.2638224133898126,2.319112066949063,0.28952870945868103,0.0017264918702677794,0.2865556050458734,0.0027193336302752404,,,,
kde_samples,,,,,,,,,,,,,,,,,,,,,,,,,,,,,,,,,,,,,338.0,0.0006363095009522535,40.686620817189315,7.064700276233879,0.0008547510711827605,9.618758412859573e-05,0.6818106975340292,0.6454485580272233,0.7054385216344794,0.6643508173075835,0.4557725966278263,4.190408176394784e-06,0.23578244004334045,2.1789122002167023,0.2375597427180957,0.0015601911766979064,0.32052080626503093,0.0029231248375901856,,,,
kde_samples,,,,,,,,,,,,,,,,,,,,,,,,,,,,,,,,,,,,,339.0,0.0014757066251680842,42.65350529192383,9.031584750968392,0.00011957284975346857,1.3455874970993156e-05,0.6861924726434093,0.6489539781147274,0.6459671514062129,0.6167737211249703,0.48203189521080153,4.374223266475611e-06,0.2882871503323503,2.4414357516617518,0.23167720769857483,0.0015413670646354394,0.3046369937960912,0.002827821962776547,,,,
kde_samples,,,,,,,,,,,,,,,,,,,,,,,,,,,,,,,,,,,,,340.0,0.003749760589535883,47.982093284647796,14.36017274369236,5.80037695258769e-07,6.527330177341215e-08,0.7120036581283237,0.669602926502659,0.7121673726577314,0.6697338981261851,0.5471380627140738,4.829966438998516e-06,0.3333645962673393,2.666822981336696,0.26572602074327967,0.001650323266378495,0.25430650281538164,0.00252583901689229,,,,
kde_samples,,,,,,,,,,,,,,,,,,,,,,,,,,,,,,,,,,,,,341.0,0.001380236921645829,42.429799643848305,8.80787910289287,0.0001495501001978528,1.6829300751054758e-05,0.659889302033406,0.6279114416267249,0.6714033968939962,0.637122717515197,0.47541672511253624,4.327917075787753e-06,0.28343113938813846,2.4171556969406924,0.24260193702934227,0.0015763261984938952,0.2643324533642079,0.0025859947201852477,,,,
kde_samples,,,,,,,,,,,,,,,,,,,,,,,,,,,,,,,,,,,,,342.0,0.0007029116425762358,40.84268368012402,7.220763139168582,0.0007312441648308204,8.22889985102693e-05,0.7117676510541296,0.6694141208433038,0.7341205415027179,0.6872964332021743,0.4562680511203211,4.1938763578422475e-06,0.32619983278191306,2.630999163909565,0.22137929251879335,0.0015084137360601387,0.29712024563046613,0.002782721473782797,,,,
kde_samples,,,,,,,,,,,,,,,,,,,,,,,,,,,,,,,,,,,,,343.0,0.0014696442460368012,42.63929985918016,9.017379318224727,0.00012128355572042332,1.3648385609076424e-05,0.7322060189271326,0.6857648151417061,0.7041203303842234,0.6632962643073788,0.5380871620603205,4.766610134422243e-06,0.2377383614140569,2.1886918070702848,0.24856338984233264,0.0015954028474954645,0.2830243941270628,0.0026981463647623768,,,,
kde_samples,,,,,,,,,,,,,,,,,,,,,,,,,,,,,,,,,,,,,344.0,0.0026456975275762767,45.39504070482762,11.773120163872186,7.709014775198912e-06,8.675174939669481e-07,0.6456936956462116,0.6165549565169692,0.6566246755046123,0.6252997404036899,0.4854551058653544,4.398185741057481e-06,0.24948941574626696,2.2474470787313345,0.24368380607756737,0.0015797881794482158,0.2626161303253594,0.0025756967819521564,,,,
kde_samples,,,,,,,,,,,,,,,,,,,,,,,,,,,,,,,,,,,,,345.0,0.0030115315588568406,46.252266987473625,12.630346446518189,3.2712236226563197e-06,3.6812015569902296e-07,0.6976625467003353,0.6581300373602683,0.6549134681784027,0.6239307745427222,0.5230705110455194,4.661493577318635e-06,0.29758815732871274,2.4879407866435637,0.2750547935076933,0.0016801753392246188,0.25175562663457035,0.0025105337598074224,,,,
kde_samples,,,,,,,,,,,,,,,,,,,,,,,,,,,,,,,,,,,,,346.0,0.0026748834113785244,45.46342938531741,11.841508844361975,7.19942897322314e-06,8.101723453607499e-07,0.6680969188848584,0.6344775351078867,0.6846733903651626,0.6477387122921301,0.45603021922580705,4.1922115345806495e-06,0.2500334162196548,2.250167081098274,0.26063060250470127,0.0016340179280150441,0.30789763629840405,0.0028473858177904244,,,,
kde_samples,,,,,,,,,,,,,,,,,,,,,,,,,,,,,,,,,,,,,347.0,0.002123153176158833,44.170609094910745,10.548688553955309,2.622785473944619e-05,2.951495551531929e-06,0.7222825517432072,0.6778260413945658,0.6645381991419986,0.6316305593135989,0.5158189271672037,4.610732490170425e-06,0.28482463980025075,2.4241231990012535,0.2579085627380461,0.0016253074007617475,0.2678373388432714,0.0026070240330596283,,,,
kde_samples,,,,,,,,,,,,,,,,,,,,,,,,,,,,,,,,,,,,,348.0,0.0039980650213642735,48.56392293104704,14.942002390091602,3.241685014650204e-07,3.64796091607827e-08,0.7343472213326689,0.6874777770661351,0.6836637450876974,0.6469309960701579,0.5118835408977135,4.583184786283994e-06,0.3043190322489522,2.521595161244761,0.29937214545859797,0.0017579908654675137,0.2736512581030985,0.002641907548618591,,,,
kde_samples,,,,,,,,,,,,,,,,,,,,,,,,,,,,,,,,,,,,,349.0,0.0005912760967327138,40.58109805442478,6.959177513469342,0.0009498775148021248,0.00010689243505768605,0.6964937670061515,0.6571950136049212,0.726164798956168,0.6809318391649344,0.4871908732002555,4.410336112401788e-06,0.24337175519027704,2.216858775951385,0.25597863591387005,0.0016191316349243841,0.31022884091977937,0.002861373045518676,,,,
kde_samples,,,,,,,,,,,,,,,,,,,,,,,,,,,,,,,,,,,,,350.0,0.0024500607324627957,44.93662243784225,11.314701896886817,1.2192349453735593e-05,1.3720399755494146e-06,0.7409459536561932,0.6927567629249546,0.6393131423701549,0.6114505138961239,0.5503830796284827,4.852681557399379e-06,0.24936330796467057,2.246816539823353,0.24266391392154882,0.0015765245245489563,0.34389827132619555,0.0030633896279571734,,,,
kde_samples,,,,,,,,,,,,,,,,,,,,,,,,,,,,,,,,,,,,,351.0,0.0008974436339181102,41.29851315889066,7.676592617935221,0.00046355170863735255,5.216480034451572e-05,0.6890764037573541,0.6512611230058833,0.706188781877506,0.6649510255020048,0.5451487460258616,4.816041222181031e-06,0.2727498016500303,2.3637490082501516,0.2572079388560122,0.001623065404339239,0.2585302341173414,0.0025511814047040485,,,,
kde_samples,,,,,,,,,,,,,,,,,,,,,,,,,,,,,,,,,,,,,352.0,0.0025083502268700014,45.07320701537075,11.451286474415312,1.0635783135959773e-05,1.1968751132982072e-06,0.6525596148000519,0.6220476918400415,0.6898723025106502,0.6518978420085202,0.5214949612081591,4.650464728457114e-06,0.24042753052425475,2.202137652621274,0.26129675186889956,0.0016361496059804786,0.31089774123789254,0.0028653864474273553,,,,
kde_samples,,,,,,,,,,,,,,,,,,,,,,,,,,,,,,,,,,,,,353.0,0.0020545055122207154,44.00975314183273,10.387832600877296,3.080502903743647e-05,3.4665780740375365e-06,0.6584908719659631,0.6267926975727705,0.7164880355445277,0.6731904284356222,0.5122028836166908,4.585420185316835e-06,0.24179341604971294,2.2089670802485646,0.26288209166753546,0.0016412226933361137,0.25567631899842985,0.002534057913990579,,,,
kde_samples,,,,,,,,,,,,,,,,,,,,,,,,,,,,,,,,,,,,,354.0,-0.0009535953119386778,36.96113856026322,3.3392180193077863,0.03546467957589248,0.003990941883909569,0.6629537825565092,0.6303630260452073,0.6864659591658625,0.64917276733269,0.4978902459798359,4.485231721858851e-06,0.2957571187000004,2.478785593500002,0.22562819733659875,0.001522010231477116,0.32272823479421525,0.002936369408765292,,,,
kde_samples,,,,,,,,,,,,,,,,,,,,,,,,,,,,,,,,,,,,,355.0,0.002702465291959555,45.52805954800648,11.906139007051046,6.748846159323966e-06,7.594669718549246e-07,0.7045725504753851,0.6636580403803081,0.6486437902488414,0.6189150321990732,0.47307178586628557,4.311502501063999e-06,0.24831880779530152,2.2415940389765074,0.24203553262305846,0.0015745137043937873,0.3292207219513967,0.00297532433170838,,,,
kde_samples,,,,,,,,,,,,,,,,,,,,,,,,,,,,,,,,,,,,,356.0,0.003690912457407748,47.84419970113322,14.222279160177784,6.657982367160591e-07,7.492418092928421e-08,0.6692776243097535,0.6354220994478028,0.675002174964907,0.6400017399719256,0.5496258627637928,4.847381039346549e-06,0.27966640912301693,2.398332045615085,0.2868255693295545,0.0017178418218545743,0.26276821537337586,0.002576609292240255,,,,
kde_samples,,,,,,,,,,,,,,,,,,,,,,,,,,,,,,,,,,,,,357.0,-2.849241194263774e-05,39.12884974134922,5.506929200393785,0.004058551264735909,0.00045672038840128393,0.6907176352805462,0.652574108224437,0.7204600089358162,0.676368007148653,0.4934459591679659,4.454121714175761e-06,0.2925109258737093,2.4625546293685465,0.26672965741054394,0.0016535349037137407,0.3192809636095032,0.002915685781657019,,,,
kde_samples,,,,,,,,,,,,,,,,,,,,,,,,,,,,,,,,,,,,,358.0,0.0026198882783876887,45.33456419130488,11.712643650349442,8.189615158893267e-06,9.216008305047643e-07,0.7085397751307337,0.666831820104587,0.6986430999306849,0.6589144799445479,0.49597914056084863,4.47185398392594e-06,0.32721236531640274,2.6360618265820137,0.2936523986955478,0.0017396876758257532,0.2763187750529603,0.002657912650317762,,,,
kde_samples,,,,,,,,,,,,,,,,,,,,,,,,,,,,,,,,,,,,,359.0,0.0028782385385517292,45.93993333196638,12.318012791010943,4.4704888584553885e-06,5.03076904687125e-07,0.7076625754987282,0.6661300603989826,0.6603159501212308,0.6282527600969846,0.5396143686861513,4.777300580803059e-06,0.33269220864307547,2.6634610432153774,0.2349420575278226,0.0015518145840890325,0.3471419241920902,0.0030828515451525413,,,,
kde_samples,,,,,,,,,,,,,,,,,,,,,,,,,,,,,,,,,,,,,360.0,0.009560825150851222,61.598642993474556,27.97672245251912,7.077238267562534e-13,7.964218755728636e-14,0.6855278316784188,0.6484222653427351,0.6408220066104267,0.6126576052883413,0.4888734894544323,4.422114426181026e-06,0.2831011180856246,2.415505590428123,0.30713460801434217,0.0017828307456458949,0.34498548541516627,0.003069912912490998,,,,
kde_samples,,,,,,,,,,,,,,,,,,,,,,,,,,,,,,,,,,,,,361.0,0.0024219367263438804,44.87072196069407,11.248801419738633,1.302289729113051e-05,1.4655039005161318e-06,0.673886583632697,0.6391092669061577,0.7283964598542306,0.6827171678833845,0.503220803402766,4.5225456238193616e-06,0.2936880508764337,2.4684402543821684,0.29075194984240593,0.0017304062394956992,0.3292858050711088,0.0029757148304266528,,,,
kde_samples,,,,,,,,,,,,,,,,,,,,,,,,,,,,,,,,,,,,,362.0,0.0014223266761638279,42.52842481460306,8.906504273647627,0.0001355046943428937,1.52487310356817e-05,0.7159785081624147,0.6727828065299317,0.7141920353141545,0.6713536282513236,0.53971034016689,4.77797238116823e-06,0.2514386575435747,2.2571932877178735,0.2484029037862901,0.0015948892921161285,0.2495597669474281,0.0024973586016845684,,,,
kde_samples,,,,,,,,,,,,,,,,,,,,,,,,,,,,,,,,,,,,,363.0,0.007564513376513572,56.92086352247314,23.298942981517705,7.610227310618593e-11,8.564006578721755e-12,0.6889829792690518,0.6511863834152415,0.6907790376390982,0.6526232301112785,0.46309898825543433,4.2416929177880405e-06,0.2549270592077758,2.274635296038879,0.3006884669449883,0.0017622030942239628,0.25411915001290397,0.002524714900077424,,,,
kde_samples,,,,,,,,,,,,,,,,,,,,,,,,,,,,,,,,,,,,,364.0,0.0032205671115058954,46.742081368904906,13.12016082794947,2.004409953697469e-06,2.2556198822036478e-07,0.6591758044853513,0.627340643588281,0.6394202579976431,0.6115362063981145,0.5089283472799488,4.562498430959642e-06,0.2686391958204696,2.343195979102348,0.2659583130624704,0.0016510666017999056,0.31667248935001263,0.002900034936100076,,,,
kde_samples,,,,,,,,,,,,,,,,,,,,,,,,,,,,,,,,,,,,,365.0,-0.0007609313741008122,37.41259079573345,3.7906702547780142,0.022580462115325953,0.0025410440215945414,0.6641612771814478,0.6313290217451583,0.722447661123078,0.6779581288984624,0.5531559229830196,4.872091460881137e-06,0.2987705710907527,2.4938528554537633,0.2384473728241056,0.001563031593037138,0.3201982415585771,0.0029211894493514625,,,,
kde_samples,,,,,,,,,,,,,,,,,,,,,,,,,,,,,,,,,,,,,366.0,0.002120025676631651,44.1632807039891,10.541360163033666,2.6420768723181723e-05,2.973204714194302e-06,0.7116027265679251,0.6692821812543401,0.697290095334061,0.6578320762672488,0.552827803698127,4.869794625886889e-06,0.32355520127471105,2.617776006373555,0.260923164060452,0.0016349541249934467,0.291514639432327,0.0027490878365939624,,,,
kde_samples,,,,,,,,,,,,,,,,,,,,,,,,,,,,,,,,,,,,,367.0,0.007253279637755586,56.19157723935828,22.569656698402845,1.5780568234048545e-10,1.7758325035021077e-11,0.7391809899607681,0.6913447919686144,0.6650062470876479,0.6320049976701183,0.47130998415779646,4.299169889104575e-06,0.30026801285851334,2.5013400642925667,0.3104030877778625,0.0017932898808891602,0.3341240569158733,0.00300474434149524,,,,
kde_samples,,,,,,,,,,,,,,,,,,,,,,,,,,,,,,,,,,,,,368.0,0.0008999960468418083,41.304494000625645,7.682573459670209,0.0004607875534589244,5.1853742051951495e-05,0.7293285188210722,0.6834628150568578,0.679147429410143,0.6433179435281144,0.46610215574988156,4.262715090249171e-06,0.2770109144648681,2.38505457232434,0.22619511821092697,0.0015238243782749665,0.3407811034879414,0.0030446866209276483,,,,
kde_samples,,,,,,,,,,,,,,,,,,,,,,,,,,,,,,,,,,,,,369.0,0.0006601418498239503,40.74246503637935,7.120544495423914,0.0008083265011970228,9.096329441234193e-05,0.678683379494159,0.6429467035953272,0.7264276748254325,0.681142139860346,0.5314001681745941,4.7198011772221586e-06,0.264255643500079,2.321278217500395,0.26349165964337884,0.0016431733108588124,0.27639224947414015,0.002658353496844841,,,,
kde_samples,,,,,,,,,,,,,,,,,,,,,,,,,,,,,,,,,,,,,370.0,0.002034906866319089,43.963829381508035,10.341908840552598,3.225269860487928e-05,3.6294884733379184e-06,0.6832618607654489,0.6466094886123591,0.6708479252822593,0.6366783402258075,0.47025795275437826,4.291805669280648e-06,0.24859748350629973,2.2429874175314986,0.24461153640055278,0.001582756916481769,0.30857569077492647,0.0028514541446495586,,,,
kde_samples,,,,,,,,,,,,,,,,,,,,,,,,,,,,,,,,,,,,,371.0,0.0005416667331775774,40.4648528539552,6.842932312999764,0.0010669701176566108,0.00012006920074727702,0.7073796778759442,0.6659037423007554,0.7370754221739805,0.6896603377391843,0.5068650436631088,4.548055305641762e-06,0.31204185698719933,2.5602092849359965,0.22848871259682296,0.0015311638803098336,0.2949823261751814,0.0027698939570510884,,,,
kde_samples,,,,,,,,,,,,,,,,,,,,,,,,,,,,,,,,,,,,,372.0,0.002325324423083891,44.644338960480745,11.022418419525309,1.633144088325082e-05,1.8378237791795576e-06,0.7009565599322781,0.6607652479458225,0.6620072801080007,0.6296058240864005,0.5239016298836168,4.667311409185318e-06,0.2499573539410794,2.249786769705397,0.2512873386376086,0.0016041194836403476,0.26566126555801706,0.0025939675933481024,,,,
kde_samples,,,,,,,,,,,,,,,,,,,,,,,,,,,,,,,,,,,,,373.0,0.0024220521723433835,44.870992475016244,11.249071934060808,1.3019374887348866e-05,1.4651075143383258e-06,0.7005049495731565,0.6604039596585252,0.7148648452919144,0.6718918762335315,0.5269682716815003,4.688777901770502e-06,0.3277784951233413,2.6388924756167063,0.30041408891160054,0.0017613250845171218,0.2975263873078388,0.0027851583238470328,,,,
kde_samples,,,,,,,,,,,,,,,,,,,,,,,,,,,,,,,,,,,,,374.0,0.001358391663615073,42.378611597537805,8.756691056582369,0.00015740459070068448,1.771318904496815e-05,0.6934780164718182,0.6547824131774546,0.7286182541550366,0.6828946033240293,0.5231792551226391,4.662254785858474e-06,0.3190691651049985,2.5953458255249924,0.28924172443583485,0.0017255735181946716,0.32356423364702264,0.0029413854018821356,,,,
kde_samples,,,,,,,,,,,,,,,,,,,,,,,,,,,,,,,,,,,,,375.0,0.0013727999463345256,42.412373242378976,8.79045270142354,0.00015217906041198158,1.7125145167391467e-05,0.6811722109932216,0.6449377687945772,0.7112024321200326,0.6689619456960261,0.5100728978926544,4.570510285248581e-06,0.23826373272190177,2.1913186636095086,0.2619361049435157,0.0016381955358192504,0.34426833420717873,0.0030656100052430723,,,,
kde_samples,,,,,,,,,,,,,,,,,,,,,,,,,,,,,,,,,,,,,376.0,0.0015881540955665699,42.916993428074605,9.295072887119169,9.187580053903729e-05,1.0339046760716093e-05,0.6551512237756181,0.6241209790204945,0.6944240143194018,0.6555392114555214,0.5152832986067082,4.606983090246957e-06,0.2643987067015055,2.3219935335075275,0.2674447480130383,0.0016558231936417227,0.29438498715178113,0.002766309922910687,,,,
kde_samples,,,,,,,,,,,,,,,,,,,,,,,,,,,,,,,,,,,,,377.0,0.0019583549312206586,43.78445205424277,10.162531513287334,3.85894546934797e-05,4.3425817702333824e-06,0.6599603120335638,0.627968249626851,0.73510603552371,0.688084828418968,0.5177145473693644,4.624001831585551e-06,0.33216013112519177,2.660800655625959,0.2204509173060801,0.0015054429353794562,0.33384706747154463,0.003003082404829268,,,,
kde_samples,,,,,,,,,,,,,,,,,,,,,,,,,,,,,,,,,,,,,378.0,0.0016451484030907057,43.05054310960609,9.428622568650653,8.03898552156303e-05,9.046500463508315e-06,0.7361834496931572,0.6889467597545258,0.689778533931772,0.6518228271454176,0.46715364633345074,4.270075524334155e-06,0.3269725665303503,2.634862832651751,0.2573611049174287,0.0016235555357357718,0.2863893090341065,0.002718335854204639,,,,
kde_samples,,,,,,,,,,,,,,,,,,,,,,,,,,,,,,,,,,,,,379.0,0.0001602673248350603,39.57115361041462,5.949233069459183,0.0026078397836373523,0.0002934676738520079,0.6819283699554954,0.6455426959643964,0.6542976141426073,0.6234380913140859,0.5419137861691616,4.793396503184132e-06,0.27877352989343834,2.3938676494671918,0.21959514120652124,0.001502704451860868,0.28941825109808805,0.0027365095065885283,,,,
kde_samples,,,,,,,,,,,,,,,,,,,,,,,,,,,,,,,,,,,,,380.0,0.0020853481273127236,44.08202389310718,10.46010335215174,2.8657271222516966e-05,3.224884740767356e-06,0.7355294286728632,0.6884235429382906,0.6391772856721112,0.6113418285376889,0.5124854293355113,4.587398005348579e-06,0.2935317221729032,2.467658610864516,0.24101265151551726,0.0015712404848496554,0.31753281376179976,0.0029051968825707986,,,,
kde_samples,,,,,,,,,,,,,,,,,,,,,,,,,,,,,,,,,,,,,381.0,0.0067205005486932895,54.94316348083034,21.321242939874907,5.499229492025369e-10,6.188440321867052e-11,0.7407240605607209,0.6925792484485768,0.647865438496187,0.6182923507969497,0.5154560688628281,4.608192482039797e-06,0.2935445764535873,2.4677228822679362,0.3072832609301522,0.0017833064349764872,0.27895474408525156,0.0026737284645115093,,,,
kde_samples,,,,,,,,,,,,,,,,,,,,,,,,,,,,,,,,,,,,,382.0,0.004035148055837191,48.65081630091528,15.028895759959845,2.971895280877829e-07,3.344358807942239e-08,0.7338249891243299,0.6870599912994639,0.671591184986786,0.6372729479894288,0.5180457950383756,4.626320565268629e-06,0.3183027593191752,2.591513796595876,0.2973097082944493,0.001751391066542238,0.24887435652154116,0.002493246139129247,,,,
kde_samples,,,,,,,,,,,,,,,,,,,,,,,,,,,,,,,,,,,,,383.0,0.0005630291182384048,40.514909427068545,6.892988886113109,0.0010148759546614484,0.00011420689550468486,0.6919365539718808,0.6535492431775046,0.7229331771631055,0.6783465417304844,0.4910365560904431,4.437255892633102e-06,0.32271137655590715,2.6135568827795357,0.28216236843042386,0.0017029195789773563,0.3102512307211913,0.002861507384327148,,,,
kde_samples,,,,,,,,,,,,,,,,,,,,,,,,,,,,,,,,,,,,,384.0,0.005671534200247012,52.48521411960827,18.863293578652836,6.423558568481306e-09,7.228614283639161e-10,0.6475829609353669,0.6180663687482936,0.7265431601349882,0.6812345281079906,0.5280053977776239,4.696037784443367e-06,0.30714840059717435,2.535742002985872,0.3097571465360602,0.0017912228689153926,0.28312079637125603,0.0026987247782275362,,,,
kde_samples,,,,,,,,,,,,,,,,,,,,,,,,,,,,,,,,,,,,,385.0,0.00916675787780031,60.675260271513366,27.05333973055793,1.7819020930555137e-12,2.0052254189927824e-13,0.671424850194135,0.637139880155308,0.6923270346709399,0.6538616277367519,0.4718963666203818,4.3032745663426725e-06,0.23486485889971487,2.1743242944985743,0.29530525921869943,0.0017449768294998383,0.24864480836233513,0.0024918688501740106,,,,
kde_samples,,,,,,,,,,,,,,,,,,,,,,,,,,,,,,,,,,,,,386.0,0.002017010716976124,43.92189492964403,10.299974388688597,3.3633956584423985e-05,3.7849253865984143e-06,0.6822651037648182,0.6458120830118546,0.6432265762544566,0.6145812610035652,0.5373892191035272,4.7617245337246905e-06,0.23832655932823407,2.19163279664117,0.24185577393792984,0.0015739384766013755,0.2941722426167554,0.0027650334557005325,,,,
kde_samples,,,,,,,,,,,,,,,,,,,,,,,,,,,,,,,,,,,,,387.0,-0.00047744435483702136,38.07686066382433,4.454940122868891,0.011621015686879023,0.001307746151747615,0.7147606900461649,0.6718085520369319,0.7349120884614546,0.6879296707691637,0.5407480582757616,4.785236407930331e-06,0.2967514839120113,2.4837574195600567,0.26824419876358213,0.001658381436043463,0.28843205390800586,0.0027305923234480353,,,,
kde_samples,,,,,,,,,,,,,,,,,,,,,,,,,,,,,,,,,,,,,388.0,0.0026267265923948582,45.35058780309248,11.728667262137044,8.059433718721955e-06,9.069511404948616e-07,0.6788309581750768,0.6430647665400614,0.6487812681089792,0.6190250144871834,0.5342600717612512,4.739820502328759e-06,0.3107231141358639,2.5536155706793195,0.2796757633501973,0.0016949624427206314,0.29577907553340016,0.0027746744532004012,,,,
kde_samples,,,,,,,,,,,,,,,,,,,,,,,,,,,,,,,,,,,,,389.0,0.004740207830799585,50.30292003718776,16.680999496232324,5.6955276708691925e-08,6.409340280093524e-09,0.7269756493391047,0.6815805194712838,0.6572967652937377,0.6258374122349901,0.45785663003561605,4.204996410249312e-06,0.27510477104653464,2.3755238552326734,0.2757385411322836,0.0016823633316233075,0.2860539431390586,0.0027163236588343513,,,,
kde_samples,,,,,,,,,,,,,,,,,,,,,,,,,,,,,,,,,,,,,390.0,0.0026097843661963757,45.31088859432003,11.688968053364597,8.385822687041948e-06,9.436806251452671e-07,0.7412710831048408,0.6930168664838726,0.7303931446864607,0.6843145157491686,0.48115368026582195,4.368075761860753e-06,0.2670396443405161,2.3351982217025804,0.2859898573476872,0.0017151675435125992,0.3128076980682955,0.0028768461884097728,,,,
kde_samples,,,,,,,,,,,,,,,,,,,,,,,,,,,,,,,,,,,,,391.0,0.0015481605466723738,42.823280109145834,9.201359568190398,0.00010090212521998522,1.135480490819557e-05,0.6634606791074104,0.6307685432859282,0.713856439539886,0.6710851516319087,0.45349651113777845,4.174475577964449e-06,0.2423023534562503,2.2115117672812517,0.259145660752737,0.0016292661144087584,0.34598339135068523,0.0030759003481041114,,,,
kde_samples,,,,,,,,,,,,,,,,,,,,,,,,,,,,,,,,,,,,,392.0,-0.001014603120178821,36.81818440018409,3.196263859228651,0.0409147821598789,0.004604257524545463,0.6644925923630278,0.6315940738904222,0.7166098313837984,0.6732878651070388,0.5416945142139433,4.791861599497603e-06,0.291076333830991,2.455381669154955,0.2509052878672207,0.0016028969211751064,0.33236183380410783,0.002994171002824647,,,,
kde_samples,,,,,,,,,,,,,,,,,,,,,,,,,,,,,,,,,,,,,393.0,-0.00010637586582413344,38.94635238478355,5.3244318438281155,0.004871117783809579,0.0005481608241591786,0.686760231448517,0.6494081851588136,0.7134988019319859,0.6707990415455887,0.5378260281765652,4.7647821972359565e-06,0.24923617878611304,2.246180893930565,0.23368948506791307,0.0015478063522173218,0.27926150069254874,0.0026755690041552925,,,,
kde_samples,,,,,,,,,,,,,,,,,,,,,,,,,,,,,,,,,,,,,394.0,0.004465673615101584,49.65962847582547,16.037707934870035,1.0837071569317464e-07,1.2195266767421872e-08,0.7149378509684832,0.6719502807747866,0.6596689399199069,0.6277351519359256,0.46879123834809383,4.281538668436657e-06,0.2960356086934807,2.4801780434674034,0.2846850390582643,0.0017109921249864458,0.31855676701685265,0.002911340602101116,,,,
kde_samples,,,,,,,,,,,,,,,,,,,,,,,,,,,,,,,,,,,,,395.0,0.009555454211897428,61.58605775087817,27.964137209922733,7.166869862710085e-13,8.065083754785091e-14,0.6959918616346736,0.656793489307739,0.6584619124497545,0.6267695299598036,0.5445343556395621,4.8117404894769344e-06,0.23860528388610042,2.193026419430502,0.29982902335668526,0.001759452874741393,0.2955855241563129,0.0027735131449378777,,,,
kde_samples,,,,,,,,,,,,,,,,,,,,,,,,,,,,,,,,,,,,,396.0,0.003986565293014117,48.53697664245126,14.915056101495821,3.330223934944807e-07,3.747596296853022e-08,0.7423717933968449,0.6938974347174759,0.6441689386617763,0.615335150929421,0.5113245811745291,4.5792720682217035e-06,0.24015399774828233,2.2007699887414116,0.25877544390616186,0.001628081420499718,0.3358908083460019,0.0030153448500760114,,,,
kde_samples,,,,,,,,,,,,,,,,,,,,,,,,,,,,,,,,,,,,,397.0,0.0008799811089170786,41.25759478030284,7.635674239347402,0.0004829129060310396,5.434357129423639e-05,0.7224298461567836,0.6779438769254269,0.6640780459688947,0.6312624367751158,0.5415566622953248,4.790896636067274e-06,0.2608936651480436,2.304468325740218,0.24292679798714598,0.001577365753558867,0.33304483629890097,0.002998269017793406,,,,
kde_samples,,,,,,,,,,,,,,,,,,,,,,,,,,,,,,,,,,,,,398.0,0.001449457513929088,42.591998088858546,8.97007754790311,0.00012715833091115467,1.4309490873458403e-05,0.670265951717611,0.6362127613740889,0.6381438544749108,0.6105150835799287,0.4589786831049332,4.212850781734533e-06,0.2891391801247069,2.4456959006235346,0.22504175209209584,0.0015201336066947067,0.3423997115520991,0.0030543982693125946,,,,
kde_samples,,,,,,,,,,,,,,,,,,,,,,,,,,,,,,,,,,,,,399.0,0.0010489909478166443,41.65362047376645,8.031699932811016,0.00032499526895207975,3.6572647672107726e-05,0.6902716289918406,0.6522173031934725,0.7024689562574605,0.6619751650059684,0.47665449678818433,4.33658147751729e-06,0.2765513460351044,2.382756730175522,0.24803301441258657,0.001593705646120277,0.26303349946765175,0.0025782009968059105,,,,
kde_samples,,,,,,,,,,,,,,,,,,,,,,,,,,,,,,,,,,,,,400.0,0.00297374314418581,46.163720763050094,12.541800222094658,3.574089062088797e-06,4.022024703251332e-07,0.6710094495864233,0.6368075596691386,0.6820252350028425,0.645620188002274,0.4586855588383844,4.210798911868691e-06,0.26229109082848756,2.311455454142438,0.26133338755975877,0.0016362668401912282,0.258891010913697,0.002553346065482182,,,,
kde_samples,,,,,,,,,,,,,,,,,,,,,,,,,,,,,,,,,,,,,401.0,0.009148937697260683,60.63350383057595,27.01158328962051,1.857883295098048e-12,2.0907292400473154e-13,0.6829468721024179,0.6463574976819343,0.6670141972818266,0.6336113578254613,0.517858204402309,4.625007430816163e-06,0.23796487237154376,2.1898243618577187,0.2929044101745288,0.0017372941125584922,0.31674855457009665,0.00290049132742058,,,,
kde_samples,,,,,,,,,,,,,,,,,,,,,,,,,,,,,,,,,,,,,402.0,0.0048460083254508665,50.55083290744359,16.928912366488156,4.444948920568619e-08,5.002028223876745e-09,0.6652119823695257,0.6321695858956206,0.7331488313722252,0.6865190650977802,0.49633049823202346,4.474313487624164e-06,0.3151657422408042,2.575828711204021,0.30967388977512833,0.0017909564472804109,0.34364707320504606,0.0030618824392302764,,,,
kde_samples,,,,,,,,,,,,,,,,,,,,,,,,,,,,,,,,,,,,,403.0,0.0022316203976850205,44.42477066859585,10.802850127640411,2.0341444998893688e-05,2.289081017963341e-06,0.7244754993342271,0.6795803994673817,0.7088297005733463,0.667063760458677,0.49780123793277875,4.484608665529451e-06,0.24522000432465546,2.226100021623277,0.25764243287296507,0.0016244557851934883,0.2621644485379875,0.002572986691227925,,,,
kde_samples,,,,,,,,,,,,,,,,,,,,,,,,,,,,,,,,,,,,,404.0,0.004989048469679881,50.88600612978536,17.26408558882992,3.1790905175716776e-08,3.577521537214473e-09,0.7257556261145328,0.6806045008916263,0.7074108275406679,0.6659286620325343,0.5473674589271806,4.831572212490264e-06,0.3258344573383129,2.6291722866915643,0.22371645228717998,0.001515892647318976,0.29459913880886157,0.002767594832853169,,,,
kde_samples,,,,,,,,,,,,,,,,,,,,,,,,,,,,,,,,,,,,,405.0,0.00463457618170747,50.05540280768333,16.433482266727893,7.295067809161885e-08,8.209348572638817e-09,0.6673276129499497,0.6338620903599598,0.694795667203404,0.6558365337627232,0.4976569679133973,4.4835987753937814e-06,0.31449852616778373,2.5724926308389184,0.3026360900104476,0.0017684354880334323,0.3469662310425667,0.0030817973862554003,,,,
kde_samples,,,,,,,,,,,,,,,,,,,,,,,,,,,,,,,,,,,,,406.0,0.001072437201700853,41.7085599909808,8.086639450025366,0.0003076218004790563,3.4617561546223086e-05,0.6434966150984357,0.6147972920787486,0.6706949856783248,0.6365559885426598,0.46953260847603423,4.2867282593322395e-06,0.25528864062764844,2.276443203138242,0.24312062018443883,0.0015779859845902044,0.3243852443695791,0.0029463114662174744,,,,
kde_samples,,,,,,,,,,,,,,,,,,,,,,,,,,,,,,,,,,,,,407.0,0.0025043779482495504,45.06389912888593,11.441978587930492,1.0735241955703778e-05,1.2080674989108037e-06,0.7179853690523681,0.6743882952418945,0.7209807639999284,0.6767846111999427,0.5413148534130028,4.789203973891019e-06,0.2859788312285558,2.4298941561427787,0.2946645683551604,0.0017429266187365135,0.3260560112817259,0.0029563360676903554,,,,
kde_samples,,,,,,,,,,,,,,,,,,,,,,,,,,,,,,,,,,,,,408.0,0.00030097175838457446,39.900853770077894,6.278933229122458,0.0018754001497624942,0.00021104414578907316,0.6836137084481024,0.6468909667584819,0.6918940771997639,0.6535152617598111,0.47733696630905337,4.3413587641633736e-06,0.236590724026544,2.1829536201327198,0.22109980627683654,0.001507519380085877,0.3214625133368877,0.002928775080021326,,,,
kde_samples,,,,,,,,,,,,,,,,,,,,,,,,,,,,,,,,,,,,,409.0,0.0031142887676466058,46.49304879718551,12.871128256230072,2.571224646955052e-06,2.893472677375875e-07,0.7178960068588565,0.6743168054870852,0.7150952735193292,0.6720762188154634,0.5162608897834583,4.613826228484208e-06,0.25877254153186574,2.2938627076593288,0.28456824285030585,0.0017106183771209787,0.26066344464163516,0.002563980667849811,,,,
kde_samples,,,,,,,,,,,,,,,,,,,,,,,,,,,,,,,,,,,,,410.0,0.003512461058863277,47.42605044237839,13.804129901422954,1.0114456625827328e-06,1.138208749204105e-07,0.6797119691926,0.64376957535408,0.6988199711621874,0.6590559769297499,0.46558911408662845,4.259123798606399e-06,0.2371429312549244,2.185714656274622,0.26633183605638483,0.0016522618753804317,0.2567003338701172,0.0025402020032207033,,,,
kde_samples,,,,,,,,,,,,,,,,,,,,,,,,,,,,,,,,,,,,,411.0,0.0023536185087936826,44.71063796997686,11.088717429021422,1.528379518596303e-05,1.7199292107581465e-06,0.6962358033265996,0.6569886426612797,0.6688480802352742,0.6350784641882193,0.4686378222712163,4.280464755898514e-06,0.3083912288840057,2.5419561444200287,0.2655373019811415,0.0016497193663396529,0.3010234561884734,0.0028061407371308407,,,,
kde_samples,,,,,,,,,,,,,,,,,,,,,,,,,,,,,,,,,,,,,412.0,0.0024369848544096434,44.90598289811272,11.284062357157282,1.2571699304886693e-05,1.4147292999058912e-06,0.6765583355478741,0.6412466684382994,0.6690469451592543,0.6352375561274035,0.5306286179754708,4.714400325828295e-06,0.31974259692207013,2.5987129846103505,0.28733280920721993,0.0017194649894631039,0.29848790398571057,0.0027909274239142634,,,,
kde_samples,,,,,,,,,,,,,,,,,,,,,,,,,,,,,,,,,,,,,413.0,0.004891174749446406,50.65666736359459,17.034746822639157,3.998558500575765e-08,4.499692309657327e-09,0.6852031365294385,0.6481625092235508,0.6727811758985431,0.6382249407188345,0.4826705609332582,4.378693926532808e-06,0.3096115515445156,2.548057757722578,0.3001292119226512,0.001760413478152484,0.32442522155612885,0.002946551329336773,,,,
kde_samples,,,,,,,,,,,,,,,,,,,,,,,,,,,,,,,,,,,,,414.0,0.00015092303391898293,39.549257966267156,5.92733742531172,0.0026655698273914574,0.0002999642008849154,0.6998600423277852,0.6598880338622282,0.7194658414831134,0.6755726731864907,0.4612301205209234,4.228610843646463e-06,0.28368096758050976,2.418404837902549,0.22987512190365156,0.0015356003900916851,0.25456954823292516,0.0025274172893975507,,,,
kde_samples,,,,,,,,,,,,,,,,,,,,,,,,,,,,,,,,,,,,,415.0,-0.0011197573551026754,36.57178585275335,2.9498653117979146,0.05234675596409058,0.005890730252244914,0.6777049297945333,0.6421639438356267,0.7323313947619211,0.6858651158095369,0.46231375601604596,4.2361962921123215e-06,0.2540238933793639,2.270119466896819,0.23852605074448924,0.0015632833623823656,0.33513503987323984,0.003010810239239439,,,,
kde_samples,,,,,,,,,,,,,,,,,,,,,,,,,,,,,,,,,,,,,416.0,0.0016354667790848473,43.02785702289221,9.405936481936777,8.223443042873322e-05,9.25407579096166e-06,0.6723282125867529,0.6378625700694023,0.683538089637407,0.6468304717099256,0.47925478870982896,4.354783520968803e-06,0.2909625710786221,2.4548128553931106,0.2698631766760517,0.0016635621653633655,0.32986793662198166,0.00297920761973189,,,,
kde_samples,,,,,,,,,,,,,,,,,,,,,,,,,,,,,,,,,,,,,417.0,0.005796984117380714,52.77916973042541,19.157249189469972,4.787539702756943e-09,5.387555435183097e-10,0.6509995818311779,0.6207996654649424,0.6525887231446214,0.622070978515697,0.5350590377335807,4.745413264135065e-06,0.3283138924948978,2.641569462474489,0.3051793263196007,0.0017765738442227222,0.2555816766857282,0.0025334900601143694,,,,
kde_samples,,,,,,,,,,,,,,,,,,,,,,,,,,,,,,,,,,,,,418.0,0.007565551099211518,56.923295125590165,23.30137458463473,7.591744738415733e-11,8.543207611295889e-12,0.6440939962958084,0.6152751970366468,0.6679038932816341,0.6343231146253073,0.5322728799106888,4.7259101593748214e-06,0.2926615437917508,2.4633077189587542,0.3086765527046107,0.0017877649686547543,0.28009194930041603,0.002680551695802496,,,,
kde_samples,,,,,,,,,,,,,,,,,,,,,,,,,,,,,,,,,,,,,419.0,0.0009113682101927686,41.3311413775273,7.709220836571866,0.00044867092895556777,5.0490223621774506e-05,0.6939950201145066,0.6551960160916053,0.6933223030568687,0.654657842445495,0.5361192807753713,4.752834965427599e-06,0.3031916521551234,2.515958260775617,0.22246960006398375,0.0015119027202047481,0.266956894264596,0.002601741365587576,,,,
kde_samples,,,,,,,,,,,,,,,,,,,,,,,,,,,,,,,,,,,,,420.0,-0.0002861557502076492,38.52509020355575,4.9031696626003125,0.007423017282593255,0.0008353333776691961,0.6447149836717964,0.6157719869374371,0.7126163923801607,0.6700931139041286,0.47382991506410443,4.316809405448731e-06,0.3032796154709809,2.5163980773549044,0.2542288751529885,0.0016135324004895632,0.260532515295476,0.002563195091772856,,,,
kde_samples,,,,,,,,,,,,,,,,,,,,,,,,,,,,,,,,,,,,,421.0,0.0012420866267152594,42.10608436958789,8.484163828632454,0.00020671617752157453,2.326236302761736e-05,0.7155239021631489,0.6724191217305191,0.7002502432048536,0.6602001945638829,0.5413967414477915,4.78977719013454e-06,0.27367621920730667,2.3683810960365332,0.26526586154262133,0.0016488507569363885,0.2601061258171603,0.002560636754902962,,,,
kde_samples,,,,,,,,,,,,,,,,,,,,,,,,,,,,,,,,,,,,,422.0,0.012535240506329148,68.56832541830642,34.94640487735098,6.652259760503558e-16,7.485978279890263e-17,0.6498192184797991,0.6198553747838392,0.6866487621226621,0.6493190096981297,0.5376531751833472,4.76357222628343e-06,0.25853062819273487,2.292653140963674,0.3187834121238865,0.001820106918796437,0.25684313061897435,0.002541058783713846,,,,
kde_samples,,,,,,,,,,,,,,,,,,,,,,,,,,,,,,,,,,,,,423.0,0.00651870098592789,54.47030454962745,20.848384008672014,8.823926225643745e-10,9.929816700892466e-11,0.6934071186411982,0.6547256949129585,0.6925873982442321,0.6540699185953857,0.5529972436763338,4.870980705734336e-06,0.26992072490810687,2.349603624540534,0.3105903623811593,0.0017938891596197097,0.28756725548346257,0.0027254035329007755,,,,
kde_samples,,,,,,,,,,,,,,,,,,,,,,,,,,,,,,,,,,,,,424.0,0.005305523896009252,51.62757479225099,18.005654251295553,1.5144108609278116e-08,1.7042098805349933e-09,0.682046165227947,0.6456369321823576,0.6583797270130719,0.6267037816104575,0.4883288747533996,4.418302123273797e-06,0.27405937722911655,2.370296886145583,0.2903778397184574,0.0017292090870990636,0.30222187776154474,0.0028133312665692685,,,,
kde_samples,,,,,,,,,,,,,,,,,,,,,,,,,,,,,,,,,,,,,425.0,0.0001694182629149235,39.59259618809244,5.970675647137007,0.002552516235964146,0.00028724195670988675,0.6463185230002849,0.6170548184002279,0.6611519383881285,0.6289215507105028,0.5191866464685022,4.6343065252795155e-06,0.3062265097383495,2.5311325486917475,0.23676374047441084,0.0015576439695181147,0.27325726155091623,0.0026395435693054975,,,,
kde_samples,,,,,,,,,,,,,,,,,,,,,,,,,,,,,,,,,,,,,426.0,0.0035683254894081917,47.55695258387825,13.935032042922813,8.873449430449369e-07,9.985546580493167e-08,0.6911564028069725,0.6529251222455781,0.7127408870972471,0.6701927096777978,0.5104283418760458,4.572998393132321e-06,0.26936078818083803,2.34680394090419,0.28993982056042034,0.001727807425793345,0.25461632625468317,0.002527697957528099,,,,
kde_samples,,,,,,,,,,,,,,,,,,,,,,,,,,,,,,,,,,,,,427.0,0.005024768066888889,50.96970467862159,17.347784137666153,2.9238364488759494e-08,3.2902768289643563e-09,0.6601151525952224,0.6280921220761779,0.6871469936534267,0.6497175949227414,0.4932774010691127,4.452941807483789e-06,0.31488111838184324,2.5744055919092164,0.30407853889146846,0.0017730513244526992,0.2706336480829296,0.002623801888497578,,,,
kde_samples,,,,,,,,,,,,,,,,,,,,,,,,,,,,,,,,,,,,,428.0,0.0030643165484317628,46.375953349385966,12.75403280843053,2.8906394757517435e-06,3.2529193250915525e-07,0.6940830392062768,0.6552664313650214,0.6658845585263368,0.6327076468210694,0.4616857367412424,4.231800157188696e-06,0.2852205734559948,2.426102867279974,0.2684352741066986,0.0016589928771414356,0.3114221944249624,0.0028685331665497743,,,,
kde_samples,,,,,,,,,,,,,,,,,,,,,,,,,,,,,,,,,,,,,429.0,0.007243371204809702,56.16835969146828,22.546439150512846,1.6151240735118536e-10,1.817545340821505e-11,0.7151142768754848,0.6720914215003878,0.6493801523728238,0.619504121898259,0.4899616446226448,4.4297315123585136e-06,0.2473092181237714,2.236546090618857,0.2899253102596682,0.0017277609928309384,0.24787643693908346,0.002487258621634501,,,,
kde_samples,,,,,,,,,,,,,,,,,,,,,,,,,,,,,,,,,,,,,430.0,0.0015696193038122544,42.87356250236342,9.251641961407984,9.595396992726822e-05,1.079797483269654e-05,0.6612754413875384,0.6290203531100307,0.674116285907868,0.6392930287262943,0.5432429351407144,4.802700545985001e-06,0.2888371168207574,2.444185584103787,0.27215858143894195,0.0016709074606046145,0.28453031063337075,0.0027071818638002244,,,,
kde_samples,,,,,,,,,,,,,,,,,,,,,,,,,,,,,,,,,,,,,431.0,0.00830695712616223,58.66056579499623,25.038645254040794,1.3361478950744649e-11,1.5036054636103665e-12,0.6914116990056954,0.6531293592045564,0.6569157058213613,0.6255325646570891,0.51475091768096,4.60325642376672e-06,0.2691317550971844,2.345658775485922,0.3085527001026501,0.0017873686403284805,0.29172838770213644,0.0027503703262128187,,,,
kde_samples,,,,,,,,,,,,,,,,,,,,,,,,,,,,,,,,,,,,,432.0,0.00395930360008586,48.47309674695404,14.851176205998605,3.549900038634373e-07,3.99480410292741e-08,0.7181297367353923,0.6745037893883138,0.672733834625259,0.6381870677002073,0.5160801344335199,4.612560941034639e-06,0.2937711819098309,2.4688559095491547,0.29150250811582873,0.001732808025970652,0.31510810492709007,0.0028906486295625406,,,,
kde_samples,,,,,,,,,,,,,,,,,,,,,,,,,,,,,,,,,,,,,433.0,0.003711770653857256,47.89307485400657,14.271154313051134,6.340396702774651e-07,7.135029856270372e-08,0.7280743128236868,0.6824594502589495,0.6885808786743687,0.6508647029394949,0.48632096259406116,4.404246738158428e-06,0.3165710458256164,2.582855229128082,0.2931167506627421,0.001737973602120775,0.33625240297389464,0.0030175144178433678,,,,
kde_samples,,,,,,,,,,,,,,,,,,,,,,,,,,,,,,,,,,,,,434.0,0.0012795950828257893,42.1939745920663,8.572054051110861,0.00018932337026968346,2.1305100653603894e-05,0.6977856300410743,0.6582285040328595,0.7079247526420385,0.6663398021136308,0.5494089343718402,4.845862540602881e-06,0.28715852825070176,2.4357926412535087,0.2805429282274615,0.0016977373703278768,0.346521452000188,0.003079128712001128,,,,
kde_samples,,,,,,,,,,,,,,,,,,,,,,,,,,,,,,,,,,,,,435.0,0.01022141197509737,63.146537227729574,29.524616686774138,1.5052959481354554e-13,1.6939526083232558e-14,0.6904467557334034,0.6523574045867228,0.6976854854177397,0.6581483883341918,0.4715307559689659,4.300715291782761e-06,0.26509349886046074,2.3254674943023037,0.3147015661910771,0.001807045011811447,0.34213624829300954,0.0030528174897580572,,,,
kde_samples,,,,,,,,,,,,,,,,,,,,,,,,,,,,,,,,,,,,,436.0,0.005330673780014825,51.6865062741025,18.064585733147062,1.4277431928504111e-08,1.6066802734309184e-09,0.7134575655394871,0.6707660524315897,0.6762616895402713,0.6410093516322171,0.5476907088085374,4.833834961659762e-06,0.31803060219605517,2.5901530109802757,0.3126326920918666,0.0018004246146939734,0.3404935753665944,0.0030429614521995667,,,,
kde_samples,,,,,,,,,,,,,,,,,,,,,,,,,,,,,,,,,,,,,437.0,0.0007659275095424634,40.9903431452593,7.368422604303866,0.0006308625144764141,7.099276412816902e-05,0.7035417830675976,0.6628334264540781,0.673251015888703,0.6386008127109624,0.47452563920506197,4.321679474435434e-06,0.2873093525914178,2.4365467629570894,0.2295014313847092,0.0015344045804310696,0.3110397811860713,0.0028662386871164277,,,,
kde_samples,,,,,,,,,,,,,,,,,,,,,,,,,,,,,,,,,,,,,438.0,0.00787428368995894,57.6467206914723,24.02480015051686,3.682662044844684e-11,4.144204987839609e-12,0.7100249890479335,0.6680199912383469,0.6519575829523775,0.621566066361902,0.4838566268185236,4.386996387729665e-06,0.25229877342499496,2.2614938671249747,0.2952407860776645,0.0017447705154485264,0.2980500887408433,0.00278830053244506,,,,
kde_samples,,,,,,,,,,,,,,,,,,,,,,,,,,,,,,,,,,,,,439.0,0.0003232166437647857,39.95297822754189,6.331057686586455,0.0017801499323173734,0.00020032536623716007,0.7340044618389086,0.6872035694711268,0.6969935205683695,0.6575948164546956,0.5296779820325115,4.70774587422758e-06,0.25363218611262817,2.2681609305631407,0.2424438986401694,0.0015758204756485422,0.33190590547125765,0.002991435432827546,,,,
kde_samples,,,,,,,,,,,,,,,,,,,,,,,,,,,,,,,,,,,,,440.0,0.0009688841667288908,41.465913392699605,7.843992851744169,0.00039210031247316994,4.412417025774929e-05,0.705939714944852,0.6647517719558815,0.7128417879419924,0.6702734303535939,0.5372904472308442,4.761033130615909e-06,0.2828190568545219,2.4140952842726096,0.2683301407528318,0.0016586564504090617,0.25378570046682014,0.0025227142028009207,,,,
kde_samples,,,,,,,,,,,,,,,,,,,,,,,,,,,,,,,,,,,,,441.0,0.006053780752825276,53.380898400739625,19.75897785978419,2.6229194129138197e-09,2.951646276886976e-10,0.6880727186571867,0.6504581749257493,0.6443085675349798,0.6154468540279838,0.5242607138051949,4.669824996636364e-06,0.3060555430040436,2.530277715020218,0.30193496752641147,0.0017661918960845168,0.3332981068334449,0.0029997886410006694,,,,
kde_samples,,,,,,,,,,,,,,,,,,,,,,,,,,,,,,,,,,,,,442.0,0.003819795808616945,48.146200572034395,14.524280031078959,4.922495512396145e-07,5.539425069875114e-08,0.6574620206636121,0.6259696165308897,0.679243445844016,0.6433947566752127,0.5345316809071718,4.741721766350203e-06,0.31480265099731086,2.5740132549865544,0.29255317589660623,0.00173617016286914,0.2596959551826016,0.0025581757310956096,,,,
kde_samples,,,,,,,,,,,,,,,,,,,,,,,,,,,,,,,,,,,,,443.0,0.002129147027690362,44.18465395303703,10.562733412081592,2.5862063000142078e-05,2.9103319603015922e-06,0.6500248647466724,0.620019891797338,0.6689709838714443,0.6351767870971554,0.5384690217974007,4.769283152581805e-06,0.3029572437828037,2.5147862189140184,0.27460671660708086,0.0016787414931426587,0.3466318967057238,0.003079791380234343,,,,
kde_samples,,,,,,,,,,,,,,,,,,,,,,,,,,,,,,,,,,,,,444.0,0.0023332593084484723,44.662932070204555,11.041011529249118,1.6030594116371447e-05,1.8039686315527953e-06,0.6806054171438997,0.6444843337151197,0.6828090236581594,0.6462472189265276,0.4556932196303726,4.189852537412608e-06,0.2876642567728657,2.4383212838643287,0.26588908846011017,0.0016508450830723526,0.29970180276107194,0.0027982108165664314,,,,
kde_samples,,,,,,,,,,,,,,,,,,,,,,,,,,,,,,,,,,,,,445.0,0.007990581466493694,57.9192309068558,24.297310365900366,2.8042206494455714e-11,3.155669746753884e-12,0.6487378009890339,0.6189902407912271,0.6856039545884327,0.6484831636707462,0.5529864669283093,4.870905268498165e-06,0.2557664441419016,2.278832220709508,0.2883609287220963,0.0017227549719107081,0.3336842062813872,0.003002105237688323,,,,
kde_samples,,,,,,,,,,,,,,,,,,,,,,,,,,,,,,,,,,,,,446.0,-0.0009267739897816304,37.023986574177776,3.40206603322234,0.033304390853612156,0.0037478384117736858,0.6679742040215297,0.6343793632172238,0.7298323553224992,0.6838658842579994,0.48640046856959734,4.404803279987182e-06,0.26301209076460164,2.3150604538230084,0.23321130682932534,0.001546276181853841,0.2735499341332692,0.0026412996047996155,,,,
kde_samples,,,,,,,,,,,,,,,,,,,,,,,,,,,,,,,,,,,,,447.0,-0.0009120250329449214,37.05854649031729,3.4366259493618543,0.0321730559209781,0.003620526054200647,0.6515968077933236,0.6212774462346589,0.7034759960370937,0.662780796829675,0.47575572137628264,4.330290049633978e-06,0.25260301582554334,2.2630150791277166,0.23350357402253044,0.0015472114368720975,0.3373036969427539,0.0030238221816565234,,,,
kde_samples,,,,,,,,,,,,,,,,,,,,,,,,,,,,,,,,,,,,,448.0,0.002997725821869364,46.21991723434777,12.597996693392332,3.378777185408277e-06,3.802234659074779e-07,0.6569183285359236,0.6255346628287388,0.7146391162951984,0.6717112930361587,0.5093816496348728,4.565671547444109e-06,0.31433915130251344,2.5716957565125673,0.29319121911276935,0.001738211901160862,0.3113805320558446,0.0028682831923350677,,,,
kde_samples,,,,,,,,,,,,,,,,,,,,,,,,,,,,,,,,,,,,,449.0,0.0009939209606750557,41.52457988069341,7.902659339737973,0.00036975891723346266,4.161002911581902e-05,0.7091585617158043,0.6673268493726434,0.6831928935451979,0.6465543148361583,0.5525602930773366,4.867922051541356e-06,0.29512475882146255,2.475623794107313,0.27426870020495425,0.0016776598406558537,0.30543546231678864,0.0028326127739007317,,,,
kde_samples,,,,,,,,,,,,,,,,,,,,,,,,,,,,,,,,,,,,,450.0,0.0028062331878778157,45.7712096107949,12.149289069839462,5.292133581673088e-06,5.95538936736946e-07,0.6948925591039821,0.6559140472831857,0.6395279672333961,0.6116223737867169,0.4742658995070337,4.319861296549236e-06,0.30399907317421726,2.519995365871086,0.25924950720063833,0.0016295984230420427,0.3345906168017646,0.0030075437008105876,,,,
kde_samples,,,,,,,,,,,,,,,,,,,,,,,,,,,,,,,,,,,,,451.0,0.0006670258712861352,40.758595750372876,7.13667520941744,0.0007953922176641102,8.950776247162893e-05,0.685618360464993,0.6484946883719944,0.6621273560851257,0.6297018848681006,0.5330264140006473,4.731184898004531e-06,0.3158364346355104,2.579182173177552,0.22637568515787385,0.0015244021925051965,0.3005578750644795,0.0028033472503868773,,,,
kde_samples,,,,,,,,,,,,,,,,,,,,,,,,,,,,,,,,,,,,,452.0,0.004923719150053324,50.732925757204285,17.11100521624885,3.704971356590726e-08,4.169310294785339e-09,0.7367953128019255,0.6894362502415403,0.6812734970961573,0.6450187976769258,0.490396438590164,4.432775070131148e-06,0.3250172059600245,2.6250860298001224,0.3076339379824423,0.0017844286015438154,0.26618788551048406,0.0025971273130629044,,,,
kde_samples,,,,,,,,,,,,,,,,,,,,,,,,,,,,,,,,,,,,,453.0,0.004748341115050313,50.321978037340315,16.70005749638488,5.588010092902559e-08,6.288347672717696e-09,0.720382782853155,0.676306226282524,0.7017087684691714,0.6613670147753371,0.4700080346233422,4.290056242363395e-06,0.28134698263396934,2.4067349131698466,0.2955756951144294,0.0017458422243661741,0.24997190212215614,0.002499831412732937,,,,
kde_samples,,,,,,,,,,,,,,,,,,,,,,,,,,,,,,,,,,,,,454.0,0.0025145733592345162,45.08778912683964,11.465868585884202,1.0481816269970665e-05,1.1795487812529595e-06,0.7329462562222671,0.6863570049778136,0.7242666699759926,0.6794133359807941,0.5311437027575534,4.718005919302874e-06,0.275392095845645,2.376960479228225,0.2924422215485869,0.0017358151089554782,0.30383317450104586,0.0028229990470062753,,,,
kde_samples,,,,,,,,,,,,,,,,,,,,,,,,,,,,,,,,,,,,,455.0,0.0005438035640338845,40.46985989926802,6.847939358312587,0.0010616411023739924,0.0001194695114071863,0.6767973459440378,0.6414378767552302,0.7373907010113152,0.6899125608090522,0.5035490366087121,4.524843256260985e-06,0.27389672627645534,2.369483631382277,0.2785798387215496,0.0016914554839089588,0.32364247921239325,0.0029418548752743598,,,,
kde_samples,,,,,,,,,,,,,,,,,,,,,,,,,,,,,,,,,,,,,456.0,0.0018431738183450688,43.514558417295554,9.892637876340117,5.054543736869395e-05,5.688022715771911e-06,0.7132672303057584,0.6706137842446067,0.6599181898628304,0.6279345518902643,0.5478546496428922,4.8349825475002456e-06,0.28776552137178113,2.4388276068589057,0.2701613449805684,0.001664516303937819,0.30760256612566356,0.0028456153967539814,,,,
kde_samples,,,,,,,,,,,,,,,,,,,,,,,,,,,,,,,,,,,,,457.0,0.004942222575920009,50.77628318602629,17.154362645070854,3.5477659618917765e-08,3.992402565296912e-09,0.6669067767361814,0.6335254213889451,0.7296805345518478,0.6837444276414782,0.49283876278178085,4.4498713394724655e-06,0.31728562524830767,2.5864281262415383,0.3117644520106699,0.0017976462464341439,0.2666536533433766,0.0025999219200602596,,,,
kde_samples,,,,,,,,,,,,,,,,,,,,,,,,,,,,,,,,,,,,,458.0,0.0039030093323822526,48.34118740634698,14.719266865391546,4.050453238374942e-07,4.5580909432031455e-08,0.6611525207309582,0.6289220165847665,0.6713830954955171,0.6371064763964137,0.46976599946509134,4.28836199625564e-06,0.25822303173877925,2.2911151586938963,0.26712628387489495,0.001654804108399664,0.2590535241876857,0.0025543211451261143,,,,
kde_samples,,,,,,,,,,,,,,,,,,,,,,,,,,,,,,,,,,,,,459.0,0.002219397914539213,44.39613081309878,10.774210272143343,2.0932443706815907e-05,2.3555877938595072e-06,0.7138416147684974,0.6710732918147979,0.695658616070484,0.6565268928563872,0.5028489401774165,4.519942581241916e-06,0.27812326764554085,2.390616338227704,0.2781110743740571,0.0016899554379969828,0.2972522684211641,0.0027835136105269845,,,,
kde_samples,,,,,,,,,,,,,,,,,,,,,,,,,,,,,,,,,,,,,460.0,-9.129096070695925e-05,38.98169949858923,5.359778957633793,0.0047019453218435725,0.0005291233628839559,0.7073866604233392,0.6659093283386713,0.7364980985203816,0.6891984788163052,0.5399414549093151,4.779590184365206e-06,0.24777413319197872,2.238870665959894,0.235888857182092,0.0015548443429826944,0.25694512838258216,0.002541670770295493,,,,
kde_samples,,,,,,,,,,,,,,,,,,,,,,,,,,,,,,,,,,,,,461.0,-0.0004462590702584493,38.14993436196819,4.528013821012756,0.010802109703494421,0.0012155923179288158,0.6665212073891141,0.6332169659112913,0.6975455214966748,0.6580364171973399,0.5284420631028937,4.699094441720255e-06,0.31430415580237336,2.571520779011867,0.25119621883196186,0.001603827900262278,0.282535250321894,0.002695211501931364,,,,
kde_samples,,,,,,,,,,,,,,,,,,,,,,,,,,,,,,,,,,,,,462.0,0.009391198721340956,61.20117249818298,27.57925195722754,1.0531326079524642e-12,1.185120261807028e-13,0.7193828469419379,0.6755062775535503,0.6523972657638097,0.6219178126110478,0.46444803163369186,4.251136221435843e-06,0.27257414868523366,2.362870743426168,0.316826445151983,0.0018138446244863457,0.27143739991019467,0.002628624399461168,,,,
kde_samples,,,,,,,,,,,,,,,,,,,,,,,,,,,,,,,,,,,,,463.0,0.00015791611830847513,39.56564423769863,5.9437236967431915,0.002622246995898022,0.00029508895867761694,0.6969653226649062,0.657572258131925,0.7323091342710045,0.6858473074168037,0.5451861303749845,4.816302912624891e-06,0.3027885702829569,2.5139428514147846,0.2795121261208261,0.0016944388035866436,0.3071250283569539,0.0028427501701417234,,,,
kde_samples,,,,,,,,,,,,,,,,,,,,,,,,,,,,,,,,,,,,,464.0,0.0015367335535105484,42.796504254434765,9.174583713479329,0.00010364036157893368,1.1662946481830425e-05,0.7000115175627732,0.6600092140502186,0.6553101700085419,0.6242481360068335,0.5417883726947716,4.792518608863401e-06,0.3249231600429589,2.6246158002147943,0.23828758526207397,0.0015625202728386366,0.3241048492282918,0.002944629095369751,,,,
kde_samples,,,,,,,,,,,,,,,,,,,,,,,,,,,,,,,,,,,,,465.0,0.005695221871304383,52.54071932816958,18.918798787214143,6.0767319894210194e-09,6.838320408894647e-10,0.7392990927454641,0.6914392741963713,0.667198987362921,0.6337591898903369,0.4850601900117767,4.395421330082437e-06,0.30208759192169177,2.510437959608459,0.3009789286642969,0.0017631325717257502,0.24732836333640074,0.0024839701800184045,,,,
kde_samples,,,,,,,,,,,,,,,,,,,,,,,,,,,,,,,,,,,,,466.0,-0.0009116093791183763,37.05952045488628,3.437599913930846,0.03214173575927464,0.003617001506773518,0.6573053933012093,0.6258443146409675,0.7140956213864814,0.6712764971091851,0.46698990510640104,4.268929335744807e-06,0.2900873960655846,2.4504369803279227,0.23411538031185078,0.0015491692169979226,0.2837971330391834,0.0027027827982351003,,,,
kde_samples,,,,,,,,,,,,,,,,,,,,,,,,,,,,,,,,,,,,,467.0,0.0034547142363500344,47.2907374595365,13.668816918581065,1.1579991433494425e-06,1.303129575112872e-07,0.7313590291252706,0.6850872233002165,0.7089532165107467,0.6671625732085974,0.5257930516529371,4.6805513615705595e-06,0.3026461003277364,2.5132305016386822,0.30458626798007576,0.0017746760575362425,0.29293291736488586,0.002757597504189315,,,,
kde_samples,,,,,,,,,,,,,,,,,,,,,,,,,,,,,,,,,,,,,468.0,-0.0007870830405926968,37.35131192625987,3.7293913853044316,0.024007442673704704,0.002701626227498064,0.7026466020968152,0.6621172816774521,0.7312383818366355,0.6849907054693084,0.5201794373698734,4.641256061589114e-06,0.27773639137173184,2.388681956858659,0.23713490413929372,0.00155883169324574,0.27180094944715133,0.002630805696682908,,,,
kde_samples,,,,,,,,,,,,,,,,,,,,,,,,,,,,,,,,,,,,,469.0,-0.0007973661847359773,37.32721635101499,3.705295810059553,0.024592941452071325,0.002767514080581886,0.6512672096524715,0.6210137677219773,0.6903132829784416,0.6522506263827533,0.5235938329724895,4.665156830807427e-06,0.2614148209257357,2.3070741046286782,0.22308763751858324,0.0015138804400594663,0.2992483869132331,0.0027954903214793985,,,,
kde_samples,,,,,,,,,,,,,,,,,,,,,,,,,,,,,,,,,,,,,470.0,0.003430810138887644,47.234725118268074,13.612804577312637,1.2247123261856488e-06,1.378203828926494e-07,0.7065882676736406,0.6652706141389124,0.7334291785464134,0.6867433428371308,0.5484732463151177,4.8393127242058235e-06,0.3094613725677081,2.5473068628385405,0.30483317903713764,0.0017754661729188406,0.3412526399514829,0.0030475158397088977,,,,
kde_samples,,,,,,,,,,,,,,,,,,,,,,,,,,,,,,,,,,,,,471.0,0.0006125542073192256,40.63095715467294,7.009036613717505,0.0009036787608947153,0.00010169355707095687,0.6549691946619159,0.6239753557295328,0.7157381078391436,0.6725904862713149,0.544815445018226,4.813708115127582e-06,0.24353396853412299,2.217669842670615,0.2537801479922838,0.0016120964735753082,0.32787725147157454,0.0029672635088294473,,,,
kde_samples,,,,,,,,,,,,,,,,,,,,,,,,,,,,,,,,,,,,,472.0,0.00121794780524926,42.04952202048023,8.427601479524796,0.00021874552730861003,2.4616060184207853e-05,0.7084113021833586,0.6667290417466869,0.646668874544345,0.617335099635476,0.49364472119004404,4.455513048330308e-06,0.27781641670994206,2.3890820835497104,0.22120888481038248,0.001507868431393224,0.2948184078766922,0.0027689104472601537,,,,
kde_samples,,,,,,,,,,,,,,,,,,,,,,,,,,,,,,,,,,,,,473.0,0.0017256009507598535,43.23906039468866,9.617139853733221,6.65777677487859e-05,7.492186734049937e-06,0.7180894444708543,0.6744715555766835,0.7133258757720967,0.6706607006176774,0.4817744966815555,4.372421476770888e-06,0.27286729199732773,2.3643364599866388,0.2711185046920009,0.0016675792150144027,0.3158696535672694,0.002895217921403617,,,,
kde_samples,,,,,,,,,,,,,,,,,,,,,,,,,,,,,,,,,,,,,474.0,0.0031506756641704534,46.57831096903699,12.956390428081555,2.3610823337065825e-06,2.6569935185186064e-07,0.6704826502015006,0.6363861201612004,0.715251006954957,0.6722008055639657,0.46166932960179924,4.231685307212595e-06,0.28404528894655723,2.420226444732786,0.286401083818185,0.001716483468218192,0.25325621686836125,0.0025195373012101676,,,,
kde_samples,,,,,,,,,,,,,,,,,,,,,,,,,,,,,,,,,,,,,475.0,0.010559285831839682,63.93824692516982,30.316326384214385,6.820037140776881e-14,7.674782967289888e-15,0.7330298034746973,0.6864238427797578,0.6384869699524314,0.610789575961945,0.4660286901338721,4.262200830937105e-06,0.26004904688563585,2.3002452344281794,0.30817198739283425,0.0017861503596570696,0.3241619786481679,0.0029449718718890074,,,,
kde_samples,,,,,,,,,,,,,,,,,,,,,,,,,,,,,,,,,,,,,476.0,-0.0007722284338070595,37.386119402509266,3.7641988615538295,0.023186180136909505,0.002609207203980091,0.6864390261017586,0.6491512208814069,0.7276518610025038,0.6821214888020031,0.5271893688254585,4.69032558177821e-06,0.27099569233407095,2.354978461670355,0.23199876450549528,0.001542396046417585,0.25028864233434184,0.002501731854006051,,,,
kde_samples,,,,,,,,,,,,,,,,,,,,,,,,,,,,,,,,,,,,,477.0,0.00019080237552774465,39.642703673442035,6.020783132486599,0.0024277675866924953,0.0002732036342072409,0.6869477165929259,0.6495581732743407,0.7163823339654813,0.6731058671723851,0.46813215767132976,4.2769251036993085e-06,0.2739969541505719,2.3699847707528594,0.25682337639888525,0.001621834804476433,0.3305934261741744,0.0029835605570450465,,,,
kde_samples,,,,,,,,,,,,,,,,,,,,,,,,,,,,,,,,,,,,,478.0,0.00712490217956608,55.89076178248534,22.268841241529906,2.131891659004878e-10,2.3990786934005206e-11,0.7233265573237848,0.6786612458590279,0.672903857915389,0.6383230863323112,0.49703353620264584,4.479234753418521e-06,0.2714884835674268,2.3574424178371336,0.308360550888743,0.0017867537628439775,0.25048358542138754,0.0025029015125283254,,,,
kde_samples,,,,,,,,,,,,,,,,,,,,,,,,,,,,,,,,,,,,,479.0,0.0021508564673877392,44.23552374835096,10.61360320739552,2.4579366985421882e-05,2.7659865070030228e-06,0.7099291206305919,0.6679432965044735,0.6938602069650697,0.6550881655720557,0.4698242150944135,4.288769505660894e-06,0.3323366272479795,2.6616831362398976,0.23024456081486547,0.0015367825946075696,0.25841175783954723,0.0025504705470372835,,,,
kde_samples,,,,,,,,,,,,,,,,,,,,,,,,,,,,,,,,,,,,,480.0,0.010509499539019466,63.82158714212118,30.199666601165745,7.663928419205294e-14,8.624437973008685e-15,0.6739568920412397,0.6391655136329917,0.6769700706195604,0.6415760564956483,0.4924562643234814,4.44719385026437e-06,0.2606411377768323,2.3032056888841614,0.3092106608005768,0.0017894741145618458,0.3282466370728728,0.002969479822437237,,,,
kde_samples,,,,,,,,,,,,,,,,,,,,,,,,,,,,,,,,,,,,,481.0,-0.000146962221288717,38.85124999504887,5.229329454093431,0.005357116290964018,0.0006028516269780664,0.6728444688087061,0.6382755750469649,0.6562909427817171,0.6250327542253736,0.5411667537331367,4.788167276131957e-06,0.30971983701701306,2.5485991850850653,0.22837165851346922,0.0015307893072431015,0.28647258710185974,0.0027188355226111585,,,,
kde_samples,,,,,,,,,,,,,,,,,,,,,,,,,,,,,,,,,,,,,482.0,0.00045068493346302196,40.25166331091365,6.629742769958213,0.00132050271530584,0.00014859994950899733,0.702540468394226,0.6620323747153808,0.69483677372409,0.655869418979272,0.45756456438298376,4.202951950680886e-06,0.3102155793399254,2.551077896699627,0.24220880294905878,0.001575068169436988,0.33592897146094886,0.0030155738287656934,,,,
kde_samples,,,,,,,,,,,,,,,,,,,,,,,,,,,,,,,,,,,,,483.0,-0.0005048753148149607,38.012584139934546,4.39066359897911,0.012392502839003545,0.0013945638087836264,0.7346280195532179,0.6877024156425743,0.7365380796388983,0.6892304637111186,0.551033988657281,4.857237920600967e-06,0.23633022989102895,2.1816511494551447,0.22763565415120088,0.0015284340932838428,0.2978538761516421,0.0027871232569098526,,,,
kde_samples,,,,,,,,,,,,,,,,,,,,,,,,,,,,,,,,,,,,,484.0,0.0019307527388387966,43.71977429672098,10.097853755765541,4.1167816665280114e-05,4.632732221561096e-06,0.7162801696481866,0.6730241357185494,0.6502755970202593,0.6202204776162075,0.47837970433903654,4.348657930373255e-06,0.2632525898448503,2.3162629492242512,0.22704795018731247,0.0015265534405994,0.3058226277283687,0.0028349357663702123,,,,
kde_samples,,,,,,,,,,,,,,,,,,,,,,,,,,,,,,,,,,,,,485.0,0.0055161654770370105,52.12115243685405,18.49923189589861,9.244547710613494e-09,1.040315409508652e-09,0.6428639938937368,0.6142911951149894,0.6882450628197059,0.6505960502557647,0.5214401556508964,4.6500810895562746e-06,0.32522784733044985,2.626139236652249,0.3032372638306927,0.0017703592442582167,0.34168611658558384,0.003050116699513503,,,,
kde_samples,,,,,,,,,,,,,,,,,,,,,,,,,,,,,,,,,,,,,486.0,0.012485939481995896,68.45280272165652,34.83088218070109,7.466895426517899e-16,8.402711107735468e-17,0.7122502122436719,0.6698001697949375,0.65785289255524,0.626282314044192,0.4787436702552563,4.351205691786794e-06,0.2571110048204913,2.2855550241024565,0.31859918016155375,0.0018195173765169722,0.3208985450929849,0.0029253912705579093,,,,
kde_samples,,,,,,,,,,,,,,,,,,,,,,,,,,,,,,,,,,,,,487.0,0.013223990806302023,70.18221261532409,36.560292074368654,1.3245455421341173e-16,1.4905490038156444e-17,0.688849876203804,0.6510799009630432,0.6431426561218291,0.6145141248974633,0.5124112155814077,4.586878509069854e-06,0.24129339063473787,2.206466953173689,0.31387482232893094,0.001804399431452579,0.2814642723531555,0.002688785634118933,,,,
kde_samples,,,,,,,,,,,,,,,,,,,,,,,,,,,,,,,,,,,,,488.0,0.0034275597616465966,47.2271087989503,13.605188257994861,1.234075738440172e-06,1.3887407446944544e-07,0.7416675911875804,0.6933340729500643,0.7026608351818534,0.6621286681454828,0.5146260842967914,4.602382590077539e-06,0.331866367580803,2.659331837904015,0.30342057772954495,0.001770945848734544,0.2897700582139669,0.0027386203492838013,,,,
kde_samples,,,,,,,,,,,,,,,,,,,,,,,,,,,,,,,,,,,,,489.0,0.006092028149373971,53.47052011649296,19.848599575537527,2.3980748302864667e-09,2.6986222335546777e-10,0.6945102541521667,0.6556082033217334,0.6793548284834536,0.643483862786763,0.47297192522851544,4.310803476599608e-06,0.30539012595762505,2.526950629788125,0.30842391740559477,0.0017869565356979033,0.254895760584876,0.0025293745635092558,,,,
kde_samples,,,,,,,,,,,,,,,,,,,,,,,,,,,,,,,,,,,,,490.0,0.001860678446897919,43.555575453384115,9.933654912428679,4.851415667391476e-05,5.459436886160135e-06,0.722107779668063,0.6776862237344504,0.7180619243835689,0.674449539506855,0.509520048295894,4.566640338071258e-06,0.3175706071258197,2.5878530356290987,0.24543557631377355,0.0015853938442040754,0.2702110995938942,0.0026212665975633657,,,,
kde_samples,,,,,,,,,,,,,,,,,,,,,,,,,,,,,,,,,,,,,491.0,0.004069806557671175,48.73202847952324,15.1101079385678,2.7400816312700535e-07,3.0834922740992277e-08,0.683082615597671,0.6464660924781368,0.6698016943166024,0.6358413554532819,0.45791879169678945,4.205431541877526e-06,0.28810149558015896,2.4405074779007947,0.27616126276406244,0.001683716040845,0.2572640995593086,0.002543584597355852,,,,
kde_samples,,,,,,,,,,,,,,,,,,,,,,,,,,,,,,,,,,,,,492.0,0.0007581072443643283,40.97201861480353,7.350098073848095,0.000642529341940301,7.230566561028543e-05,0.6922757893936176,0.653820631514894,0.6854854040427121,0.6483883232341696,0.5166534187453701,4.6165739312175904e-06,0.2904037007623347,2.4520185038116735,0.26485422824446236,0.0016475335303822796,0.31882585975175615,0.0029129551585105372,,,,
kde_samples,,,,,,,,,,,,,,,,,,,,,,,,,,,,,,,,,,,,,493.0,0.0018390570206643642,43.504911892176274,9.882991351220838,5.103538454445653e-05,5.743157873569397e-06,0.7401380268122275,0.692110421449782,0.6710374860477151,0.6368299888381721,0.4843019474724518,4.390113632307163e-06,0.2698035202788984,2.3490176013944923,0.23938425026880394,0.0015660296008601728,0.31166291409463215,0.002869977484567793,,,,
kde_samples,,,,,,,,,,,,,,,,,,,,,,,,,,,,,,,,,,,,,494.0,0.0022061477118649406,44.36508279402025,10.743162253064817,2.159254907391683e-05,2.4298713398794003e-06,0.7008862204684894,0.6607089763747915,0.7107910215269696,0.6686328172215756,0.5344161117345775,4.740912782142042e-06,0.32332866860146575,2.616643343007329,0.293562843586383,0.0017394010994764256,0.33702151682488624,0.0030221291009493176,,,,
kde_samples,,,,,,,,,,,,,,,,,,,,,,,,,,,,,,,,,,,,,495.0,0.007830913201799634,57.54509449171388,23.923173950758446,4.07659496339872e-11,4.587508974484602e-12,0.6687813651467156,0.6350250921173725,0.6722700908436463,0.637816072674917,0.4670711858560842,4.269498300992589e-06,0.2940039994572246,2.4700199972861228,0.30939039995890644,0.0017900492798685005,0.32857800629871226,0.0029714680377922738,,,,
kde_samples,,,,,,,,,,,,,,,,,,,,,,,,,,,,,,,,,,,,,496.0,0.008579004533026471,59.298030238840894,25.676109697885458,7.063293315644269e-12,7.948526102264614e-13,0.6749050275417423,0.6399240220333938,0.6423368687578225,0.613869495006258,0.5321719123073158,4.72520338615121e-06,0.25014767162715656,2.250738358135783,0.2890144440506709,0.001724846220962147,0.3276865958518163,0.002966119575110898,,,,
kde_samples,,,,,,,,,,,,,,,,,,,,,,,,,,,,,,,,,,,,,497.0,0.0016139704995741452,42.977486706847046,9.35556616589161,8.648269983892581e-05,9.73214570519809e-06,0.7398114998685463,0.6918491998948371,0.7051058564929483,0.6640846851943587,0.45718859638769715,4.20032017471388e-06,0.3161320535209475,2.5806602676047374,0.21993385580768562,0.0015037883385845942,0.26879526712393026,0.0026127716027435815,,,,
kde_samples,,,,,,,,,,,,,,,,,,,,,,,,,,,,,,,,,,,,,498.0,0.0014358109540741695,42.56002132132166,8.938100780366227,0.0001312901523820932,1.4774456567845067e-05,0.6544366013943942,0.6235492811155153,0.6518230108765388,0.621458408701231,0.5289273917264544,4.702491742085181e-06,0.2973037776341722,2.486518888170861,0.25932496756991424,0.0016298398962237256,0.2623928330318371,0.0025743569981910228,,,,
kde_samples,,,,,,,,,,,,,,,,,,,,,,,,,,,,,,,,,,,,,499.0,0.000540621989114913,40.462404798299964,6.840484257344528,0.0010695853196610661,0.00012036349691290655,0.6725975927307563,0.638078074184605,0.7075328063126001,0.66602624505008,0.5307975995112898,4.715583196579028e-06,0.3204645010923411,2.6023225054617054,0.23146581869370736,0.0015406906198198638,0.31910649951274783,0.002914638997076487,,,,
kde_samples,,,,,,,,,,,,,,,,,,,,,,,,,,,,,,,,,,,,,500.0,0.010473221810696952,63.736580774386894,30.114660233431458,8.343902799530467e-14,9.389632602391403e-15,0.6997422121185896,0.6597937696948717,0.6628153892061289,0.6302523113649031,0.4962486591105997,4.473740613774197e-06,0.24598332423006877,2.229916621150344,0.3022422946024464,0.0017671753427278285,0.32954861028476906,0.0029772916617086145,,,,
kde_samples,,,,,,,,,,,,,,,,,,,,,,,,,,,,,,,,,,,,,501.0,-0.00039362296484806575,38.27327185688621,4.651351315930775,0.00954868991160432,0.0010745414017667024,0.7177832507802457,0.6742266006241966,0.7366347480538762,0.689307798443101,0.4723622515522322,4.306535760865626e-06,0.29469168260162215,2.4734584130081108,0.24607913179209526,0.0015874532217347048,0.28210238441247704,0.0026926143064748623,,,,
kde_samples,,,,,,,,,,,,,,,,,,,,,,,,,,,,,,,,,,,,,502.0,0.0008132470932185262,41.10122290860171,7.479302367646277,0.000564651197143017,6.35418151080542e-05,0.7378228127182344,0.6902582501745875,0.7360958172081091,0.6888766537664873,0.4587931446051431,4.211552012236002e-06,0.3168038315062175,2.5840191575310874,0.2644661718220158,0.0016462917498304506,0.27819653145566337,0.0026691791887339805,,,,
kde_samples,,,,,,,,,,,,,,,,,,,,,,,,,,,,,,,,,,,,,503.0,-0.00044553681313490995,38.15162676271877,4.529706221763334,0.010783843666012006,0.00121353678845799,0.6689929618672641,0.6351943694938113,0.713422822126096,0.6707382577008768,0.49517515571078335,4.466226089975484e-06,0.3058316802862754,2.529158401431377,0.2638009541795225,0.001644163053374472,0.29991868246485115,0.0027995120947891068,,,,
kde_samples,,,,,,,,,,,,,,,,,,,,,,,,,,,,,,,,,,,,,504.0,0.0027924777737214565,45.73897777467447,12.11705723371903,5.465487514043933e-06,6.150469508431702e-07,0.7318722023545189,0.6854977618836151,0.695158215922423,0.6561265727379384,0.48048832829652055,4.363418298075644e-06,0.2523934573036757,2.261967286518378,0.2616640200792928,0.001637324864253737,0.28292124341206665,0.0026975274604723997,,,,
kde_samples,,,,,,,,,,,,,,,,,,,,,,,,,,,,,,,,,,,,,505.0,0.0003163819780812524,39.93696316454593,6.315042623590493,0.0018088886576287345,0.00020355941723964672,0.6495569824745905,0.6196455859796723,0.6825767653450058,0.6460614122760047,0.5117440259723454,4.582208181806418e-06,0.2677725219920286,2.338862609960143,0.25150785894110217,0.001604825148611527,0.3176196532568162,0.002905717919540897,,,,
kde_samples,,,,,,,,,,,,,,,,,,,,,,,,,,,,,,,,,,,,,506.0,0.008592002217451801,59.328486554410915,25.70656601345548,6.851414329852023e-12,7.710092616094515e-13,0.701769440415555,0.661415552332444,0.6545252704820106,0.6236202163856085,0.502775868046026,4.5194310763221825e-06,0.26847859947277397,2.34239299736387,0.31310156097556535,0.001801924995121809,0.2618268264575608,0.002570960958745365,,,,
kde_samples,,,,,,,,,,,,,,,,,,,,,,,,,,,,,,,,,,,,,507.0,0.0035035833687696444,47.40524814235505,13.783327601399613,1.032706428442679e-06,1.1621340974573941e-07,0.7404724644476615,0.6923779715581292,0.7369220084444936,0.689537606755595,0.5177912525404377,4.624538767783063e-06,0.330027828465152,2.65013914232576,0.24231717588631696,0.0015754149628362142,0.33523700898943753,0.0030114220539366253,,,,
kde_samples,,,,,,,,,,,,,,,,,,,,,,,,,,,,,,,,,,,,,508.0,0.002386216330864062,44.78702154134099,11.165101000385555,1.4159836726415474e-05,1.5934469488111923e-06,0.7260088741901136,0.6808070993520909,0.6491000099349543,0.6192800079479635,0.47879457792780794,4.351562045494656e-06,0.27323406381954296,2.366170319097715,0.23762050628312942,0.0015603856201060144,0.31246624054788796,0.002874797443287328,,,,
kde_samples,,,,,,,,,,,,,,,,,,,,,,,,,,,,,,,,,,,,,509.0,0.0038505507180903106,48.21826581054893,14.596345269593492,4.58023534127965e-07,5.154269904669169e-08,0.732843272793865,0.686274618235092,0.6729938164162308,0.6383950531329846,0.4663448997638087,4.264414298346661e-06,0.2597271485553545,2.2986357427767725,0.2685056435855998,0.0016592180594739193,0.29215865184947615,0.002752951911096857,,,,
kde_samples,,,,,,,,,,,,,,,,,,,,,,,,,,,,,,,,,,,,,510.0,0.0009094952923179925,41.32675273598437,7.704832195028935,0.00045064431190136844,5.071229405200454e-05,0.7006741317138654,0.6605393053710923,0.7046322960699696,0.6637058368559756,0.48229599735617035,4.376071981493192e-06,0.3330803440325873,2.6654017201629365,0.2626251163628441,0.0016404003723611011,0.27726119316938613,0.002663567159016317,,,,
kde_samples,,,,,,,,,,,,,,,,,,,,,,,,,,,,,,,,,,,,,511.0,0.001065592270500841,41.69252087371494,8.070600332759504,0.0003125955633676414,3.5177273317767824e-05,0.6795936681927547,0.6436749345542038,0.6544443108220751,0.6235554486576601,0.5011819774330127,4.508273842031089e-06,0.28202761982550767,2.410138099127538,0.22979147811863665,0.0015353327299796374,0.2758583826851897,0.0026551502961111384,,,,
kde_samples,,,,,,,,,,,,,,,,,,,,,,,,,,,,,,,,,,,,,512.0,0.00023013145915965622,39.734860010138334,6.112939469182898,0.00221403315603359,0.00024915148706955664,0.7275167684956485,0.6820134147965188,0.7117302695421164,0.6693842156336931,0.47088121649822384,4.2961685154875664e-06,0.24511736929992742,2.2255868464996373,0.22381644628417496,0.00151621262810936,0.3302295831901378,0.0029813774991408267,,,,
kde_samples,,,,,,,,,,,,,,,,,,,,,,,,,,,,,,,,,,,,,513.0,0.0076340825499007295,57.08387876651885,23.461958225563414,6.46548350405632e-11,7.275793613430787e-12,0.7044624418834039,0.6635699535067231,0.7148323761065822,0.6718659008852658,0.5326340750846609,4.728438525592626e-06,0.24483700562383204,2.22418502811916,0.3078479630990197,0.0017851134819168633,0.29841763428488366,0.0027905058057093018,,,,
kde_samples,,,,,,,,,,,,,,,,,,,,,,,,,,,,,,,,,,,,,514.0,0.0016431823525528272,43.045936238593626,9.42401569763819,8.076105528824036e-05,9.088272669962894e-06,0.7282753206071994,0.6826202564857595,0.6376187006218971,0.6100949604975177,0.5109470370938045,4.576629259656632e-06,0.24966463279100148,2.2483231639550074,0.22423515795437163,0.0015175525054539891,0.33742204728271297,0.0030245322836962778,,,,
kde_samples,,,,,,,,,,,,,,,,,,,,,,,,,,,,,,,,,,,,,515.0,-0.00015819075624443762,38.82493916976572,5.203018628810284,0.005499937068993884,0.0006189236578478843,0.6570584106042572,0.6256467284834057,0.7230215259480415,0.6784172207584331,0.47268319261562575,4.3087823483093805e-06,0.23555544767043374,2.177777238352169,0.22026013436528796,0.0015048324299689216,0.26394640903170286,0.0025836784541902174,,,,
kde_samples,,,,,,,,,,,,,,,,,,,,,,,,,,,,,,,,,,,,,516.0,-0.00013135298447598115,38.88782572858871,5.2659051876332725,0.0051647158748496695,0.0005812002575498102,0.6998859794404348,0.6599087835523478,0.6783558680266679,0.6426846944213344,0.4964438962526352,4.475107273768446e-06,0.30225120545255696,2.511256027262785,0.23537398691534545,0.0015531967581291055,0.3471679723739858,0.003083007834243915,,,,
kde_samples,,,,,,,,,,,,,,,,,,,,,,,,,,,,,,,,,,,,,517.0,-0.00023614522298531782,38.64227541509526,5.0203548741398265,0.0066021833494033875,0.0007429625861414897,0.6657646843350613,0.632611747468049,0.6604155545429528,0.6283324436343622,0.5266665416059051,4.686665791241335e-06,0.28251789007954053,2.412589450397703,0.23117059951363303,0.0015397459184436258,0.3229436407584635,0.002937661844550781,,,,
kde_samples,,,,,,,,,,,,,,,,,,,,,,,,,,,,,,,,,,,,,518.0,0.003015022952505192,46.26044805905943,12.638527518103992,3.2445706814924794e-06,3.6512082395566063e-07,0.6576526744713069,0.6261221395770455,0.7239010505919976,0.6791208404735981,0.4906782849417982,4.434747994592587e-06,0.2661610269074654,2.330805134537327,0.2854694796266306,0.001713502334805218,0.3132981841342445,0.002879789104805467,,,,
kde_samples,,,,,,,,,,,,,,,,,,,,,,,,,,,,,,,,,,,,,519.0,0.0016860266094106333,43.14632936744057,9.524408826485136,7.304690225496457e-05,8.220176953110118e-06,0.7095822368195706,0.6676657894556565,0.727112804831614,0.6816902438652912,0.5334583005363365,4.7342081037543555e-06,0.23520410348934837,2.1760205174467417,0.27192196459137274,0.001670150286692393,0.3060660605076992,0.0028363963630461952,,,,
kde_samples,,,,,,,,,,,,,,,,,,,,,,,,,,,,,,,,,,,,,520.0,-0.0008885476171887827,37.11355902636902,3.4916384854135813,0.030450937856557826,0.0034267311801309524,0.6929571673287414,0.6543657338629931,0.7171053936690235,0.6736843149352187,0.4577543976927762,4.2042807838494334e-06,0.2707067767080197,2.3535338835400985,0.22039669507324441,0.001505269424234382,0.3157309972651133,0.0028943859835906796,,,,
kde_samples,,,,,,,,,,,,,,,,,,,,,,,,,,,,,,,,,,,,,521.0,6.347378259025094e-05,39.344345929040045,5.722425388084609,0.0032717659692677497,0.0003681811875152705,0.656889539412487,0.6255116315299896,0.7243610040739901,0.679488803259192,0.5023929935060599,4.516750954542419e-06,0.32373383373086173,2.618669168654309,0.2535244886691833,0.0016112783637413867,0.26233525149981257,0.0025740115089988753,,,,
kde_samples,,,,,,,,,,,,,,,,,,,,,,,,,,,,,,,,,,,,,522.0,0.002699529779523674,45.52118102332614,11.899260482370707,6.795428288692123e-06,7.647089921793784e-07,0.7015290689777787,0.6612232551822229,0.665476809260504,0.6323814474084032,0.5255026509776938,4.678518556843857e-06,0.24204745164558447,2.2102372582279224,0.26205670672497344,0.0016385814615199152,0.32571104272499873,0.0029542662563499925,,,,
kde_samples,,,,,,,,,,,,,,,,,,,,,,,,,,,,,,,,,,,,,523.0,0.0063539478969442745,54.08425331888353,20.462332777928097,1.29814076370799e-09,1.4608349510125798e-10,0.6437545772779427,0.6150036618223542,0.7065140301789945,0.6652112241431956,0.55238220073294,4.866675405130579e-06,0.3101055648793588,2.550527824396794,0.3095834483575433,0.0017906670347441387,0.26203464980880453,0.002572207898852827,,,,
kde_samples,,,,,,,,,,,,,,,,,,,,,,,,,,,,,,,,,,,,,524.0,0.01387300361336321,71.7029864865773,38.081065945621866,2.8946975585085774e-17,3.257486001750216e-18,0.6607205380980821,0.6285764304784657,0.6884075592941133,0.6507260474352907,0.5481377239924683,4.836964067947277e-06,0.2550138735880463,2.2750693679402314,0.31689612610800966,0.001814067603545631,0.3341918053648868,0.0030051508321893208,,,,
kde_samples,,,,,,,,,,,,,,,,,,,,,,,,,,,,,,,,,,,,,525.0,0.006233700354644413,53.8024879693828,20.180567428427366,1.720643602817229e-09,1.9362894868595554e-10,0.6891275694888545,0.6513020555910836,0.6979792917244414,0.6583834333795531,0.5449695225814126,4.814786658069888e-06,0.2639630174923806,2.319815087461903,0.3011602312988524,0.0017637127401563277,0.3264631394264692,0.0029587788365588153,,,,
kde_samples,,,,,,,,,,,,,,,,,,,,,,,,,,,,,,,,,,,,,526.0,0.004218054284418529,49.0794041658844,15.457483624928962,1.9359768401092763e-07,2.178610141094606e-08,0.6562014268412466,0.6249611414729973,0.7368783614782068,0.6895026891825655,0.5187128375334407,4.6309898627340846e-06,0.2846583770760134,2.423291885380067,0.29814867187943944,0.0017540757500142062,0.28562930632494477,0.0027137758379496687,,,,
kde_samples,,,,,,,,,,,,,,,,,,,,,,,,,,,,,,,,,,,,,527.0,0.005494575031623247,52.070561470240236,18.4486409292848,9.724270828915452e-09,1.094300024861343e-09,0.6987349311687983,0.6589879449350386,0.676395205040889,0.6411161640327112,0.47908755640542483,4.353612894837974e-06,0.2832236748128836,2.4161183740644177,0.29472721673696056,0.0017431270935582739,0.24910418568614656,0.0024946251141168795,,,,
kde_samples,,,,,,,,,,,,,,,,,,,,,,,,,,,,,,,,,,,,,528.0,0.008516005681726904,59.150410645000875,25.52849010404544,8.186864764065745e-12,9.212913207038664e-13,0.7257395283319461,0.6805916226655568,0.6736415257043797,0.6389132205635037,0.4847046158490165,4.392932310943115e-06,0.2692769634491238,2.3463848172456188,0.31147019893057215,0.001796704636577831,0.3329496915491948,0.0029976981492951687,,,,
kde_samples,,,,,,,,,,,,,,,,,,,,,,,,,,,,,,,,,,,,,529.0,0.008531605382265453,59.186964033039274,25.565043492083838,7.8930105223109e-12,8.882230619402629e-13,0.6903658843425625,0.65229270747405,0.6812252993123504,0.6449802394498804,0.5420650425189945,4.794455297632961e-06,0.24619992854690725,2.2309996427345364,0.3002049138742112,0.0017606557243974759,0.323248586503297,0.0029394915190197823,,,,
kde_samples,,,,,,,,,,,,,,,,,,,,,,,,,,,,,,,,,,,,,530.0,0.001273593071978267,42.17991061494199,8.557990073986552,0.00019200482155492762,2.1606852040389818e-05,0.6812765591628642,0.6450212473302914,0.6699662495869553,0.6359729996695642,0.5048199823297062,4.533739876307943e-06,0.2568295117267174,2.2841475586335873,0.250534015944469,0.0016017088510223009,0.32117939694549974,0.0029270763816729986,,,,
kde_samples,,,,,,,,,,,,,,,,,,,,,,,,,,,,,,,,,,,,,531.0,0.0023919785113500555,44.80052354535263,11.178603004397196,1.396993546291503e-05,1.572076816178542e-06,0.7302206628179959,0.6841765302543967,0.6441112608104113,0.615289008648329,0.5480031534171902,4.836022073920331e-06,0.30778054501493285,2.5389027250746645,0.2679189128177137,0.001657340521016684,0.2549771085369365,0.002529862651221619,,,,
kde_samples,,,,,,,,,,,,,,,,,,,,,,,,,,,,,,,,,,,,,532.0,0.003644946060149347,47.73649073892836,14.114570197972924,7.415151841442289e-07,8.344482570675101e-08,0.7353338720422503,0.6882670976338002,0.6892624722071707,0.6514099777657366,0.48559791808887537,4.3991854266221275e-06,0.31747979721426783,2.587398986071339,0.2927593202555154,0.0017368298248176491,0.259317986790997,0.0025559079207459817,,,,
kde_samples,,,,,,,,,,,,,,,,,,,,,,,,,,,,,,,,,,,,,533.0,0.006128293824142643,53.555498240208735,19.9335776992533,2.2027093771013927e-09,2.4787718982043224e-10,0.6747623675872962,0.639809894069837,0.6989828036879938,0.6591862429503951,0.523604419204967,4.665230934434769e-06,0.30939435965183787,2.5469717982591895,0.314970799583315,0.001807906558666608,0.30683706995426574,0.0028410224197255945,,,,
kde_samples,,,,,,,,,,,,,,,,,,,,,,,,,,,,,,,,,,,,,534.0,0.005429884757186934,51.91897851530223,18.297057974346792,1.1315889207400311e-08,1.2734093958145588e-09,0.6783563185235124,0.6426850548188099,0.6824799564550025,0.645983965164002,0.4540232480758853,4.178162736531197e-06,0.23666920119073478,2.1833460059536742,0.269585909988597,0.0016626749119635106,0.3129148372912778,0.0028774890237476666,,,,
kde_samples,,,,,,,,,,,,,,,,,,,,,,,,,,,,,,,,,,,,,535.0,0.002591670513075482,45.268444016594806,11.64652347563937,8.749417111525246e-06,9.845969462506404e-07,0.7086525762150577,0.6669220609720462,0.6705941395275726,0.6364753116220581,0.5086978571980532,4.560885000386372e-06,0.3116946509001792,2.558473254500896,0.2812409920315152,0.0016999711745008489,0.2879351547580354,0.0027276109285482124,,,,
kde_samples,,,,,,,,,,,,,,,,,,,,,,,,,,,,,,,,,,,,,536.0,0.00857276087759596,59.283400037500456,25.66147949654502,7.1673903424476944e-12,8.065669465528679e-13,0.7133742453747259,0.6706993962997807,0.6840607995646646,0.6472486396517316,0.460646610566728,4.224526273967096e-06,0.23909880923256563,2.1954940461628283,0.29698277097114856,0.0017503448671076756,0.3017540451489104,0.0028105242708934626,,,,
kde_samples,,,,,,,,,,,,,,,,,,,,,,,,,,,,,,,,,,,,,537.0,0.003942331850247234,48.433328358066774,14.811407817111338,3.6939185558441764e-07,4.156872261801136e-08,0.6484368430987697,0.6187494744790157,0.7151767781221684,0.6721414224977347,0.4892028861741988,4.424420203219392e-06,0.33284266993608486,2.6642133496804243,0.30140758607147766,0.0017645042754287285,0.33451062443226465,0.003007063746593588,,,,
kde_samples,,,,,,,,,,,,,,,,,,,,,,,,,,,,,,,,,,,,,538.0,0.010494315007548514,63.78600658275933,30.16408604180389,7.941524506074765e-14,8.936824793683602e-15,0.7335567355696921,0.6868453884557537,0.6418213888793579,0.6134571111034863,0.4622053876942399,4.235437713859679e-06,0.26545361582641913,2.3272680791320957,0.31418862249245644,0.0018054035919758608,0.3004350732855839,0.002802610439713503,,,,
kde_samples,,,,,,,,,,,,,,,,,,,,,,,,,,,,,,,,,,,,,539.0,0.00134337525607265,42.343424987994595,8.721504447039159,0.00016304171868718092,1.8347551189369434e-05,0.6503607735203262,0.620288618816261,0.6413119293690014,0.6130495434952011,0.503939426634178,4.527575986439246e-06,0.3014923873712898,2.507461936856449,0.24792454156058627,0.001593358532993876,0.26992649811492575,0.002619558988689555,,,,
kde_samples,,,,,,,,,,,,,,,,,,,,,,,,,,,,,,,,,,,,,540.0,0.0027386783367965087,45.6129143486936,11.990993807738164,6.199798243968171e-06,6.976810386991607e-07,0.6868698954807467,0.6494959163845974,0.7316101372661405,0.6852881098129124,0.48282654463300656,4.3797858124310455e-06,0.2544636386268601,2.272318193134301,0.2861794512267477,0.0017157742439255926,0.2895150598185793,0.002737090358911476,,,,
kde_samples,,,,,,,,,,,,,,,,,,,,,,,,,,,,,,,,,,,,,541.0,-0.00046480573287175503,38.106475620331054,4.4845550793756175,0.01128190595689747,0.001269585163383727,0.6971943978990269,0.6577555183192215,0.6935371688456302,0.6548297350765042,0.5487223868212103,4.841056707748472e-06,0.28742363106517943,2.437118155325897,0.25451440049565655,0.001614446081586101,0.3145724871072779,0.0028874349226436676,,,,
kde_samples,,,,,,,,,,,,,,,,,,,,,,,,,,,,,,,,,,,,,542.0,-0.002378656132002839,33.621920540955436,0.0,1.0,0.11253286175529012,0.6460917758021482,0.6168734206417186,0.7199156020332567,0.6759324816266054,0.46355256464662636,4.244867952526385e-06,0.3076730099036304,2.538365049518152,0.22100167323261924,0.0015072053543443817,0.31046463745414293,0.0028627878247248577,,,,
kde_samples,,,,,,,,,,,,,,,,,,,,,,,,,,,,,,,,,,,,,543.0,-0.0005794062760418259,37.83794238063485,4.216021839679414,0.014757234532229248,0.0016606738335057474,0.7274264383812235,0.6819411507049787,0.7308330678241034,0.6846664542592827,0.529383014793624,4.7056811035553684e-06,0.2980538512318075,2.4902692561590376,0.25622597289193305,0.0016199231132541859,0.32214909129805325,0.0029328945477883196,,,,
kde_samples,,,,,,,,,,,,,,,,,,,,,,,,,,,,,,,,,,,,,544.0,0.0021730861572853907,44.28761259959488,10.665692058639443,2.3331829453816318e-05,2.625597538424318e-06,0.6885894720148203,0.6508715776118563,0.6569984838490813,0.6255987870792651,0.46189876108112926,4.2332913275679044e-06,0.3099961322034709,2.5499806610173543,0.2584717391686935,0.001627109565339819,0.34379707843341845,0.003062782470600511,,,,
kde_samples,,,,,,,,,,,,,,,,,,,,,,,,,,,,,,,,,,,,,545.0,0.00047808495008212076,40.31586732798831,6.693946787032871,0.001238385471295237,0.0001393590610410267,0.7271063056171757,0.6816850444937406,0.70743128479718,0.665945027837744,0.5403737093604774,4.782615965523341e-06,0.2680571915691761,2.3402859578458806,0.2378607117307455,0.0015611542775383856,0.2689372857864835,0.002613623714718901,,,,
kde_samples,,,,,,,,,,,,,,,,,,,,,,,,,,,,,,,,,,,,,546.0,0.0020356158764762433,43.96549074182284,10.343570200867404,3.21991597373611e-05,3.623463591360961e-06,0.6960975851626888,0.656878068130151,0.7202085186780384,0.6761668149424307,0.453807188356013,4.176650318492091e-06,0.27951867949646214,2.3975933974823107,0.2761496051525703,0.001683678736488225,0.2765728099327765,0.002659436859596659,,,,
kde_samples,,,,,,,,,,,,,,,,,,,,,,,,,,,,,,,,,,,,,547.0,6.370978660825283e-05,39.34489893622293,5.722978395267496,0.0032699571593745474,0.00036797763696161715,0.6847379007509808,0.6477903206007847,0.6696384795328616,0.6357107836262893,0.49818730334436406,4.487311123410548e-06,0.30185608073093273,2.509280403654664,0.23748488533718118,0.0015599516330789798,0.3339132276244146,0.0030034793657464877,,,,
kde_samples,,,,,,,,,,,,,,,,,,,,,,,,,,,,,,,,,,,,,548.0,0.0010314262678917593,41.61246272464953,7.990542183694096,0.0003386504228417917,3.8109301217025895e-05,0.6530141088814104,0.6224112871051284,0.6895231236405487,0.651618498912439,0.4886302898413153,4.420412028889207e-06,0.2918618815451744,2.459309407725872,0.2630322952063145,0.0016417033446602064,0.271337184520124,0.002628023107120744,,,,
kde_samples,,,,,,,,,,,,,,,,,,,,,,,,,,,,,,,,,,,,,549.0,0.003380385852798151,47.11657038244902,13.494649841493583,1.3783135911420903e-06,1.5510557280743031e-07,0.7379662616182627,0.6903730092946102,0.7206278317669714,0.6765022654135772,0.5212968742822869,4.649078119976008e-06,0.27831824464511595,2.39159122322558,0.29904322739716416,0.0017569383276709255,0.2898841605307525,0.0027393049631845153,,,,
kde_samples,,,,,,,,,,,,,,,,,,,,,,,,,,,,,,,,,,,,,550.0,0.00745674991180361,56.668350999417214,23.046430458461778,9.796307847887035e-11,1.1024065567585355e-11,0.66629796914598,0.6330383753167841,0.677385089162506,0.6419080713300047,0.5156766685661047,4.609736679962733e-06,0.3079710596105697,2.5398552980528484,0.31662053875985396,0.0018131857240315328,0.3289522465346125,0.002973713479207675,,,,
kde_samples,,,,,,,,,,,,,,,,,,,,,,,,,,,,,,,,,,,,,551.0,0.0008173411925803745,41.110816246773275,7.488895705817839,0.0005592602073989889,6.29351516044653e-05,0.7287391710430647,0.6829913368344518,0.7251206094708967,0.6800964875767174,0.5221767359008004,4.655237151305602e-06,0.3166484511721984,2.583242255860992,0.28110838225056334,0.0016995468232018029,0.304381501452892,0.002826289008717352,,,,
kde_samples,,,,,,,,,,,,,,,,,,,,,,,,,,,,,,,,,,,,,552.0,0.005608841453615773,52.33831179355772,18.716391252602286,7.4400277921654e-09,8.372476189912654e-10,0.6563536047338263,0.625082883787061,0.6540402787059212,0.6232322229647369,0.4691113462817956,4.283779423972569e-06,0.29783391984284363,2.489169599214218,0.2918864272960119,0.0017340365673472382,0.33039764438214125,0.0029823858662928475,,,,
kde_samples,,,,,,,,,,,,,,,,,,,,,,,,,,,,,,,,,,,,,553.0,-0.0010021522422140258,36.84735943290611,3.225438891950674,0.03973833691213611,0.004471868774118555,0.6458915138885961,0.6167132111108768,0.6932479734450627,0.6545983787560502,0.4794455802493735,4.356119061745614e-06,0.2794394475566602,2.397197237783301,0.21982193177094414,0.0015034301816670213,0.3014630874603654,0.0028087785247621925,,,,
kde_samples,,,,,,,,,,,,,,,,,,,,,,,,,,,,,,,,,,,,,554.0,0.0009285698105507348,41.371448354652436,7.749527813697,0.0004309459793301836,4.8495584315961666e-05,0.692131249107392,0.6537049992859136,0.7046907942193942,0.6637526353755153,0.5337541310287168,4.736278917201017e-06,0.2667328578940761,2.3336642894703803,0.27068449436664993,0.00166619038197328,0.3125994419745901,0.0028755966518475406,,,,
kde_samples,,,,,,,,,,,,,,,,,,,,,,,,,,,,,,,,,,,,,555.0,0.0017751722237121792,43.35521634084328,9.733295799887841,5.9276607922865476e-05,6.6705663247063555e-06,0.7364185347052545,0.6891348277642037,0.660189692067919,0.6281517536543352,0.4797899174155267,4.3585294219086865e-06,0.31191055688011127,2.559552784400556,0.23627731101548022,0.001556087395249537,0.26933699735230787,0.0026160219841138473,,,,
kde_samples,,,,,,,,,,,,,,,,,,,,,,,,,,,,,,,,,,,,,556.0,-0.00016108841853388484,38.81814933596034,5.196228795004906,0.005537407793673282,0.0006231403457281015,0.7189612391903207,0.6751689913522566,0.7188143290694308,0.6750514632555447,0.5392031659006173,4.774422161304321e-06,0.25959098995685176,2.297954949784259,0.2281652559995235,0.0015301288191984753,0.2772081949139165,0.002663249169483499,,,,
kde_samples,,,,,,,,,,,,,,,,,,,,,,,,,,,,,,,,,,,,,557.0,0.0027938984328090555,45.74230667850637,12.12038613755093,5.44732368131511e-06,6.130029227657514e-07,0.737113897728406,0.6896911181827248,0.6414344878782846,0.6131475903026277,0.5238445731396367,4.666912011977457e-06,0.28092714515497574,2.4046357257748787,0.25563108441066273,0.0016180194701141209,0.27683626672270845,0.0026610176003362507,,,,
kde_samples,,,,,,,,,,,,,,,,,,,,,,,,,,,,,,,,,,,,,558.0,0.0015340305178986532,42.790170471977916,9.16824993102248,0.00010429888033873737,1.173705148239068e-05,0.7313028920991932,0.6850423136793545,0.6506733109238959,0.6205386487391167,0.5000851992634185,4.500596394843929e-06,0.2986157796214761,2.4930788981073806,0.2355585340586691,0.0015537873089877413,0.3303426424111983,0.00298205585446719,,,,
kde_samples,,,,,,,,,,,,,,,,,,,,,,,,,,,,,,,,,,,,,559.0,0.006542712707924683,54.52656907787593,20.904648536920497,8.341160814032427e-10,9.386546967641543e-11,0.7053354110817482,0.6642683288653985,0.6818397960391557,0.6454718368313246,0.46099691130075926,4.226978379105315e-06,0.33136038414888486,2.6568019207444245,0.3189609167587154,0.0018206749336278894,0.3225037129869962,0.0029350222779219773,,,,
kde_samples,,,,,,,,,,,,,,,,,,,,,,,,,,,,,,,,,,,,,560.0,0.00405529375344079,48.69802191874038,15.076101377784944,2.8348648757623336e-07,3.190154571590904e-08,0.7303689687533215,0.6842951750026571,0.6637392486260179,0.6309913989008142,0.5532386165426753,4.872670315798727e-06,0.2535089491414995,2.2675447457074975,0.28014794728674536,0.0016964734313175854,0.2643879759538699,0.0025863278557232195,,,,
kde_samples,,,,,,,,,,,,,,,,,,,,,,,,,,,,,,,,,,,,,561.0,0.0008417445809038929,41.16799853182016,7.546077990864724,0.0005281775874898446,5.943733543523734e-05,0.7083494075534366,0.6666795260427493,0.7014085863347316,0.6611268690677853,0.4853963453742127,4.397774417619489e-06,0.26265750051353476,2.3132875025676736,0.24499572272693051,0.0015839863127261778,0.3032235435824562,0.002819341261494737,,,,
kde_samples,,,,,,,,,,,,,,,,,,,,,,,,,,,,,,,,,,,,,562.0,0.0025585707136200272,45.190884206360074,11.568963665404638,9.45503016574545e-06,1.0640016025339306e-06,0.7219640160391754,0.6775712128313403,0.7083895624084036,0.6667116499267228,0.5457584638284049,4.8203092467988335e-06,0.3257396328714154,2.628698164357077,0.2726041269866242,0.0016723332063571974,0.2695144834593487,0.0026170869007560923,,,,
kde_samples,,,,,,,,,,,,,,,,,,,,,,,,,,,,,,,,,,,,,563.0,6.26654274594532e-05,39.34245178250205,5.720531241546617,0.0032779690463654526,0.00036887923753276366,0.6479356784227279,0.6183485427381823,0.7308963242205635,0.6847170593764508,0.5196846905112833,4.637792833578983e-06,0.23731052830038368,2.1865526415019185,0.2379956345240707,0.0015615860304770263,0.28084992151325766,0.002685099529079546,,,,
kde_samples,,,,,,,,,,,,,,,,,,,,,,,,,,,,,,,,,,,,,564.0,0.00449819158894868,49.735824945964,16.11390440500856,1.0042000415048824e-07,1.1300550444532554e-08,0.704006246511202,0.6632049972089616,0.6500219162586056,0.6200175330068844,0.46480708990245323,4.253649629317173e-06,0.3136362252824013,2.5681811264120067,0.2837544288667883,0.0017080141723737228,0.29427240349665335,0.00276563442097992,,,,
kde_samples,,,,,,,,,,,,,,,,,,,,,,,,,,,,,,,,,,,,,565.0,0.004237527957167149,49.12503508775717,15.503114546801733,1.8496216490670644e-07,2.0814321733405572e-08,0.7098195260153668,0.6678556208122934,0.648479966865073,0.6187839734920584,0.5483539720978842,4.8384778046851885e-06,0.27528130647966265,2.3764065323983132,0.2830862912026865,0.001705876131848597,0.32024130893045744,0.0029214478535827446,,,,
kde_samples,,,,,,,,,,,,,,,,,,,,,,,,,,,,,,,,,,,,,566.0,0.00231919462630676,44.629975553975775,11.00805501302034,1.656770875121356e-05,1.864411678502226e-06,0.6444481303518991,0.6155585042815193,0.6693024092584018,0.6354419274067215,0.5167393575078124,4.617175502554687e-06,0.2718572596417689,2.3592862982088443,0.270010925612809,0.0016640349619609887,0.3051761084036714,0.002831056650422028,,,,
kde_samples,,,,,,,,,,,,,,,,,,,,,,,,,,,,,,,,,,,,,567.0,-0.0003126760336469511,38.46294758684015,4.841027045884715,0.007898937313114435,0.0008888900206704095,0.6567780743825423,0.6254224595060338,0.7116406937275966,0.6693125549820773,0.4718248964969679,4.302774275478775e-06,0.2947654124728755,2.4738270623643777,0.2430090123710678,0.0015776288395874171,0.2611443050297598,0.002566865830178559,,,,
kde_samples,,,,,,,,,,,,,,,,,,,,,,,,,,,,,,,,,,,,,568.0,0.004731955195159267,50.283582371560485,16.66166183060505,5.806737686066451e-08,6.534488092753492e-09,0.6527307057971933,0.6221845646377546,0.7125122843713896,0.6700098274971117,0.5393241490449094,4.7752690433143656e-06,0.3301561731914414,2.650780865957207,0.3074788728887638,0.0017839323932440443,0.26975470049427214,0.002618528202965633,,,,
kde_samples,,,,,,,,,,,,,,,,,,,,,,,,,,,,,,,,,,,,,569.0,0.0026017828988973424,45.292139469082954,11.670218928127518,8.544532714662599e-06,9.615407187426801e-07,0.7001737061635049,0.6601389649308039,0.6452663850784194,0.6162131080627355,0.46474132947937413,4.2531893063556185e-06,0.2920236347313278,2.460118173656639,0.2456216614588199,0.0015859893166682236,0.3125248735986981,0.0028751492415921885,,,,
kde_samples,,,,,,,,,,,,,,,,,,,,,,,,,,,,,,,,,,,,,570.0,-0.0005189696781361594,37.97955807444304,4.357637533487605,0.012808611850213786,0.0014413897466172788,0.658868376156136,0.6270947009249088,0.6604602413064374,0.6283681930451499,0.5329540150093672,4.7306781050655705e-06,0.3236703394360095,2.6183516971800476,0.23526774778316062,0.001552856792906114,0.32473668122105803,0.002948420087326348,,,,
kde_samples,,,,,,,,,,,,,,,,,,,,,,,,,,,,,,,,,,,,,571.0,0.00292867351917548,46.05811312733447,12.436192586379036,3.972191555916876e-06,4.4700208322752454e-07,0.7215522354921968,0.6772417883937575,0.6952557328038066,0.6562045862430452,0.5172919802702746,4.6210438618919215e-06,0.30874581550392716,2.543729077519636,0.2940538950659558,0.0017409724642110586,0.2567531303586558,0.002540518782151935,,,,
kde_samples,,,,,,,,,,,,,,,,,,,,,,,,,,,,,,,,,,,,,572.0,0.00547647035166178,52.02813838716199,18.40621784620655,1.0145679914935647e-08,1.1417223952808767e-09,0.656239012157763,0.6249912097262105,0.7105615838419911,0.6684492670735929,0.5176348336524342,4.62344383556704e-06,0.2538637542352128,2.269318771176064,0.28678355931144656,0.0017177073897966292,0.30823199892425557,0.0028493919935455338,,,,
kde_samples,,,,,,,,,,,,,,,,,,,,,,,,,,,,,,,,,,,,,573.0,0.0007737258838258557,41.00861638073233,7.386695839776891,0.0006194393025784189,6.970727740285054e-05,0.6879669224677313,0.6503735379741851,0.6427107287592744,0.6141685830074195,0.5292238823514122,4.704567176459885e-06,0.3167251057460017,2.5836255287300087,0.24737154750488471,0.0015915889520156312,0.326294336387814,0.002957766018326884,,,,
kde_samples,,,,,,,,,,,,,,,,,,,,,,,,,,,,,,,,,,,,,574.0,0.0006461372465268317,40.70964929755293,7.0877287565974925,0.0008352923650628837,9.399784024287082e-05,0.733718927114781,0.6869751416918248,0.6785638440624818,0.6428510752499854,0.5308862624094385,4.716203836866069e-06,0.2885680094758158,2.442840047379079,0.24614852667795176,0.0015876752853694457,0.3361403891971594,0.0030168423351829565,,,,
kde_samples,,,,,,,,,,,,,,,,,,,,,,,,,,,,,,,,,,,,,575.0,0.0015149291496449196,42.74541193804851,9.123491397093076,0.00010907319393599837,1.2274318654407653e-05,0.7389351461349437,0.691148116907955,0.7213559320741204,0.6770847456592963,0.5460948768449855,4.822664137914898e-06,0.24220129549809144,2.211006477490457,0.26770876334071164,0.0016566680426902773,0.3390314376233841,0.003034188625740305,,,,
kde_samples,,,,,,,,,,,,,,,,,,,,,,,,,,,,,,,,,,,,,576.0,-0.0005414113357816233,37.92697253806608,4.305051997110645,0.013500183553013786,0.001519214289442342,0.6557464219872017,0.6245971375897613,0.7279699311334008,0.6823759449067206,0.5246006218077187,4.672204352654031e-06,0.26095421648660166,2.3047710824330085,0.2440400818261988,0.0015809282618438362,0.2927990393462988,0.0027567942360777926,,,,
kde_samples,,,,,,,,,,,,,,,,,,,,,,,,,,,,,,,,,,,,,577.0,0.000853708545935028,41.196032624858056,7.5741120839026195,0.0005135762320078554,5.77942031173428e-05,0.7198387057306626,0.67587096458453,0.7028165102627846,0.6622532082102277,0.5478035137667019,4.834624596366913e-06,0.2512427811561127,2.2562139057805632,0.23998050343604393,0.0015679376109953406,0.2779172338969784,0.0026675034033818703,,,,
kde_samples,,,,,,,,,,,,,,,,,,,,,,,,,,,,,,,,,,,,,578.0,0.0014959149569515676,42.700857674840734,9.078937133885297,0.00011404275524361827,1.2833557610022482e-05,0.6979129870559232,0.6583303896447386,0.7085907995098766,0.6668726396079012,0.5443132959439863,4.810193071607904e-06,0.3246324451240341,2.6231622256201703,0.25698596422758413,0.0016223550855282692,0.31746368264735847,0.002904782095884151,,,,
kde_samples,,,,,,,,,,,,,,,,,,,,,,,,,,,,,,,,,,,,,579.0,0.005032340293174092,50.987448001644594,17.365527460689158,2.8724154133661285e-08,3.2324112661609506e-09,0.6441384954497695,0.6153107963598157,0.6389054125656871,0.6111243300525497,0.4952371301455094,4.466659911018566e-06,0.28289736055170184,2.414486802758509,0.27993138857872113,0.0016957804434519076,0.27204902689053656,0.0026322941613432195,,,,
kde_samples,,,,,,,,,,,,,,,,,,,,,,,,,,,,,,,,,,,,,580.0,0.0004790175707572106,40.31805265490179,6.696132113946355,0.0012356821490927751,0.00013905484845733705,0.6875790151178508,0.6500632120942806,0.6696308922140634,0.6357047137712507,0.536424129406156,4.754968905843092e-06,0.2801668954312593,2.4008344771562964,0.25459895217313416,0.0016147166469540294,0.3160814001579461,0.002896488400947677,,,,
kde_samples,,,,,,,,,,,,,,,,,,,,,,,,,,,,,,,,,,,,,581.0,0.006823932557283016,55.18552648877583,21.563605947820392,4.315637189519642e-10,4.856510032342027e-11,0.7071433815536659,0.6657147052429326,0.6586254776075715,0.6269003820860573,0.5056991101724773,4.539893771207341e-06,0.29014960445767124,2.450748022288356,0.30802912590652887,0.0017856932029008924,0.32184732914024516,0.002931083974841471,,,,
kde_samples,,,,,,,,,,,,,,,,,,,,,,,,,,,,,,,,,,,,,582.0,-0.0013950938888552603,35.926614290995744,2.3046937500403075,0.09978935646091634,0.011229581855265666,0.6807752250704149,0.6446201800563319,0.729136227667852,0.6833089821342816,0.5153538531022571,4.6074769717157995e-06,0.24382955065952905,2.219147753297645,0.22416019001254292,0.0015173126080401374,0.3169814617208264,0.0029018887703249584,,,,
kde_samples,,,,,,,,,,,,,,,,,,,,,,,,,,,,,,,,,,,,,583.0,0.005326493810679414,51.67671172447455,18.054791183519114,1.4417960025356127e-08,1.6224943023267004e-09,0.7397541088073387,0.691803287045871,0.6682396721909907,0.6345917377527925,0.46144549666590884,4.230118476661362e-06,0.3074419837377334,2.537209918688667,0.29416069486818286,0.0017413142235781854,0.267975182379402,0.0026078510942764118,,,,
kde_samples,,,,,,,,,,,,,,,,,,,,,,,,,,,,,,,,,,,,,584.0,0.001639443981523027,43.037176446920306,9.41525590596487,8.147161293269942e-05,9.168233755135971e-06,0.6742567713498918,0.6394054170799135,0.6722206601969458,0.6377765281575567,0.4635200465390578,4.244640325773404e-06,0.2625570563769707,2.3127852818848535,0.24867387409229338,0.0015957563970953389,0.3405531284538286,0.0030433187707229717,,,,
kde_samples,,,,,,,,,,,,,,,,,,,,,,,,,,,,,,,,,,,,,585.0,0.007639185007619197,57.09583490096334,23.473914360007903,6.388641595499651e-11,7.1893212147045836e-12,0.6925181418552027,0.6540145134841622,0.6497238115442664,0.6197790492354132,0.5336656935224016,4.735659854656811e-06,0.29509791522886397,2.47548957614432,0.31514240483916744,0.001808455695485336,0.32525078329192403,0.0029515046997515442,,,,
kde_samples,,,,,,,,,,,,,,,,,,,,,,,,,,,,,,,,,,,,,586.0,0.0008276268641806486,41.13491774438288,7.512997203427446,0.000545942333865827,6.143645318328356e-05,0.7003475081900361,0.6602780065520288,0.6933686619962462,0.654694929596997,0.5016685301665164,4.5116797111656146e-06,0.33064062200198774,2.6532031100099385,0.2722901495790795,0.0016713284786530544,0.3397717110573345,0.0030386302663440072,,,,
kde_samples,,,,,,,,,,,,,,,,,,,,,,,,,,,,,,,,,,,,,587.0,0.01166082853227305,66.51939376643828,32.89747322548285,5.161891950825204e-15,5.808824732979576e-16,0.6631526549648633,0.6305221239718907,0.6433659850646009,0.6146927880516807,0.4592468500750957,4.21472795052567e-06,0.2392706473920485,2.1963532369602428,0.2934080849819549,0.0017389058719422558,0.278693209696186,0.0026721592581771163,,,,
kde_samples,,,,,,,,,,,,,,,,,,,,,,,,,,,,,,,,,,,,,588.0,0.002990276145209414,46.20246107094009,12.580540529984653,3.438275467098403e-06,3.8691897781559015e-07,0.7289486830583742,0.6831589464466994,0.6725205811598672,0.6380164649278938,0.5287994091805919,4.701595864264143e-06,0.3307934532917434,2.653967266458717,0.2500809272331817,0.0016002589671461815,0.310679760231792,0.002864078561390752,,,,
kde_samples,,,,,,,,,,,,,,,,,,,,,,,,,,,,,,,,,,,,,589.0,0.0025265373349764933,45.115823244975296,11.49390270401986,1.0192048464243301e-05,1.1469403808299084e-06,0.7317069061486565,0.6853655249189252,0.7231336378290294,0.6785069102632235,0.5251684127421004,4.6761788891947026e-06,0.3153616258496816,2.576808129248408,0.22756636666514002,0.0015282123733284482,0.32466760365362457,0.0029480056219217477,,,,
kde_samples,,,,,,,,,,,,,,,,,,,,,,,,,,,,,,,,,,,,,590.0,-0.0008544934260388895,37.193355177606655,3.571434636651219,0.028115489221752926,0.0031639164617738714,0.652465506593384,0.6219724052747072,0.6798530215812736,0.6438824172650188,0.4801931042626565,4.361351729838596e-06,0.2929893356048907,2.4649466780244538,0.2275146841603355,0.0015280469893130737,0.3463329109125913,0.0030779974654755477,,,,
kde_samples,,,,,,,,,,,,,,,,,,,,,,,,,,,,,,,,,,,,,591.0,0.0006526630251576238,40.72494057304598,7.103020032090541,0.000822616838858023,9.257142700478367e-05,0.6858686603841057,0.6486949283072845,0.6527496556915576,0.6221997245532461,0.5502890656571953,4.852023459600367e-06,0.3196204089604042,2.598102044802021,0.25671805296637384,0.0016214977694923964,0.25801310650691006,0.0025480786390414604,,,,
kde_samples,,,,,,,,,,,,,,,,,,,,,,,,,,,,,,,,,,,,,592.0,0.0040653291958141075,48.72153707650269,15.099616535547256,2.7689802604847404e-07,3.116012728562565e-08,0.6578599846225732,0.6262879876980586,0.7374680139817592,0.6899744111854074,0.46823774053296635,4.277664183730764e-06,0.3117670250960881,2.5588351254804405,0.30770629968679053,0.00178466015899773,0.3031072899128637,0.002818643739477182,,,,
kde_samples,,,,,,,,,,,,,,,,,,,,,,,,,,,,,,,,,,,,,593.0,-0.0015738107444174462,35.50784301046863,1.885922469513197,0.15168906633049975,0.01707000473115916,0.6635732246853272,0.6308585797482618,0.7281866083276294,0.6825492866621035,0.5179786845705348,4.625850791993743e-06,0.27060560258017635,2.353028012900882,0.22447632821030497,0.001518324250272976,0.26356487526341044,0.002581389251580463,,,,
kde_samples,,,,,,,,,,,,,,,,,,,,,,,,,,,,,,,,,,,,,594.0,0.0011455545967728395,41.87988946668573,8.257968925730296,0.0002591848807232935,2.9166816351495746e-05,0.7263655409800228,0.6810924327840182,0.6701017412401011,0.6360813929920809,0.5304313484048113,4.7130194388336795e-06,0.30507168087516484,2.525358404375824,0.25662695981188705,0.0016212062713980386,0.32872054269423906,0.0029723232561654346,,,,
kde_samples,,,,,,,,,,,,,,,,,,,,,,,,,,,,,,,,,,,,,595.0,0.0008816764647080963,41.261567356439095,7.639646815483658,0.00048099830321529787,5.412811556025624e-05,0.7293815892320659,0.6835052713856526,0.7356642311057672,0.6885313848846137,0.49658953530275984,4.476126747119319e-06,0.3141600104462099,2.5708000522310495,0.28247149706108177,0.0017039087905954618,0.2770551325561937,0.002662330795337162,,,,
kde_samples,,,,,,,,,,,,,,,,,,,,,,,,,,,,,,,,,,,,,596.0,-0.00037092006171058484,38.32646954654262,4.704549005587182,0.009053996599147913,0.001018872147624779,0.7186489198247192,0.6749191358597754,0.6945710902759044,0.6556568722207234,0.5049775755663399,4.534843028964379e-06,0.2634208393597657,2.3171041967988284,0.2233426808708687,0.00151469657878678,0.3430800148883233,0.00305848008932994,,,,
kde_samples,,,,,,,,,,,,,,,,,,,,,,,,,,,,,,,,,,,,,597.0,0.00014974779564337626,39.546504135152276,5.924583594196839,0.0026729204730940852,0.00030079139008158136,0.7276259727614612,0.682100778209169,0.6893928678718224,0.6515142942974579,0.52180001256431,4.6526000879501695e-06,0.2958023315100266,2.4790116575501333,0.2438434082513653,0.001580298906404369,0.29856629724242095,0.002791397783454526,,,,
kde_samples,,,,,,,,,,,,,,,,,,,,,,,,,,,,,,,,,,,,,598.0,0.008565742334149175,59.26695411012892,25.645033569173485,7.286239335687932e-12,8.199413638789271e-13,0.6957033765572344,0.6565627012457875,0.7055432811422282,0.6644346249137826,0.5365171959300601,4.7556203715104205e-06,0.27802150148255156,2.3901075074127576,0.3183457599839121,0.0018187064319485188,0.3414239208047616,0.0030485435248285694,,,,
kde_samples,,,,,,,,,,,,,,,,,,,,,,,,,,,,,,,,,,,,,599.0,-0.0017412733887503876,35.115442720148174,1.4935221791927376,0.22458024897963366,0.025272658111393752,0.6474888512383528,0.6179910809906822,0.7342626545753271,0.6874101236602617,0.485012602326117,4.3950882162828185e-06,0.2410941835745608,2.205470917872804,0.22185248167697635,0.0015099279413663244,0.3213702932895812,0.0029282217597374873,,,,
kde_samples,,,,,,,,,,,,,,,,,,,,,,,,,,,,,,,,,,,,,600.0,0.0010288069882202072,41.60632520002342,7.984404659067984,0.00034073528956745947,3.8343917236043665e-05,0.6885164672283297,0.6508131737826638,0.6750578470993694,0.6400462776794955,0.5076893190448082,4.553825233313657e-06,0.31957765832593904,2.5978882916296953,0.22533661177128533,0.0015210771576681132,0.2686095960313873,0.0026116575761883235,,,,
kde_samples,,,,,,,,,,,,,,,,,,,,,,,,,,,,,,,,,,,,,601.0,0.006477715862201076,54.374267761761814,20.752347220806378,9.713374100620112e-10,1.0930737848424985e-10,0.6496041170690694,0.6196832936552555,0.7266102218137355,0.6812881774509884,0.5159511121917971,4.61165778534258e-06,0.31081165701485747,2.5540582850742872,0.31525541021800657,0.0018088173126976212,0.3243013112742365,0.002945807867645419,,,,
kde_samples,,,,,,,,,,,,,,,,,,,,,,,,,,,,,,,,,,,,,602.0,0.0007802019670965291,41.02379120951682,7.401870668561386,0.0006101103786489005,6.865746689596443e-05,0.6676200418075754,0.6340960334460604,0.6378863418030282,0.6103090734424226,0.5095485292415102,4.566839704690571e-06,0.30340671204036707,2.517033560201835,0.23405909403197436,0.001548989100902318,0.2980225375137387,0.0027881352250824325,,,,
kde_samples,,,,,,,,,,,,,,,,,,,,,,,,,,,,,,,,,,,,,603.0,0.00449461292114204,49.72743937262088,16.105518831665442,1.012656240089057e-07,1.1395710467157375e-08,0.6899738795170145,0.6519791036136116,0.6635399886559523,0.6308319909247618,0.48442128982927374,4.390949028804916e-06,0.33015999056867074,2.6507999528433537,0.2999520249845131,0.001759846479950442,0.2909579521355001,0.0027457477128130002,,,,
kde_samples,,,,,,,,,,,,,,,,,,,,,,,,,,,,,,,,,,,,,604.0,0.002301326805100236,44.588107480909315,10.966186939953879,1.7276092649915123e-05,1.944128145844482e-06,0.7194578663144512,0.6755662930515609,0.6427989321932326,0.614239145754586,0.5490116310188823,4.843081417132175e-06,0.3198632672003185,2.5993163360015927,0.26625755271278273,0.001652024168680905,0.3274849601665882,0.002964909760999529,,,,
kde_samples,,,,,,,,,,,,,,,,,,,,,,,,,,,,,,,,,,,,,605.0,0.002135259937643713,44.19897779015278,10.577057249197345,2.5494259489608237e-05,2.868941978697577e-06,0.6982871806779091,0.6586297445423273,0.6806641000291636,0.6445312800233308,0.5521383353734768,4.864968347614337e-06,0.302833280240231,2.514166401201155,0.285635014097224,0.001714032045111117,0.26318020562020406,0.0025790812337212242,,,,
kde_samples,,,,,,,,,,,,,,,,,,,,,,,,,,,,,,,,,,,,,606.0,0.003374139509268591,47.10193388232564,13.480013341370203,1.3986356372106112e-06,1.573924708082438e-07,0.6558649009832057,0.6246919207865645,0.6387543604805755,0.6110034883844604,0.5274943123057023,4.692460186139916e-06,0.30445327167369207,2.5222663583684604,0.27745778667917126,0.0016878649173733482,0.3357892441576408,0.0030147354649458446,,,,
kde_samples,,,,,,,,,,,,,,,,,,,,,,,,,,,,,,,,,,,,,607.0,0.0024137944795721497,44.85164295946478,11.229722418509347,1.3273746531821898e-05,1.4937326834402753e-06,0.7221912626669496,0.6777530101335596,0.6388087123869205,0.6110469699095364,0.5289999557817614,4.702999690472329e-06,0.23848758215541285,2.1924379107770644,0.24325405202161768,0.0015784129664691768,0.3283635526812627,0.0029701813160875764,,,,
kde_samples,,,,,,,,,,,,,,,,,,,,,,,,,,,,,,,,,,,,,608.0,0.00219831363265386,44.34672589437218,10.724805353416741,2.199258177712651e-05,2.4748881647672904e-06,0.6683991835748007,0.6347193468598405,0.6539671718175396,0.6231737374540317,0.5437361109522625,4.806152776665837e-06,0.30818321430340306,2.5409160715170156,0.27772327903692406,0.001688714492918157,0.30614257212043683,0.002836855432722621,,,,
kde_samples,,,,,,,,,,,,,,,,,,,,,,,,,,,,,,,,,,,,,609.0,0.006619642804158159,54.70683251642751,21.084911975472075,6.965287989456754e-10,7.838237904033196e-11,0.7167343719413823,0.6733874975531059,0.6892082870422269,0.6513666296337816,0.5054924180034742,4.53844692602432e-06,0.2804532549627717,2.4022662748138583,0.3122546578763352,0.0017992149052042726,0.3271091911687168,0.0029626551470123006,,,,
kde_samples,,,,,,,,,,,,,,,,,,,,,,,,,,,,,,,,,,,,,610.0,0.011929241952835186,67.14834301403936,33.52642247308392,2.752071557761911e-15,3.096984881502871e-16,0.6581205733748675,0.626496458699894,0.6556497413858067,0.6245197931086454,0.5031201586461118,4.521841110522783e-06,0.23596694768242246,2.1798347384121124,0.29889908757090294,0.0017564770802268896,0.2998482844655268,0.0027990897067931607,,,,
kde_samples,,,,,,,,,,,,,,,,,,,,,,,,,,,,,,,,,,,,,611.0,0.0062686131511215035,53.884296013965404,20.262375473009968,1.5854850154154633e-09,1.7841916605483237e-10,0.7001387387141651,0.6601109909713321,0.640382443367511,0.6123059546940088,0.47573490664905316,4.330144346543372e-06,0.25679435445034526,2.2839717722517263,0.2831157783282812,0.0017059704906505,0.2878283272339502,0.002726969963403701,,,,
kde_samples,,,,,,,,,,,,,,,,,,,,,,,,,,,,,,,,,,,,,612.0,0.00910916356892729,60.54030466029272,26.918384119337283,2.039361964817185e-12,2.2949523805576915e-13,0.6930724240809187,0.654457939264735,0.6718808106057182,0.6375046484845746,0.4998511485644119,4.498958039950883e-06,0.23995252680273166,2.1997626340136582,0.2995236466141732,0.0017584756691653544,0.28487412119033284,0.002709244727141997,,,,
kde_samples,,,,,,,,,,,,,,,,,,,,,,,,,,,,,,,,,,,,,613.0,0.003968402945226657,48.494418431495674,14.872497890540238,3.4750114028883174e-07,3.9105297779928784e-08,0.7124391177009357,0.6699512941607486,0.675895745550542,0.6407165964404336,0.5135718772422864,4.5950031406960044e-06,0.24467147367671602,2.22335736838358,0.27583140867330963,0.0016826605077545909,0.29032433283073406,0.0027419459969844043,,,,
kde_samples,,,,,,,,,,,,,,,,,,,,,,,,,,,,,,,,,,,,,614.0,0.002193695797265402,44.33590533224442,10.713984791288986,2.2231846026927606e-05,2.5018132555131404e-06,0.7262162823333344,0.6809730258666675,0.7310252348920061,0.6848201879136049,0.49704838749843105,4.479338712489017e-06,0.28165308381468535,2.4082654190734267,0.290238334021959,0.0017287626688702689,0.2934933060929309,0.0027609598365575857,,,,
kde_samples,,,,,,,,,,,,,,,,,,,,,,,,,,,,,,,,,,,,,615.0,0.002990077321710742,46.20199518555465,12.580074644599215,3.439877682585044e-06,3.870992797094505e-07,0.7042427353688089,0.6633941882950471,0.7288969569218966,0.6831175655375172,0.5169037159396342,4.618326011577439e-06,0.2656968123931272,2.3284840619656357,0.29215729715908045,0.0017349033509090576,0.2727060124005612,0.0026362360744033673,,,,
kde_samples,,,,,,,,,,,,,,,,,,,,,,,,,,,,,,,,,,,,,616.0,0.001458421475765699,42.613002541768736,8.9910820008133,0.00012451529467454256,1.401206244202951e-05,0.7238942423229906,0.6791153938583925,0.6704676241756792,0.6363740993405433,0.4633180601677021,4.243226421173915e-06,0.2555495444409905,2.2777477222049525,0.22129103488355956,0.0015081313116273908,0.31394658358256633,0.0028836795014953983,,,,
kde_samples,,,,,,,,,,,,,,,,,,,,,,,,,,,,,,,,,,,,,617.0,0.00563530896538407,52.400330755119626,18.77841021416419,6.9926222068104275e-09,7.868997881059695e-10,0.738879580194816,0.6911036641558528,0.6995990203010303,0.6596792162408243,0.4553046851712805,4.187132796198963e-06,0.2933725992738765,2.4668629963693824,0.3075270393579921,0.0017840865259455747,0.2777005960283919,0.0026662035761703517,,,,
kde_samples,,,,,,,,,,,,,,,,,,,,,,,,,,,,,,,,,,,,,618.0,0.009371521320580549,61.15506419861627,27.533143657660837,1.1028276344191397e-12,1.2410434972400267e-13,0.6503215875046986,0.6202572700037589,0.6555038522417114,0.6244030817933691,0.5148713106867581,4.6040991748073065e-06,0.28484977202843365,2.424248860142168,0.31095281653874846,0.0017950490129239952,0.2996904380088965,0.0027981426280533793,,,,
kde_samples,,,,,,,,,,,,,,,,,,,,,,,,,,,,,,,,,,,,,619.0,0.0007801021773274838,41.02355738104421,7.401636840088777,0.0006102530565072858,6.867352284367764e-05,0.7191203068272335,0.6752962454617868,0.6630452942257304,0.6304362353805844,0.5008858485739479,4.506200940017635e-06,0.30380750852739563,2.519037542636978,0.22052685998277413,0.0015056859519448772,0.2659157629558919,0.0025954945777353516,,,,
kde_samples,,,,,,,,,,,,,,,,,,,,,,,,,,,,,,,,,,,,,620.0,0.0016113043675411234,42.97123939725775,9.349318856302311,8.702467522021321e-05,9.793135745855275e-06,0.670016315958368,0.6360130527666944,0.6809644134322209,0.6447715307457768,0.5533285507633585,4.8732998553435096e-06,0.32450695374282745,2.622534768714137,0.24051321195407488,0.0015696422782530395,0.2804932055780051,0.002682959233468031,,,,
kde_samples,,,,,,,,,,,,,,,,,,,,,,,,,,,,,,,,,,,,,621.0,0.0003329220741112096,39.97572009753201,6.3537995565765755,0.0017401228643092986,0.00019582100572653778,0.6925825514984307,0.6540660411987446,0.7217236016011104,0.6773788812808883,0.513777776427489,4.5964444349924225e-06,0.32218062819339127,2.6109031409669563,0.26106281119608765,0.0016354009958274806,0.2803189528481426,0.0026819137170888555,,,,
kde_samples,,,,,,,,,,,,,,,,,,,,,,,,,,,,,,,,,,,,,622.0,0.0008179038199689834,41.11213460139207,7.490214060436635,0.0005585233899215372,6.285223542513635e-05,0.6809283767152523,0.6447427013722018,0.7043703833179078,0.6634963066543262,0.5063018798175012,4.544113158722508e-06,0.2992086786020803,2.4960433930104013,0.2770203459604375,0.0016864651070734001,0.31934400715648464,0.002916064042938908,,,,
kde_samples,,,,,,,,,,,,,,,,,,,,,,,,,,,,,,,,,,,,,623.0,-0.0017814377180195295,35.02132922678661,1.399408685831176,0.24674282334048872,0.02776667602808519,0.6499437925250042,0.6199550340200034,0.7130827819393328,0.6704662255514663,0.5500736822393143,4.8505157756752e-06,0.284167589470803,2.420837947354015,0.22595986980708155,0.0015230715833826612,0.31889784618084194,0.002913387077085052,,,,
kde_samples,,,,,,,,,,,,,,,,,,,,,,,,,,,,,,,,,,,,,624.0,0.00511487586648645,51.18084625507922,17.55892571412378,2.3673117527637374e-08,2.664003662054352e-09,0.6613140753229345,0.6290512602583476,0.6844322274724807,0.6475457819779845,0.5078883094101796,4.555218165871257e-06,0.32128616213453043,2.606430810672652,0.3068044417019698,0.0017817742134463035,0.2871615998257383,0.00272296959895443,,,,
kde_samples,,,,,,,,,,,,,,,,,,,,,,,,,,,,,,,,,,,,,625.0,0.009781063746119784,62.11470846626939,28.492787925313955,4.22415095664993e-13,4.753557956381631e-14,0.7369880851099849,0.689590468087988,0.6480816114397169,0.6184652891517735,0.5058138635286304,4.540697044700413e-06,0.24035753885805786,2.201787694290289,0.30791231539174524,0.0017853194092535846,0.25862046238578085,0.002551722774314685,,,,
kde_samples,,,,,,,,,,,,,,,,,,,,,,,,,,,,,,,,,,,,,626.0,0.002858347749813535,45.893325019368305,12.271404478412869,4.6837828258286445e-06,5.27079485230777e-07,0.705838841565164,0.6646710732521312,0.6504431644369321,0.6203545315495457,0.5383939247457983,4.768757473220588e-06,0.3324889618265742,2.662444809132871,0.28540408094488307,0.001713293059023626,0.30392603891593656,0.002823556233495619,,,,
kde_samples,,,,,,,,,,,,,,,,,,,,,,,,,,,,,,,,,,,,,627.0,-0.0014671950994738711,35.75766594975882,2.1357454088033805,0.11815648266022992,0.013296487128694988,0.6519368432136472,0.6215494745709178,0.7042941449083078,0.6634353159266462,0.4861144400296716,4.402801080207701e-06,0.3255820129790793,2.6279100648953966,0.23600820587778498,0.001555226258808912,0.3055061299700691,0.0028330367798204146,,,,
kde_samples,,,,,,,,,,,,,,,,,,,,,,,,,,,,,,,,,,,,,628.0,-0.00010928743293110027,38.93952996905847,5.317609428103033,0.004904464196578708,0.0005519133914173618,0.6628774243961958,0.6303019395169567,0.6832419459040454,0.6465935567232364,0.4974271128211246,4.481989789747872e-06,0.3207993126937402,2.603996563468701,0.219809925122252,0.0015033917603912064,0.2698708329725468,0.0026192249978352813,,,,
kde_samples,,,,,,,,,,,,,,,,,,,,,,,,,,,,,,,,,,,,,629.0,0.0030492275839968316,46.340596723742756,12.71867618278732,2.994670998182384e-06,3.369988974410349e-07,0.6927860368282894,0.6542288294626315,0.6672944703003183,0.6338355762402547,0.522880174387068,4.660161220709476e-06,0.2846495662575873,2.4232478312879366,0.28005447411226003,0.0016961743171592322,0.28502332451672646,0.0027101399471003585,,,,
kde_samples,,,,,,,,,,,,,,,,,,,,,,,,,,,,,,,,,,,,,630.0,0.002500137991006325,45.05396401493968,11.432043473984244,1.0842429385766759e-05,1.2201296071599858e-06,0.7111609713892258,0.6689287771113807,0.6448899019462343,0.6159119215569875,0.5071964094690984,4.550374866283689e-06,0.3286559852471329,2.6432799262356648,0.26643924866656804,0.0016526055957330177,0.2653017852046322,0.0025918107112277936,,,,
kde_samples,,,,,,,,,,,,,,,,,,,,,,,,,,,,,,,,,,,,,631.0,0.0008102691776248061,41.09424502438055,7.472324483425112,0.0005686050465306334,6.398675309459208e-05,0.7008000597126955,0.6606400477701564,0.6830851726921289,0.6464681381537031,0.495571850640838,4.469002954485866e-06,0.2904880332473275,2.4524401662366375,0.24745822985617855,0.0015918663355397715,0.2976658817209581,0.0027859952903257486,,,,
kde_samples,,,,,,,,,,,,,,,,,,,,,,,,,,,,,,,,,,,,,632.0,0.003915003532635394,48.36929234688606,14.747371805930626,3.938200310719111e-07,4.4317695113079433e-08,0.7367709357794726,0.689416748623578,0.6632029748122727,0.6305623798498182,0.4765538213632299,4.335876749542609e-06,0.2711649550940257,2.3558247754701287,0.2672190612612773,0.0016551009960360874,0.26870827872735764,0.0026122496723641458,,,,
kde_samples,,,,,,,,,,,,,,,,,,,,,,,,,,,,,,,,,,,,,633.0,0.00729447822435355,56.28811421574623,22.666193674790797,1.4328382324645336e-10,1.612413867316256e-11,0.6757157092883309,0.6405725674306647,0.7156564990378914,0.6725251992303132,0.5102666502675803,4.571866551873062e-06,0.2806151204202656,2.403075602101328,0.3091114427990027,0.0017891566169568086,0.3448284161962084,0.0030689704971772506,,,,
kde_samples,,,,,,,,,,,,,,,,,,,,,,,,,,,,,,,,,,,,,634.0,0.0014455741612751163,42.58289857466596,8.960978033710525,0.00012832069038085027,1.444029451097161e-05,0.7230028459646807,0.6784022767717446,0.7236399495096192,0.6789119596076953,0.5465666550439409,4.825966585307586e-06,0.31335901781978825,2.5667950890989415,0.2727335053117703,0.001672747216997665,0.2742953817966007,0.002645772290779604,,,,
kde_samples,,,,,,,,,,,,,,,,,,,,,,,,,,,,,,,,,,,,,635.0,-0.0011799573227967777,36.43072463343161,2.808804092476173,0.060277035065348615,0.006783147254027651,0.6793078675480138,0.643446294038411,0.7115998434603783,0.6692798747683026,0.48002223994029386,4.3601556795820565e-06,0.30976849387182437,2.548842469359122,0.2331701628773454,0.0015461445212075053,0.3009316538627385,0.002805589923176431,,,,
kde_samples,,,,,,,,,,,,,,,,,,,,,,,,,,,,,,,,,,,,,636.0,0.01043850672212076,63.65523600110889,30.033315460153453,9.051005366503791e-14,1.01853553565516e-14,0.6973418974260528,0.6578735179408423,0.6820618766905918,0.6456495013524735,0.4907865656191654,4.435505959334157e-06,0.2658660247627609,2.329330123813804,0.31795938581869265,0.0018174700346198164,0.32223158905802884,0.002933389534348173,,,,
kde_samples,,,,,,,,,,,,,,,,,,,,,,,,,,,,,,,,,,,,,637.0,0.0008543432755483069,41.197519930194225,7.575599389238789,0.0005128129550910781,5.7708309381586095e-05,0.7154300148837981,0.6723440119070385,0.6647116384400918,0.6317693107520734,0.5422666943986881,4.795866860790817e-06,0.31351397720902124,2.5675698860451064,0.25022668678891813,0.001600725397724538,0.3295866902678532,0.0029775201416071193,,,,
kde_samples,,,,,,,,,,,,,,,,,,,,,,,,,,,,,,,,,,,,,638.0,0.0030631065676523725,46.37311810925819,12.751197568302757,2.898846762104208e-06,3.2621552192964325e-07,0.6431492101671166,0.6145193681336932,0.6611074371079533,0.6288859496863626,0.5006914162543239,4.504839913780267e-06,0.3134223151886386,2.5671115759431933,0.27923402504964123,0.001693548880158852,0.2613908445318969,0.0025683450671913815,,,,
kde_samples,,,,,,,,,,,,,,,,,,,,,,,,,,,,,,,,,,,,,639.0,0.012748962838203058,69.06912191181306,35.44720137085762,4.0315870890173075e-16,4.536860325427972e-17,0.6715052798457901,0.6372042238766321,0.6751357725564615,0.6401086180451692,0.46784915338934957,4.274944073725447e-06,0.23838202283051574,2.191910114152579,0.3063420428385121,0.0017802945370832385,0.31411751464814763,0.002884705087888886,,,,
kde_samples,,,,,,,,,,,,,,,,,,,,,,,,,,,,,,,,,,,,,640.0,0.005609845648050442,52.340664832883434,18.718744291927997,7.422541694991273e-09,8.352798584353298e-10,0.6646911243681946,0.6317528994945556,0.6956009680831977,0.6564807744665582,0.5331403062093234,4.731982143465264e-06,0.2598915673790391,2.2994578368951957,0.2948729154560593,0.0017435933294593898,0.26078264668900175,0.0025646958801340105,,,,
kde_samples,,,,,,,,,,,,,,,,,,,,,,,,,,,,,,,,,,,,,641.0,-0.00017951100799835223,38.77498132387557,5.153060782920136,0.005781681145761184,0.0006506291250891107,0.6603554038071204,0.6282843230456964,0.6757220092808474,0.6405776074246778,0.49836103463997417,4.488527242479819e-06,0.3162827227517468,2.581413613758734,0.24890363892408435,0.0015964916445570698,0.32607497482154474,0.0029564498489292683,,,,
kde_samples,,,,,,,,,,,,,,,,,,,,,,,,,,,,,,,,,,,,,642.0,0.0057092034054614105,52.57348101113593,18.951560470180496,5.880873861478053e-09,6.617915652540089e-10,0.6895560360870886,0.6516448288696709,0.66176364732963,0.629410917863704,0.4881496440999924,4.417047508699947e-06,0.2750294090515169,2.3751470452575845,0.2943983835592167,0.0017420748273894934,0.3180663347234908,0.0029083980083409447,,,,
kde_samples,,,,,,,,,,,,,,,,,,,,,,,,,,,,,,,,,,,,,643.0,0.0077222110081534776,57.29038232880059,23.668461787845153,5.2591753405185376e-11,5.918300515414034e-12,0.7274007953920654,0.6819206363136523,0.6756671372939042,0.6405337098351234,0.4911685267383691,4.438179687168583e-06,0.25412353506524177,2.270617675326209,0.30278699197604947,0.0017689183743233583,0.3142003750470678,0.002885202250282407,,,,
kde_samples,,,,,,,,,,,,,,,,,,,,,,,,,,,,,,,,,,,,,644.0,0.0008146004820421757,41.10439418401918,7.4824736430637415,0.0005628633690280978,6.334062569395578e-05,0.6724851442763506,0.6379881154210805,0.6773437654140136,0.6418750123312109,0.45668790820875477,4.196815357461283e-06,0.28754015054290705,2.437700752714535,0.23298270164776627,0.0015455446452728521,0.28961554207823303,0.002737693252469398,,,,
kde_samples,,,,,,,,,,,,,,,,,,,,,,,,,,,,,,,,,,,,,645.0,-0.00026410120128984166,38.57676866255004,4.954848121594601,0.007049150812119051,0.0007932611138323843,0.6443836929966199,0.615506954397296,0.7124476076404287,0.669958086112343,0.4872697771870806,4.410888440309564e-06,0.3273906221255716,2.636953110627858,0.25741267387136474,0.0016237205563883672,0.2767168928373887,0.0026603013570243323,,,,
kde_samples,,,,,,,,,,,,,,,,,,,,,,,,,,,,,,,,,,,,,646.0,0.0016864794338077305,43.147390430494916,9.52546988953948,7.29694359913107e-05,8.211459452771657e-06,0.7286647589880167,0.6829318071904134,0.6492573091762007,0.6194058473409606,0.5317166958004067,4.722016870602847e-06,0.2679049392872932,2.3395246964364658,0.2409864243960739,0.0015711565580674366,0.28551067523420637,0.002713064051405238,,,,
kde_samples,,,,,,,,,,,,,,,,,,,,,,,,,,,,,,,,,,,,,647.0,-0.0016243479326784813,35.389423721052765,1.7675031800973287,0.17075881100141374,0.019215977671919807,0.6456651102292762,0.616532088183421,0.7068289523701873,0.6654631618961498,0.4680774496212954,4.2765421473490675e-06,0.32727767242798794,2.6363883621399395,0.23465608676426616,0.0015508994776456519,0.31181290579235843,0.0028708774347541506,,,,
kde_samples,,,,,,,,,,,,,,,,,,,,,,,,,,,,,,,,,,,,,648.0,0.0018112819018113388,43.439828931465684,9.817908390510247,5.446738964545316e-05,6.129371229143302e-06,0.6963435092763475,0.6570748074210779,0.698345501192025,0.65867640095362,0.5320359795147909,4.724251856603536e-06,0.30455944971271476,2.522797248563574,0.2890634286691891,0.0017250029717414052,0.2959642266628501,0.0027757853599771004,,,,
kde_samples,,,,,,,,,,,,,,,,,,,,,,,,,,,,,,,,,,,,,649.0,0.004999443196959351,50.91036316784906,17.288442626893627,3.102592700864853e-08,3.4914363548939675e-09,0.6490572954353867,0.6192458363483093,0.650130779639296,0.6201046237114368,0.4901012259739927,4.430708581817949e-06,0.24567872025226364,2.228393601261318,0.26221564317407675,0.0016390900581570458,0.3313731079768923,0.002988238647861354,,,,
kde_samples,,,,,,,,,,,,,,,,,,,,,,,,,,,,,,,,,,,,,650.0,0.0045775232988319245,49.921715871751076,16.29979533079564,8.338517253018326e-08,9.383572092780128e-09,0.7278268768734438,0.6822615014987551,0.6861682348351281,0.6489345878681025,0.4664949860874961,4.265464902612473e-06,0.30372615553907023,2.518630777695351,0.2949986847916065,0.0017439957913331409,0.2709052469565259,0.0026254314817391556,,,,
kde_samples,,,,,,,,,,,,,,,,,,,,,,,,,,,,,,,,,,,,,651.0,-0.0010533205287971137,36.72746134703518,3.1055408060797447,0.04480028374086762,0.005041504136808828,0.6924130934011581,0.6539304747209265,0.7193908013095165,0.6755126410476132,0.5394781668827443,4.77634716817921e-06,0.254580580638773,2.272902903193865,0.22159550662691666,0.0015091056212061334,0.29400729666091374,0.0027640437799654827,,,,
kde_samples,,,,,,,,,,,,,,,,,,,,,,,,,,,,,,,,,,,,,652.0,-0.0008928168263803021,37.10355536893924,3.481634827983804,0.030757087361567317,0.003461183060054636,0.6773080535669609,0.6418464428535687,0.7199704276460287,0.675976342116823,0.471202956689968,4.298420696829775e-06,0.2943524782188481,2.4717623910942406,0.24197047383065176,0.0015743055162580856,0.30033055043374174,0.0028019833026024506,,,,
kde_samples,,,,,,,,,,,,,,,,,,,,,,,,,,,,,,,,,,,,,653.0,0.002602926552112826,45.294819289741284,11.672898748785848,8.521665553009098e-06,9.589674116015909e-07,0.7384654375187049,0.6907723500149638,0.6512488163453994,0.6209990530763195,0.4779979897677227,4.345985928374058e-06,0.312919264196737,2.564596320983685,0.2481039025052034,0.001593932488016651,0.28244726121684677,0.002694683567301081,,,,
kde_samples,,,,,,,,,,,,,,,,,,,,,,,,,,,,,,,,,,,,,654.0,-0.0008502788145503884,37.203230901104654,3.5813103601492173,0.02783919497256835,0.003132824279226602,0.7122688765524876,0.6698151012419901,0.7340406742588874,0.6872325394071099,0.4601113361363407,4.220779352954385e-06,0.25838128825328777,2.291906441266439,0.23007335379773566,0.0015362347321527543,0.3287983320975642,0.0029727899925853854,,,,
kde_samples,,,,,,,,,,,,,,,,,,,,,,,,,,,,,,,,,,,,,655.0,0.004176342015062749,48.98166352246907,15.359742981513634,2.1347566724685127e-07,2.402302775040823e-08,0.6654412438322912,0.632352995065833,0.7192157195367703,0.6753725756294162,0.5004843175760842,4.503390223032589e-06,0.3269016158568478,2.634508079284239,0.3057246618597368,0.0017783189179511579,0.3250902089678425,0.0029505412538070553,,,,
kde_samples,,,,,,,,,,,,,,,,,,,,,,,,,,,,,,,,,,,,,656.0,0.0007228958337079164,40.8895108542268,7.267590313271363,0.0006977914282357459,7.852446632767965e-05,0.7117902725095183,0.6694322180076147,0.7155106196538469,0.6724084957230775,0.5140060846716181,4.5980425927013265e-06,0.3154342252827195,2.5771711264135977,0.2814499686817573,0.0017006398997816234,0.29136301919035273,0.0027481781151421168,,,,
kde_samples,,,,,,,,,,,,,,,,,,,,,,,,,,,,,,,,,,,,,657.0,0.0023487949876294933,44.6993354427014,11.07741490174596,1.5457520616728386e-05,1.7394790306418424e-06,0.742048884012082,0.6936391072096656,0.6908293401060501,0.6526634720848401,0.5024512966911592,4.5171590768381145e-06,0.32067468962164836,2.6033734481082416,0.2839258381720914,0.0017085626821506925,0.2799382424536624,0.0026796294547219747,,,,
kde_samples,,,,,,,,,,,,,,,,,,,,,,,,,,,,,,,,,,,,,658.0,0.0015213625245691573,42.76048669217094,9.138566151215507,0.00010744127365865919,1.2090673995442188e-05,0.6908186279215026,0.6526549023372021,0.7173837817363331,0.6739070253890664,0.5227638959520977,4.659347271664684e-06,0.3279848505557993,2.6399242527789966,0.2762600980664899,0.0016840323138127677,0.2522939846964618,0.002513763908178771,,,,
kde_samples,,,,,,,,,,,,,,,,,,,,,,,,,,,,,,,,,,,,,659.0,0.0014402227066308906,42.57035898791576,8.948438446960324,0.0001299399097634017,1.4622509901899756e-05,0.6436285204765326,0.6149028163812261,0.655839405281938,0.6246715242255504,0.45979531439660926,4.218567200776264e-06,0.2762851524709437,2.3814257623547186,0.23279319930002648,0.0015449382377600847,0.2790531161925407,0.0026743186971552443,,,,
kde_samples,,,,,,,,,,,,,,,,,,,,,,,,,,,,,,,,,,,,,660.0,0.013164150379869559,70.0419938769987,36.42007333604327,1.5239233364941535e-16,1.7149145415135705e-17,0.6531541162399955,0.6225232929919964,0.7346018201718438,0.6876814561374751,0.540889651113986,4.786227557797902e-06,0.2484976020062195,2.2424880100310975,0.3094668121370187,0.0017902937988384599,0.3368059863845072,0.003020835918307043,,,,
kde_samples,,,,,,,,,,,,,,,,,,,,,,,,,,,,,,,,,,,,,661.0,0.0013935274083505186,42.460942056905225,8.839021515949788,0.000144964522781939,1.6313272601641548e-05,0.7023832524834309,0.6619066019867448,0.7300589036575104,0.6840471229260083,0.5348178779867436,4.743725145907205e-06,0.310892337292387,2.554461686461935,0.22574614445945096,0.001522387662270243,0.29887502434539276,0.0027932501460723566,,,,
kde_samples,,,,,,,,,,,,,,,,,,,,,,,,,,,,,,,,,,,,,662.0,0.0012293757323215485,42.07630006354046,8.454379522585022,0.0002129656820045824,2.396563765164275e-05,0.699571956440583,0.6596575651524664,0.6981564802892218,0.6585251842313775,0.5339638423737225,4.7377468966160575e-06,0.270058848094067,2.350294240470335,0.27084517020012594,0.001666704544640403,0.3325551893783254,0.0029953311362699523,,,,
kde_samples,,,,,,,,,,,,,,,,,,,,,,,,,,,,,,,,,,,,,663.0,0.0045195260300324655,49.785816040446285,16.16389549949085,9.552331343720016e-08,1.0749511825435693e-08,0.6755694689050024,0.6404555751240019,0.7167146099037535,0.6733716879230027,0.48738504346494055,4.411695304254584e-06,0.25244138369223634,2.2622069184611817,0.2895729554751645,0.0017266334575205264,0.2986592808173313,0.0027919556849039877,,,,
kde_samples,,,,,,,,,,,,,,,,,,,,,,,,,,,,,,,,,,,,,664.0,0.0021013633445116156,44.11955092430522,10.497630383349787,2.7601777549440333e-05,3.1061070171714396e-06,0.7225529489938831,0.6780423591951065,0.7182936078046216,0.6746348862436973,0.5514235411620384,4.859964788134268e-06,0.3153012243279071,2.5765061216395355,0.3021738943195794,0.0017669564618226542,0.2598172659644645,0.0025589035957867875,,,,
kde_samples,,,,,,,,,,,,,,,,,,,,,,,,,,,,,,,,,,,,,665.0,0.004831361430866987,50.516512144685414,16.894591603729978,4.6001510514257585e-08,5.176681623235474e-09,0.6897960802567846,0.6518368642054277,0.6520836522446574,0.6216669217957259,0.5143614536965646,4.6005301758759525e-06,0.331561678914598,2.65780839457299,0.3019748742259646,0.0017663195975230867,0.2586835140341359,0.0025521010842048156,,,,
kde_samples,,,,,,,,,,,,,,,,,,,,,,,,,,,,,,,,,,,,,666.0,0.004865344132819659,50.59614078165827,16.974220240702834,4.248051907945566e-08,4.780454380861348e-09,0.6614798700364628,0.6291838960291702,0.6513236420075462,0.6210589136060369,0.4735861638994261,4.315103147295982e-06,0.2683316567288084,2.341658283644042,0.27237790101918646,0.0016716092832613967,0.256378256020106,0.002538269536120636,,,,
kde_samples,,,,,,,,,,,,,,,,,,,,,,,,,,,,,,,,,,,,,667.0,0.006252646815847689,53.846883523426065,20.22496298247063,1.6459255238405613e-09,1.8522070943385336e-10,0.6955598888377077,0.6564479110701662,0.6546322822050671,0.6237058257640536,0.5261216193293801,4.68285133530566e-06,0.25104319725614765,2.255215986280738,0.28654983536004686,0.00171695947315215,0.3149743153498825,0.002889845892099295,,,,
kde_samples,,,,,,,,,,,,,,,,,,,,,,,,,,,,,,,,,,,,,668.0,0.000589421625193369,40.576752636535744,6.954832095580308,0.0009540141106569932,0.00010735793802715947,0.7344837796595477,0.6875870237276381,0.7280579525500752,0.6824463620400602,0.5156925950059583,4.609848165041708e-06,0.26445478295075636,2.322273914753782,0.26026524389528594,0.001632848780464915,0.3081041996688578,0.002848625198013147,,,,
kde_samples,,,,,,,,,,,,,,,,,,,,,,,,,,,,,,,,,,,,,669.0,-0.0006811591955429297,37.599513832511576,3.97759329155614,0.01873066438305119,0.002107815265602636,0.7070716819030841,0.6656573455224672,0.7301446887780645,0.6841157510224516,0.49949776302888976,4.496484341202228e-06,0.30097592843576404,2.50487964217882,0.23970640400134463,0.001567060492804303,0.2663632153100981,0.0025981792918605886,,,,
kde_samples,,,,,,,,,,,,,,,,,,,,,,,,,,,,,,,,,,,,,670.0,0.008283026521404863,58.60449134154578,24.982570800590345,1.4132121335630196e-11,1.5903280565714589e-12,0.687012349550371,0.6496098796402968,0.7103604904552332,0.6682883923641866,0.4778171400887629,4.34471998062134e-06,0.25867721402117305,2.293386070105865,0.31293026031984117,0.0018013768330234917,0.2759672280035798,0.0026558033680214787,,,,
kde_samples,,,,,,,,,,,,,,,,,,,,,,,,,,,,,,,,,,,,,671.0,0.0008910610408560324,41.283557397380186,7.6616368564247495,0.0004705365792747435,5.295082782633182e-05,0.6719433338209772,0.6375546670567818,0.6901908862740774,0.6521527090192619,0.505991305613969,4.541939139297783e-06,0.2979754780549381,2.4898773902746907,0.26689035634588015,0.0016540491403068166,0.27745057447433036,0.002664703446845982,,,,
kde_samples,,,,,,,,,,,,,,,,,,,,,,,,,,,,,,,,,,,,,672.0,0.0006184305191420242,40.64472659247481,7.022806051519375,0.0008913208881349825,0.00010030289028409639,0.6487929957671769,0.6190343966137415,0.690527231215068,0.6524217849720544,0.5150765230653556,4.605535661457489e-06,0.3309381119588405,2.6546905597942025,0.2291346586581847,0.001533230907706191,0.29514410587989576,0.0027708646352793747,,,,
kde_samples,,,,,,,,,,,,,,,,,,,,,,,,,,,,,,,,,,,,,673.0,0.0005477623298808867,40.47913612247507,6.8572155815196325,0.001051838617850317,0.00011836640977142515,0.6873359419488031,0.6498687535590425,0.6781698775250259,0.6425359020200208,0.4913853155962302,4.439697209173612e-06,0.32842713853385186,2.6421356926692594,0.2555419680086356,0.001617734297627634,0.3087368894392483,0.0028524213366354903,,,,
kde_samples,,,,,,,,,,,,,,,,,,,,,,,,,,,,,,,,,,,,,674.0,0.00040488959242179073,40.144355169498084,6.522434628542648,0.0014700856294777205,0.00016543294291045498,0.6779064746424948,0.6423251797139958,0.6853609814673485,0.6482887851738788,0.4750910949492841,4.3256376646449885e-06,0.3126681154770853,2.5633405773854263,0.25297808576140285,0.001609529874436489,0.3415870364863305,0.003049522218917983,,,,
kde_samples,,,,,,,,,,,,,,,,,,,,,,,,,,,,,,,,,,,,,675.0,0.005815875888663641,52.82343713445224,19.201516593496805,4.5802301293631e-09,5.154264039550324e-10,0.7284506986893052,0.6827605589514442,0.7297323911892477,0.6837859129513981,0.5233882694370353,4.663717886059247e-06,0.27919808459069106,2.395990422953455,0.3192776905843626,0.0018216886098699606,0.3245722692437454,0.0029474336154624724,,,,
kde_samples,,,,,,,,,,,,,,,,,,,,,,,,,,,,,,,,,,,,,676.0,0.00033435835391173313,39.9790856039884,6.357165063032966,0.0017342763133954549,0.00019516307662080493,0.6695083450354634,0.6356066760283707,0.7253925915733309,0.6803140732586648,0.5441681282065283,4.809176897445698e-06,0.2576957621996428,2.288478810998214,0.24652510808931288,0.0015888803458858013,0.25755328231408725,0.0025453196938845235,,,,
kde_samples,,,,,,,,,,,,,,,,,,,,,,,,,,,,,,,,,,,,,677.0,0.006113903213401849,53.52177800454024,19.8998574635848,2.2782517519009043e-09,2.56378189440412e-10,0.6651286328018324,0.6321029062414659,0.7098631936585077,0.6678905549268062,0.45736763541011244,4.201573447870787e-06,0.2653944967222396,2.326972483611198,0.2965467213665647,0.001748949508373007,0.3145208182956567,0.0028871249097739402,,,,
kde_samples,,,,,,,,,,,,,,,,,,,,,,,,,,,,,,,,,,,,,678.0,0.001526502807039802,42.7725314579863,9.15061091703086,0.00010615493107756763,1.1945918183594269e-05,0.6685762760867808,0.6348610208694246,0.6925268255809762,0.6540214604647809,0.4551879056836548,4.186315339785583e-06,0.3335468776809298,2.667734388404649,0.26707577979381025,0.001654642495340193,0.2520913060160659,0.0025125478360963956,,,,
kde_samples,,,,,,,,,,,,,,,,,,,,,,,,,,,,,,,,,,,,,679.0,0.0015487035456166962,42.82455247018041,9.202631929224971,0.0001007738229282771,1.1340366684139893e-05,0.7063369590634714,0.6650695672507771,0.7223285860654943,0.6778628688523954,0.4771758312029879,4.340230818420915e-06,0.2577521199930454,2.288760599965227,0.2713836269472203,0.001668427606231105,0.3300722241890298,0.002980433345134179,,,,
kde_samples,,,,,,,,,,,,,,,,,,,,,,,,,,,,,,,,,,,,,680.0,0.0007002686901060942,40.83649068513867,7.214570144183234,0.000735786808041266,8.280019515067399e-05,0.6803960334670301,0.6443168267736241,0.6734865141421343,0.6387892113137075,0.5116282113639687,4.581397479547781e-06,0.263885008930173,2.319425044650865,0.24451412918103924,0.0015824452133793255,0.3065925646503558,0.0028395553879021346,,,,
kde_samples,,,,,,,,,,,,,,,,,,,,,,,,,,,,,,,,,,,,,681.0,0.005756134120311049,52.68344957281308,19.061529031857646,5.268453179213559e-09,5.928741132806582e-10,0.7331804231405034,0.6865443385124027,0.6470631053194082,0.6176504842555266,0.5327329800315639,4.729130860220947e-06,0.2841344240691246,2.420672120345623,0.2978784840871665,0.001753211149078933,0.28719708087572826,0.00272318248525437,,,,
kde_samples,,,,,,,,,,,,,,,,,,,,,,,,,,,,,,,,,,,,,682.0,0.005515933078802555,52.1206078787824,18.498687337826965,9.2495832746421e-09,1.040882075939343e-09,0.7289821593314494,0.6831857274651595,0.6973897962064632,0.6579118369651706,0.5300572794002584,4.710400955801808e-06,0.29144821590949166,2.457241079547458,0.3108053234109363,0.0017945770349149961,0.3440855222597509,0.0030645131335585054,,,,
kde_samples,,,,,,,,,,,,,,,,,,,,,,,,,,,,,,,,,,,,,683.0,0.002128544134556133,44.183241247284975,10.56132070632954,2.5898624304404175e-05,2.914446308499712e-06,0.7266598898985897,0.6813279119188718,0.670333762261858,0.6362670098094865,0.49214917383338586,4.445044216833701e-06,0.2645665924556335,2.3228329622781674,0.2525083238921078,0.001608026636454745,0.32351148442946753,0.002941068906576805,,,,
kde_samples,,,,,,,,,,,,,,,,,,,,,,,,,,,,,,,,,,,,,684.0,0.0020830848822335213,44.07672063261178,10.454800091656345,2.8809651896966108e-05,3.242032574139319e-06,0.6816869960190579,0.6453495968152463,0.7135948210039158,0.6708758568031327,0.5272971218704859,4.691079853093402e-06,0.29889804067650316,2.494490203382516,0.285892562985749,0.001714856201554397,0.2560160659837941,0.002536096395902765,,,,
kde_samples,,,,,,,,,,,,,,,,,,,,,,,,,,,,,,,,,,,,,685.0,0.0018682644082204936,43.573350960496136,9.9514304195407,4.765941220107171e-05,5.36325004456159e-06,0.6722070942493628,0.6377656753994903,0.7019673238599092,0.6615738590879274,0.4546011525231956,4.182208067662369e-06,0.28648674128043394,2.4324337064021697,0.2677777320939991,0.0016568887427007972,0.2583535408099153,0.002550121244859492,,,,
kde_samples,,,,,,,,,,,,,,,,,,,,,,,,,,,,,,,,,,,,,686.0,0.004256395622603451,49.1692460067019,15.54732546574646,1.7696294691570112e-07,1.9914146841073338e-08,0.6853808606890189,0.6483046885512151,0.655194567037891,0.6241556536303128,0.5082425610391156,4.557697927273809e-06,0.31242385375790793,2.5621192687895396,0.28875305914972615,0.0017240097892791237,0.24942422993378285,0.002496545379602697,,,,
kde_samples,,,,,,,,,,,,,,,,,,,,,,,,,,,,,,,,,,,,,687.0,-0.0006895708945549653,37.57980344786096,3.9578829069055246,0.019103515430633714,0.0021497732609955553,0.6839264323253359,0.6471411458602687,0.6998903695685881,0.6599122956548704,0.5170790069694796,4.619553048786357e-06,0.2659670729008671,2.3298353645043353,0.23162393161273603,0.0015411965811607553,0.323994978303383,0.0029439698698202977,,,,
kde_samples,,,,,,,,,,,,,,,,,,,,,,,,,,,,,,,,,,,,,688.0,0.0074361179735302554,56.62000601716409,22.99808547620865,1.0281545063362328e-10,1.1570116892461384e-11,0.7102917822837755,0.6682334258270204,0.6573858981429817,0.6259087185143853,0.48902143242923213,4.423150027004625e-06,0.29165899328686806,2.45829496643434,0.3111603838427646,0.0017957132282968467,0.24821498536129735,0.0024892899121677844,,,,
kde_samples,,,,,,,,,,,,,,,,,,,,,,,,,,,,,,,,,,,,,689.0,0.003961650146274941,48.478595199516484,14.856674658561047,3.530434645482339e-07,3.972899138961507e-08,0.6608761791734181,0.6287009433387345,0.6917581378481299,0.6534065102785039,0.4724731377304936,4.307311964113455e-06,0.27200813389761197,2.36004066948806,0.2811411718696841,0.0016996517499829893,0.26021089391069996,0.0025612653634641998,,,,
kde_samples,,,,,,,,,,,,,,,,,,,,,,,,,,,,,,,,,,,,,690.0,0.006208554669259923,53.7435663257859,20.121645784830463,1.8250731202385e-09,2.053807011330951e-10,0.7140582265117503,0.6712465812094003,0.6963160200663427,0.6570528160530742,0.5501859246260463,4.851301472382324e-06,0.29972238000650675,2.4986119000325338,0.31864715781633357,0.0018196709050122676,0.33316524340977605,0.0029989914604586563,,,,
kde_samples,,,,,,,,,,,,,,,,,,,,,,,,,,,,,,,,,,,,,691.0,0.0037878275782165446,48.071292266721784,14.449371725766348,5.305393396919192e-07,5.970311016929365e-08,0.7410037669316888,0.692803013545351,0.6638652063393394,0.6310921650714716,0.499314840889733,4.495203886228131e-06,0.24158703943440502,2.2079351971720254,0.2649403593227441,0.0016478091498327812,0.32552746901664037,0.002953164814099842,,,,
kde_samples,,,,,,,,,,,,,,,,,,,,,,,,,,,,,,,,,,,,,692.0,0.002057054275673903,44.01572543208871,10.393804891133271,3.062160075137741e-05,3.445936364080443e-06,0.7115091567020255,0.6692073253616204,0.6938135281547566,0.6550508225238053,0.5101478373414251,4.571034861389976e-06,0.33380303784915616,2.6690151892457807,0.2730461756865633,0.0016737477621970027,0.2654724323690716,0.00259283459421443,,,,
kde_samples,,,,,,,,,,,,,,,,,,,,,,,,,,,,,,,,,,,,,693.0,0.0035106323943249126,47.421765495734846,13.79984495477941,1.0157889520159749e-06,1.1430963770976474e-07,0.7422432607858085,0.6937946086286468,0.6684555966981214,0.6347644773584971,0.5120105781917259,4.584074047342081e-06,0.33431057025436994,2.6715528512718496,0.27131722643875755,0.0016682151246040244,0.3396049890040973,0.003037629934024584,,,,
kde_samples,,,,,,,,,,,,,,,,,,,,,,,,,,,,,,,,,,,,,694.0,0.00120530043382968,42.019886562156955,8.397966021201519,0.00022532516501012786,2.5356485644072655e-05,0.7033738669483649,0.6626990935586919,0.6537480761277608,0.6229984609022086,0.47465638116317527,4.322594668142227e-06,0.3210196514756487,2.6050982573782435,0.23662938140066245,0.0015572140204821198,0.33794731979846526,0.0030276839187907915,,,,
kde_samples,,,,,,,,,,,,,,,,,,,,,,,,,,,,,,,,,,,,,695.0,0.0012138251933704117,42.039861871468595,8.417941330513159,0.00022086888114294218,2.4855007267704317e-05,0.6939042481515796,0.6551233985212637,0.6964547776521469,0.6571638221217175,0.5342180560677814,4.73952639247447e-06,0.2356688918610381,2.1783444593051904,0.23581070685003425,0.0015545942619201096,0.28068386074289225,0.0026841031644573533,,,,
kde_samples,,,,,,,,,,,,,,,,,,,,,,,,,,,,,,,,,,,,,696.0,0.0003944077487950809,40.11979399946164,6.497873458506206,0.0015066397206261462,0.00016954647939625104,0.7146182098792491,0.6716945679033992,0.7289994747662976,0.683199579813038,0.49335916439197236,4.453514150743806e-06,0.24693374436545318,2.2346687218272656,0.23280604638328373,0.0015449793484265078,0.27082049558557497,0.0026249229735134496,,,,
kde_samples,,,,,,,,,,,,,,,,,,,,,,,,,,,,,,,,,,,,,697.0,0.005157386395181228,51.28045738846335,17.65853684750791,2.142865380867745e-08,2.411427736653871e-09,0.6618429810159366,0.6294743848127493,0.7093194189502257,0.6674555351601805,0.47493233771208887,4.324526363984622e-06,0.31724069854944015,2.5862034927472006,0.3099641380539689,0.0017918852417727004,0.31536693115403786,0.002892201586924227,,,,
kde_samples,,,,,,,,,,,,,,,,,,,,,,,,,,,,,,,,,,,,,698.0,0.000724139987997148,40.89242617009466,7.2705056291392225,0.0006957601082209831,7.829587607327758e-05,0.7323360275883143,0.6858688220706515,0.6900753547438783,0.6520602837951026,0.4655304706682812,4.258713294677968e-06,0.26486193815582554,2.3243096907791276,0.22654880458215268,0.0015249561746628888,0.34199466902395703,0.003051968014143742,,,,
kde_samples,,,,,,,,,,,,,,,,,,,,,,,,,,,,,,,,,,,,,699.0,0.0067786759676518316,55.079480755526305,21.45756021457087,4.798439281576122e-10,5.399821043147594e-11,0.6746130610708385,0.6396904488566708,0.6625700010497471,0.6300560008397976,0.5423751632954565,4.796626143068196e-06,0.3298061589442008,2.649030794721004,0.31576756969801556,0.00181045622303365,0.3363851150960443,0.003018310690576266,,,,
kde_samples,,,,,,,,,,,,,,,,,,,,,,,,,,,,,,,,,,,,,700.0,0.005212698686829657,51.410065752093274,17.788145211137838,1.882377363115634e-08,2.118293115747792e-09,0.7223904455169502,0.6779123564135602,0.6849864698879453,0.6479891759103562,0.5482333809629367,4.837633666740557e-06,0.2889411364596718,2.444705682298359,0.30527706575649804,0.0017768866104207939,0.34119277816205396,0.003047156668972324,,,,
kde_samples,,,,,,,,,,,,,,,,,,,,,,,,,,,,,,,,,,,,,701.0,0.002069426312973889,44.0447157245071,10.422795183551663,2.974661590451082e-05,3.3474718152700304e-06,0.7333856510901782,0.6867085208721425,0.6675670263797556,0.6340536211038045,0.5515460904703703,4.860822633292592e-06,0.24303619532993623,2.2151809766496813,0.2562798661270948,0.0016200955716067036,0.3066418076958523,0.002839850846175114,,,,
kde_samples,,,,,,,,,,,,,,,,,,,,,,,,,,,,,,,,,,,,,702.0,0.001339298523817041,42.33387234461534,8.7119518036599,0.0001646066608484754,1.852365860926141e-05,0.7043920036260197,0.6635136029008157,0.6916527416774753,0.6533221933419802,0.4808586641315661,4.366010648920963e-06,0.2572529234393548,2.2862646171967738,0.2271796048517849,0.001526974735525712,0.26279703405908333,0.0025767822043545,,,,
kde_samples,,,,,,,,,,,,,,,,,,,,,,,,,,,,,,,,,,,,,703.0,0.006662359766900772,54.80692736831868,21.185006827363246,6.301855429002181e-10,7.09165825793727e-11,0.6974391877177735,0.6579513501742188,0.6616490166711629,0.6293192133369303,0.5250609510409505,4.6754266572866535e-06,0.30056198828152636,2.502809941407632,0.31483677977003777,0.001807477695264121,0.27496639732745765,0.002649798383964746,,,,
kde_samples,,,,,,,,,,,,,,,,,,,,,,,,,,,,,,,,,,,,,704.0,0.0021737052269856574,44.28906321045248,10.667142669497046,2.329800858507327e-05,2.621791579277613e-06,0.7201901515730877,0.6761521212584702,0.6828990679008301,0.6463192543206641,0.5187355853945618,4.6311490977619325e-06,0.3281339006241744,2.640669503120872,0.25863506201948566,0.0016276321984623541,0.2752335829427495,0.002651401497656497,,,,
kde_samples,,,,,,,,,,,,,,,,,,,,,,,,,,,,,,,,,,,,,705.0,0.00323950524212252,46.78645740262689,13.16453686167145,1.9174068923599078e-06,2.1577128474657794e-07,0.7131579625103848,0.6705263700083078,0.6717136156424051,0.6373708925139241,0.5378786528926243,4.76515057024837e-06,0.33203739859767534,2.660186992988377,0.24953759115133653,0.001598520291684277,0.26084312473831106,0.002565058748429866,,,,
kde_samples,,,,,,,,,,,,,,,,,,,,,,,,,,,,,,,,,,,,,706.0,0.0013212438527543183,42.29156644293276,8.669645901977326,0.0001717198991369543,1.932413167021124e-05,0.6464769465921046,0.6171815572736837,0.6678390485955134,0.6342712388764107,0.5021520370776009,4.515064259543207e-06,0.3141328257253391,2.570664128626696,0.27120492831962417,0.0016678557706227976,0.3076228068852563,0.0028457368413115375,,,,
kde_samples,,,,,,,,,,,,,,,,,,,,,,,,,,,,,,,,,,,,,707.0,0.002521845955701367,45.10483035401209,11.48290981305665,1.0304706626650503e-05,1.1596181262456832e-06,0.6438658526395309,0.6150926821116247,0.6514455028033436,0.6211564022426749,0.5438770842409546,4.8071395896866824e-06,0.28639205006578045,2.431960250328902,0.26861304843056094,0.001659561754977795,0.2603719152447935,0.002562231491468761,,,,
kde_samples,,,,,,,,,,,,,,,,,,,,,,,,,,,,,,,,,,,,,708.0,-0.001255057826078855,36.25474831699109,2.632827776035654,0.07187492840024276,0.008088291381335894,0.675394612171206,0.6403156897369648,0.7077306314835649,0.6661845051868519,0.4887587936290415,4.42131155540329e-06,0.3049249964657985,2.5246249823289926,0.2302989769826816,0.0015369567263445812,0.30425495012117365,0.0028255297007270417,,,,
kde_samples,,,,,,,,,,,,,,,,,,,,,,,,,,,,,,,,,,,,,709.0,0.007454616872754581,56.663352839108455,23.04143229815302,9.845393932818038e-11,1.1079303543681843e-11,0.6533533340636295,0.6226826672509036,0.6919672913266925,0.6535738330613541,0.4747152158710188,4.323006511097131e-06,0.2771108267145987,2.3855541335729935,0.29968596998963715,0.001758995103966839,0.33669229929983124,0.0030201537957989877,,,,
kde_samples,,,,,,,,,,,,,,,,,,,,,,,,,,,,,,,,,,,,,710.0,0.004953114294045664,50.80180477844841,17.17988423749297,3.458366979659157e-08,3.891799332210442e-09,0.7113635012952874,0.6690908010362299,0.6656246480441419,0.6324997184353135,0.5234850872405608,4.6643956106839255e-06,0.2620245184523402,2.310122592261701,0.2875097337463906,0.00172003114798845,0.3189570174590859,0.0029137421047545154,,,,
kde_samples,,,,,,,,,,,,,,,,,,,,,,,,,,,,,,,,,,,,,711.0,0.0027760356364177202,45.70045037964154,12.078529838686102,5.68016748604552e-06,6.392055024540543e-07,0.7012997442852648,0.6610397954282118,0.7312874332081131,0.6850299465664904,0.5252739090310501,4.676917363217351e-06,0.28948729097313697,2.447436454865685,0.29794950085853655,0.001753438402747317,0.2743824338689405,0.002646294603213643,,,,
kde_samples,,,,,,,,,,,,,,,,,,,,,,,,,,,,,,,,,,,,,712.0,0.004169957570671269,48.9667034229034,15.344782881947964,2.1669329247085566e-07,2.438511632492145e-08,0.724438112730733,0.6795504901845864,0.6796074294311102,0.6436859435448882,0.5029548815124848,4.520684170587393e-06,0.2548139955335508,2.2740699776677538,0.2796063774858688,0.0016947404079547803,0.27125490136730157,0.0026275294082038093,,,,
kde_samples,,,,,,,,,,,,,,,,,,,,,,,,,,,,,,,,,,,,,713.0,0.0036949537477431182,47.85366929661933,14.231748755663894,6.595231548745065e-07,7.421802801190564e-08,0.652668265701471,0.6221346125611767,0.6991935912388244,0.6593548729910595,0.4919152217478887,4.443406552235221e-06,0.24245772162773246,2.212288608138662,0.2696352973671707,0.0016628329515749464,0.3059720780158997,0.0028358324680953983,,,,
kde_samples,,,,,,,,,,,,,,,,,,,,,,,,,,,,,,,,,,,,,714.0,-0.0008138534605187306,37.28858318700688,3.666662646051442,0.025561635979803574,0.0028765240479542856,0.6876814683447622,0.6501451746758098,0.7044389173322971,0.6635511338658378,0.5026377405309803,4.518464183716862e-06,0.31704702734575596,2.58523513672878,0.23048733380919878,0.0015375594681894362,0.34345245247072836,0.0030607147148243702,,,,
kde_samples,,,,,,,,,,,,,,,,,,,,,,,,,,,,,,,,,,,,,715.0,0.0019832794931339062,43.84285555891587,10.220935017960436,3.640024625997864e-05,4.096223880232693e-06,0.6516664562266494,0.6213331649813195,0.676343319606522,0.6410746556852176,0.4640524918329868,4.248367442830907e-06,0.25129445354421076,2.256472267721054,0.24980482408566046,0.0015993754370741135,0.2901464147182502,0.0027408784883095013,,,,
kde_samples,,,,,,,,,,,,,,,,,,,,,,,,,,,,,,,,,,,,,716.0,0.005738221404277967,52.64147630170054,19.019555760745106,5.494293873833424e-09,6.182886129470342e-10,0.6639649243430789,0.631171939474463,0.7240994458451135,0.6792795566760909,0.5495237045072082,4.846665931550457e-06,0.2520628241356907,2.2603141206784536,0.292340426283231,0.0017354893641063393,0.2530159655967089,0.0025180957935802533,,,,
kde_samples,,,,,,,,,,,,,,,,,,,,,,,,,,,,,,,,,,,,,717.0,0.0029696688098825932,46.154173738578976,12.53225319762354,3.608374378792497e-06,4.060606951299869e-07,0.6988698876288106,0.6590959101030485,0.6629864505233083,0.6303891604186467,0.4764432219147414,4.33510255340319e-06,0.2640523927558125,2.3202619637790622,0.25592000958412203,0.0016189440306691905,0.2711275646216939,0.0026267653877301636,,,,
kde_samples,,,,,,,,,,,,,,,,,,,,,,,,,,,,,,,,,,,,,718.0,0.00548053362492832,52.03765949329161,18.415738952336177,1.004954022407418e-08,1.130903520739967e-09,0.6988942802107456,0.6591154241685965,0.7112499747325178,0.6689999797860142,0.547468962113414,4.8322827347938974e-06,0.27163498316361734,2.3581749158180867,0.3090689820800682,0.0017890207426562183,0.26159093895624286,0.002569545633737457,,,,
kde_samples,,,,,,,,,,,,,,,,,,,,,,,,,,,,,,,,,,,,,719.0,-0.00036178480588861667,38.347875377383104,4.725954836427668,0.00886224787163173,0.0009972941145794476,0.7150461458770456,0.6720369167016365,0.7343602386985592,0.6874881909588473,0.5322888251676765,4.726021776173735e-06,0.2954881346178122,2.477440673089061,0.2741983974210034,0.0016774348717472109,0.3092140979699701,0.002855284587819821,,,,
kde_samples,,,,,,,,,,,,,,,,,,,,,,,,,,,,,,,,,,,,,720.0,0.0010526406928241042,41.662172595979904,8.040252055024467,0.00032222772076627383,3.626120755471332e-05,0.7381563952271353,0.6905251161817082,0.7029825583012294,0.6623860466409834,0.4546537803636122,4.182576462545285e-06,0.23743964200691106,2.1871982100345555,0.22200972200355473,0.0015104311104113754,0.32758202888113447,0.002965492173286807,,,,
kde_samples,,,,,,,,,,,,,,,,,,,,,,,,,,,,,,,,,,,,,721.0,0.0013732403253013323,42.413405143165654,8.791484602210218,0.00015202210771356016,1.7107482831077888e-05,0.6445003434222786,0.6156002747378229,0.644002339924043,0.6152018719392344,0.5295573439698371,4.70690140778886e-06,0.30009580045763856,2.500479002288193,0.25962272303951883,0.0016307927137264604,0.28361255429058274,0.0027016753257434966,,,,
kde_samples,,,,,,,,,,,,,,,,,,,,,,,,,,,,,,,,,,,,,722.0,0.0007483557426815751,40.949168789956836,7.3272482490014,0.0006573800467223284,7.397685791848995e-05,0.6936912011355768,0.6549529609084614,0.6653266062765621,0.6322612850212497,0.48576040215697297,4.400322815098811e-06,0.3067126083291033,2.5335630416455164,0.22796569271788794,0.0015294902166972414,0.27529807876876794,0.0026517884726126074,,,,
kde_samples,,,,,,,,,,,,,,,,,,,,,,,,,,,,,,,,,,,,,723.0,0.0025202290286180026,45.101041552876964,11.479121011921528,1.0343823166416602e-05,1.1640200224075268e-06,0.6543353747633677,0.6234682998106942,0.7010633939395846,0.6608507151516677,0.5088272915558721,4.561791040891105e-06,0.27745354592229293,2.3872677296114646,0.27910580351900743,0.0016931385712608239,0.3369399760812677,0.003021639856487606,,,,
kde_samples,,,,,,,,,,,,,,,,,,,,,,,,,,,,,,,,,,,,,724.0,0.005218204455657849,51.422966929518395,17.80104638856296,1.8582484590768197e-08,2.0911401695227267e-09,0.7420927476191141,0.6936741980952913,0.6937480794894835,0.6549984635915868,0.5270925799473976,4.689648059631783e-06,0.33395143954038653,2.6697571977019328,0.2293326559968099,0.0015338644991897917,0.30137321384913307,0.002808239283094798,,,,
kde_samples,,,,,,,,,,,,,,,,,,,,,,,,,,,,,,,,,,,,,725.0,0.004188202637815212,49.00945546275514,15.387534921799706,2.076244492158809e-07,2.336457344062898e-08,0.7182390658596072,0.6745912526876857,0.7279135370734902,0.6823308296587921,0.5259986540822412,4.681990578575688e-06,0.3275118513899017,2.6375592569495083,0.2226369357404799,0.0015124381943695357,0.27957469504709426,0.0026774481702825656,,,,
kde_samples,,,,,,,,,,,,,,,,,,,,,,,,,,,,,,,,,,,,,726.0,0.003032695959626283,46.30185964164118,12.679939100685743,3.112951953765511e-06,3.5030939186395453e-07,0.7195261079121692,0.6756208863297354,0.6667440371768673,0.6333952297414938,0.5188469874448879,4.631928912114215e-06,0.30694268571702993,2.5347134285851496,0.28413735630748893,0.0017092395401839648,0.27411433606692925,0.0026446860164015757,,,,
kde_samples,,,,,,,,,,,,,,,,,,,,,,,,,,,,,,,,,,,,,727.0,0.0024559966062152813,44.95053144180584,11.328610900850407,1.2023939936220262e-05,1.3530883705965867e-06,0.7288093407471347,0.6830474725977077,0.7052054647955435,0.6641643718364347,0.4785807833355271,4.35006548334869e-06,0.2892211613078802,2.4461058065394012,0.28157696486707656,0.001701046287574645,0.3027292768863371,0.0028163756613180228,,,,
kde_samples,,,,,,,,,,,,,,,,,,,,,,,,,,,,,,,,,,,,,728.0,0.002643496830541242,45.389884007589885,11.767963466634448,7.748870504040585e-06,8.720025731908445e-07,0.6496785729566409,0.6197428583653127,0.657509782082586,0.6260078256660688,0.5469025724574449,4.828318007202114e-06,0.2407959836225393,2.2039799181126964,0.25541071741654975,0.0016173142957329593,0.32007403245354826,0.0029204441947212898,,,,
kde_samples,,,,,,,,,,,,,,,,,,,,,,,,,,,,,,,,,,,,,729.0,0.0006976164584938174,40.830275947166506,7.208355406211069,0.000740373768872953,8.331637897982315e-05,0.6677549630906274,0.634203970472502,0.666841203888952,0.6334729631111615,0.4669265263627581,4.268485684539307e-06,0.24065634610947914,2.2032817305473955,0.2217300858066426,0.0015095362745812563,0.34251241803111104,0.0030550745081866664,,,,
kde_samples,,,,,,,,,,,,,,,,,,,,,,,,,,,,,,,,,,,,,730.0,0.000627791294898157,40.666660864078864,7.044740323123428,0.000871983267293131,9.81267724712241e-05,0.7207407838263302,0.6765926270610642,0.6946433929748659,0.6557147143798927,0.5182808852252567,4.627966196576797e-06,0.2907294760404086,2.4536473802020433,0.2299780913958107,0.0015359298924665942,0.25141598307364355,0.002508495898441861,,,,
kde_samples,,,,,,,,,,,,,,,,,,,,,,,,,,,,,,,,,,,,,731.0,0.008183913411509279,58.37224842401328,24.750327883057842,1.782662690085612e-11,2.006081340597178e-12,0.7021413113406758,0.6617130490725407,0.6889299707339175,0.651143976587134,0.5332676205300855,4.732873343710598e-06,0.25584745832292655,2.2792372916146326,0.3116763449831407,0.0017973643039460503,0.2923149288323667,0.0027538895729942005,,,,
kde_samples,,,,,,,,,,,,,,,,,,,,,,,,,,,,,,,,,,,,,732.0,0.00172301974440469,43.23301208387177,9.611091542916334,6.698167101657633e-05,7.537639124646708e-06,0.7093617618850255,0.6674894095080204,0.6521875410186382,0.6217500328149106,0.5185058627634426,4.629541039344098e-06,0.2527034629491669,2.2635173147458345,0.2294221076510302,0.0015341507444832968,0.26830740038399287,0.0026098444023039576,,,,
kde_samples,,,,,,,,,,,,,,,,,,,,,,,,,,,,,,,,,,,,,733.0,0.007508473498647611,56.7895502709016,23.167629729946164,8.678131955305724e-11,9.765750236205845e-12,0.7161280610986572,0.6729024488789258,0.6396912372150232,0.6117529897720185,0.49218424965399654,4.445289747577976e-06,0.31095662957401937,2.554783147870097,0.31201622584322014,0.0017984519226983044,0.30207097270314354,0.002812425836218861,,,,
kde_samples,,,,,,,,,,,,,,,,,,,,,,,,,,,,,,,,,,,,,734.0,0.003814645069643123,48.13413130442702,14.512210763471586,4.982266397884254e-07,5.60668695781136e-08,0.6751160920754367,0.6400928736603493,0.6645996234255865,0.6316796987404693,0.46423561045111533,4.249649273157808e-06,0.2731773567164304,2.3658867835821518,0.2673540222925216,0.0016555328713360692,0.2550697510655684,0.0025304185063934103,,,,
kde_samples,,,,,,,,,,,,,,,,,,,,,,,,,,,,,,,,,,,,,735.0,0.0005304675609926965,40.43861083183617,6.816690290880736,0.0010953401870245996,0.0001232617658414529,0.7383846570150844,0.6907077256120675,0.7102309372052252,0.6681847497641802,0.5405259593948859,4.783681715764201e-06,0.280090692968098,2.4004534648404903,0.2640787394714638,0.0016450519663086843,0.2918910362250203,0.0027513462173501214,,,,
kde_samples,,,,,,,,,,,,,,,,,,,,,,,,,,,,,,,,,,,,,736.0,0.008040107303985557,58.0352803881451,24.41335984718966,2.496965452863663e-11,2.80990668114842e-12,0.6994322939900603,0.6595458351920482,0.6745648232720156,0.6396518586176125,0.49236681397958326,4.446567697857083e-06,0.28074166684854385,2.4037083342427192,0.3137840745940366,0.0018041090387009174,0.31994806608670723,0.0029196883965202434,,,,
kde_samples,,,,,,,,,,,,,,,,,,,,,,,,,,,,,,,,,,,,,737.0,0.003700289493285179,47.866172073630416,14.24425153267498,6.513286179164465e-07,7.329587331725566e-08,0.7281449551528524,0.6825159641222819,0.6469345600545567,0.6175476480436454,0.5003572443113101,4.502500710179171e-06,0.3194867708722794,2.597433854361397,0.28207368820260625,0.0017026358022483401,0.2893342798523244,0.002736005679113946,,,,
kde_samples,,,,,,,,,,,,,,,,,,,,,,,,,,,,,,,,,,,,,738.0,0.00257872599383252,45.2381122782586,11.616191737303161,9.018867940056796e-06,1.0149190190876297e-06,0.7216560558552017,0.6773248446841613,0.7200790354140767,0.6760632283312613,0.47085870386726286,4.29601092707084e-06,0.2666376130046829,2.3331880650234145,0.27704246247039144,0.0016865358799052527,0.278771865165122,0.002672631190990732,,,,
kde_samples,,,,,,,,,,,,,,,,,,,,,,,,,,,,,,,,,,,,,739.0,0.0001620100534080529,39.575237190969055,5.953316650013619,0.0025972121739264867,0.00029227171851762586,0.74230255517654,0.693842044141232,0.6807308871276658,0.6445847097021327,0.5462836161937741,4.823985313356418e-06,0.24546158012379465,2.2273079006189733,0.22209762617642173,0.0015107124037645496,0.33752207222706804,0.0030251324333624083,,,,
kde_samples,,,,,,,,,,,,,,,,,,,,,,,,,,,,,,,,,,,,,740.0,-0.0012506003299633806,36.26519317038978,2.6432726294343425,0.07112811229192187,0.008004250027461596,0.6492900702727564,0.6194320562182052,0.7348221863453911,0.6878577490763129,0.51630540224881,4.614137815741671e-06,0.30853213485409015,2.5426606742704507,0.23960294790161485,0.0015667294332851675,0.2969205081825946,0.0027815230490955676,,,,
kde_samples,,,,,,,,,,,,,,,,,,,,,,,,,,,,,,,,,,,,,741.0,0.009835974574142092,62.24337611596238,28.62145557500694,3.7141529121865573e-13,4.1796425620509805e-14,0.6460371908744889,0.6168297526995911,0.653233887555216,0.6225871100441729,0.46215835861534754,4.235108510307432e-06,0.24055245294963626,2.2027622647481815,0.2834733966734616,0.001707114869355077,0.2842347045919293,0.002705408227551576,,,,
kde_samples,,,,,,,,,,,,,,,,,,,,,,,,,,,,,,,,,,,,,742.0,0.0025592266343375317,45.192421166922244,11.570500625966808,9.440509319109363e-06,1.062367530106862e-06,0.6752269517724964,0.6401815614179971,0.6659669672687647,0.6327735738150118,0.5058920689658801,4.541244482761161e-06,0.2518553666710064,2.259276833355032,0.24900900203792822,0.0015968288065213703,0.2510414186724872,0.002506248512034923,,,,
kde_samples,,,,,,,,,,,,,,,,,,,,,,,,,,,,,,,,,,,,,743.0,0.001937411419601326,43.73537698993519,10.113456448979754,4.053047292075369e-05,4.561010106067705e-06,0.6727929192258139,0.6382343353806511,0.661564138520999,0.6292513108167992,0.5174727302707886,4.62230911189552e-06,0.2965472854403298,2.482736427201649,0.27203390099608254,0.0016705084831874642,0.3197482324668469,0.0029184893948010814,,,,
kde_samples,,,,,,,,,,,,,,,,,,,,,,,,,,,,,,,,,,,,,744.0,0.0057765321081566096,52.73124635987824,19.109325818922805,5.0225612764641875e-09,5.652031937818179e-10,0.7228339800936411,0.6782671840749128,0.6848451993043456,0.6478761594434765,0.54673118960951,4.82711832726657e-06,0.30909003271420377,2.5454501635710187,0.3180565419062581,0.0018177809341000258,0.3131420163799761,0.002878852098279857,,,,
kde_samples,,,,,,,,,,,,,,,,,,,,,,,,,,,,,,,,,,,,,745.0,0.0020649412388039287,44.03420624991107,10.412285708955636,3.0060885721444e-05,3.3828374971328326e-06,0.6575257490102309,0.6260205992081846,0.658713492004827,0.6269707936038615,0.45632623726625504,4.194283660863785e-06,0.2784717353891412,2.3923586769457064,0.2496299822450252,0.0015988159431840807,0.30704419912101033,0.0028422651947260617,,,,
kde_samples,,,,,,,,,,,,,,,,,,,,,,,,,,,,,,,,,,,,,746.0,0.0075443691826276235,56.8736614281756,23.251740887220166,7.978058895657282e-11,8.977937987805635e-12,0.6815544604207622,0.6452435683366098,0.7104869620730133,0.6683895696584107,0.46994218405325144,4.28959528837276e-06,0.239835379500157,2.199176897500785,0.2964062158743846,0.0017484998907980308,0.26329287990554767,0.0025797572794332858,,,,
kde_samples,,,,,,,,,,,,,,,,,,,,,,,,,,,,,,,,,,,,,747.0,0.0011894189440227673,41.98267288243885,8.360752341483412,0.00023386831872791668,2.6317871180350775e-05,0.7005538059373376,0.6604430447498701,0.6807989047867742,0.6446391238294193,0.4812708874779293,4.368896212345505e-06,0.2884222426781625,2.4421112133908127,0.23810416394255302,0.0015619333246161696,0.26590199615715726,0.002595411976942944,,,,
kde_samples,,,,,,,,,,,,,,,,,,,,,,,,,,,,,,,,,,,,,748.0,0.0016045443105166743,42.95539915808355,9.333478617128115,8.84141425845953e-05,9.949496484684773e-06,0.6734457956362442,0.6387566365089954,0.7008032781833788,0.660642622546703,0.5513272809748755,4.859290966824128e-06,0.23728511245878986,2.186425562293949,0.25238626435817785,0.0016076360459461691,0.2805611431087724,0.0026833668586526346,,,,
kde_samples,,,,,,,,,,,,,,,,,,,,,,,,,,,,,,,,,,,,,749.0,0.003567663575043782,47.55540157893744,13.933481037982006,8.887222872935544e-07,1.000104622948508e-07,0.7052677442764528,0.6642141954211622,0.6424542304877361,0.6139633843901888,0.4693665540742053,4.285565878519437e-06,0.28986874961374254,2.4493437480687126,0.2666077244972625,0.0016531447183912402,0.3209983276051577,0.0029259899656309462,,,,
kde_samples,,,,,,,,,,,,,,,,,,,,,,,,,,,,,,,,,,,,,750.0,0.00016873285674597754,39.590990136899634,5.969069595944198,0.0025566190014533947,0.00028770365265150277,0.6465618014423888,0.6172494411539111,0.6969171171145122,0.6575336936916097,0.5382048155564861,4.767433708895403e-06,0.2369643447055605,2.1848217235278025,0.23109796164526925,0.0015395134772648617,0.2940540273358775,0.002764324164015265,,,,
kde_samples,,,,,,,,,,,,,,,,,,,,,,,,,,,,,,,,,,,,,751.0,0.006498530870017505,54.423041714560206,20.80112117360477,9.250982446674375e-10,1.041039528772223e-10,0.6769937588288699,0.6415950070630959,0.7244317579111024,0.6795454063288819,0.5123513744038801,4.58645962082716e-06,0.2455538022612151,2.2277690113060755,0.2928245172624187,0.0017370384552397398,0.3279933474373441,0.0029679600846240647,,,,
kde_samples,,,,,,,,,,,,,,,,,,,,,,,,,,,,,,,,,,,,,752.0,0.00110250067349172,41.779005045194346,8.15708450423891,0.00028669704151095736,3.226283853800324e-05,0.7411093442567087,0.692887475405367,0.7090875579428373,0.6672700463542698,0.46134100867185424,4.2293870607029795e-06,0.2427870740176361,2.2139353700881808,0.23268497264458085,0.001544591912462659,0.34476837422372236,0.0030686102453423344,,,,
kde_samples,,,,,,,,,,,,,,,,,,,,,,,,,,,,,,,,,,,,,753.0,0.0055028979737234696,52.09006387872934,18.468143337773903,9.536461447233332e-09,1.0731652976761625e-09,0.706929565528772,0.6655436524230176,0.6884838414719836,0.6507870731775869,0.46521823318269423,4.2565276322788594e-06,0.286708008807141,2.4335400440357047,0.30385477604969857,0.0017723352833590356,0.30804103567060703,0.002848246214023642,,,,
kde_samples,,,,,,,,,,,,,,,,,,,,,,,,,,,,,,,,,,,,,754.0,0.0011742098159238726,41.947034687990765,8.325114147035329,0.00024235325929922923,2.7272705824664143e-05,0.7226409363180579,0.6781127490544463,0.7274897559430112,0.681991804754409,0.549271250150218,4.844898751051526e-06,0.2605074453588815,2.3025372267944073,0.27714101413565273,0.0016868512452340887,0.31727662296214976,0.0029036597377728986,,,,
kde_samples,,,,,,,,,,,,,,,,,,,,,,,,,,,,,,,,,,,,,755.0,0.004946821089996223,50.787058474244965,17.16513793328953,3.50974298328994e-08,3.949614219351664e-09,0.7307927399411295,0.6846341919529035,0.6606505853094354,0.6285204682475484,0.5257279010287874,4.680095307201512e-06,0.3111383724499596,2.555691862249798,0.2975020511412882,0.0017520065636521223,0.33989216811722345,0.003039353008703341,,,,
kde_samples,,,,,,,,,,,,,,,,,,,,,,,,,,,,,,,,,,,,,756.0,0.0009748177643945366,41.47981706331175,7.857896522356313,0.00038668640270491647,4.351492749824281e-05,0.6595923785822915,0.6276739028658331,0.6609551985976613,0.628764158878129,0.5357302003332416,4.750111402332691e-06,0.2603730190466056,2.301865095233028,0.22864724339373899,0.0015316711788599647,0.27152504415582907,0.0026291502649349744,,,,
kde_samples,,,,,,,,,,,,,,,,,,,,,,,,,,,,,,,,,,,,,757.0,0.005625781379036118,52.37800561112181,18.75608507016637,7.150489148761146e-09,8.046650068602402e-10,0.7387060485082204,0.6909648388065763,0.6842269233403228,0.6473815386722582,0.4949708631924839,4.4647960423473875e-06,0.25565774113045986,2.278288705652299,0.2930483302357182,0.0017377546567542983,0.33501241604078735,0.0030100744962447243,,,,
kde_samples,,,,,,,,,,,,,,,,,,,,,,,,,,,,,,,,,,,,,758.0,0.0011256886878332692,41.8333394527025,8.211418911747067,0.00027153516338483365,3.05566290028856e-05,0.6643563051647497,0.6314850441317998,0.6747389156640533,0.6397911325312426,0.5273850450957811,4.691695315670468e-06,0.2994565285844585,2.4972826429222925,0.2590324221988566,0.001628903751036341,0.24824772012738913,0.0024894863207643348,,,,
kde_samples,,,,,,,,,,,,,,,,,,,,,,,,,,,,,,,,,,,,,759.0,0.004645852741391114,50.081826165031494,16.459905624076058,7.104832027900647e-08,7.99527080390301e-09,0.7321693116224237,0.685735449297939,0.715944637395421,0.6727557099163368,0.525025775794913,4.675180430564391e-06,0.2839338180907075,2.4196690904535374,0.3100637508045037,0.001792204002574412,0.2512079367336477,0.0025072476204018863,,,,
kde_samples,,,,,,,,,,,,,,,,,,,,,,,,,,,,,,,,,,,,,760.0,0.005452097937464116,51.971028681023824,18.349108140068388,1.0741961386819862e-08,1.2088236557236641e-09,0.6556674768119926,0.624533981449594,0.7362295652030935,0.6889836521624748,0.5105425302030498,4.573797711421349e-06,0.2878724329297579,2.4393621646487897,0.3017747732558004,0.0017656792744185613,0.34445105427100126,0.0030667063256260077,,,,
kde_samples,,,,,,,,,,,,,,,,,,,,,,,,,,,,,,,,,,,,,761.0,-0.0018266934562180745,34.91528548862332,1.2933649476678823,0.2743460679916505,0.030872948142411833,0.6697491020946172,0.6357992816756938,0.7129400680168702,0.6703520544134961,0.5241044623998816,4.6687312367991715e-06,0.25811360941143247,2.290568047057162,0.22556341069333663,0.0015218029142186774,0.3428860780916278,0.0030573164685497667,,,,
kde_samples,,,,,,,,,,,,,,,,,,,,,,,,,,,,,,,,,,,,,762.0,0.0037853939145570184,48.0655896795547,14.443669138599262,5.335734293802886e-07,6.004454496474807e-08,0.6892850934908666,0.6514280747926933,0.7372027441435072,0.6897621953148058,0.4835710507532226,4.3849973552725585e-06,0.2970665099311718,2.485332549655859,0.3049340134453849,0.0017757888430252318,0.2594535526961948,0.002556721316177169,,,,
kde_samples,,,,,,,,,,,,,,,,,,,,,,,,,,,,,,,,,,,,,763.0,0.0014606377651557242,42.618195775182336,8.9962752342269,0.00012387033385131456,1.3939483154871615e-05,0.7279120128044955,0.6823296102435964,0.6405165355104199,0.6124132284083359,0.5103824538043849,4.572677176630694e-06,0.31470998582140153,2.5735499291070076,0.23340232350159837,0.0015468874352051148,0.3418488026781136,0.0030510928160686814,,,,
kde_samples,,,,,,,,,,,,,,,,,,,,,,,,,,,,,,,,,,,,,764.0,0.0023887494389422184,44.79295714775185,11.171036606796413,1.407603845158168e-05,1.5840168891339891e-06,0.6669762922942417,0.6335810338353933,0.6774900958689168,0.6419920766951335,0.5112297576418479,4.578608303492935e-06,0.29125083291170883,2.456254164558544,0.27364877819093175,0.0016756760902109816,0.2574210557433,0.0025445263344598,,,,
kde_samples,,,,,,,,,,,,,,,,,,,,,,,,,,,,,,,,,,,,,765.0,0.002370475696920324,44.750137916614094,11.128217375658657,1.4691853879210328e-05,1.6533163615180988e-06,0.6710894159147296,0.6368715327317837,0.6850983265623491,0.6480786612498793,0.5165045827526014,4.61553207926821e-06,0.2624810714271316,2.312405357135658,0.2643281115716182,0.0016458499570291781,0.25245878115313025,0.0025147526869187817,,,,
kde_samples,,,,,,,,,,,,,,,,,,,,,,,,,,,,,,,,,,,,,766.0,0.006979712205644882,55.55055105581708,21.928630514861645,2.9958272838524617e-10,3.3712901757649536e-11,0.7228107292852697,0.6782485834282157,0.6454323923555481,0.6163459138844385,0.5014597442129597,4.5102182094907174e-06,0.2508434236356803,2.2542171181784014,0.2917524932427433,0.0017336079783767788,0.26813601343155513,0.002608816080589331,,,,
kde_samples,,,,,,,,,,,,,,,,,,,,,,,,,,,,,,,,,,,,,767.0,-0.000626741108262524,37.72702688673674,4.1051063457813015,0.01648826528766801,0.001855471678201693,0.7127932712636541,0.6702346170109232,0.7372891055056204,0.6898312844044964,0.5052764833562274,4.536935383493592e-06,0.2669368795282159,2.3346843976410794,0.2570767246797717,0.0016226455189752697,0.33798261403268437,0.003027895684196106,,,,
kde_samples,,,,,,,,,,,,,,,,,,,,,,,,,,,,,,,,,,,,,768.0,0.007374100676461957,56.47468641187882,22.852765870923385,1.1889672331672278e-10,1.3379788528157744e-11,0.6640561007488293,0.6312448805990634,0.6958491752638568,0.6566793402110854,0.45840606926431865,4.20884248485023e-06,0.2962979304942521,2.481489652471261,0.3189082477067753,0.001820506392661681,0.2576126998202504,0.0025456761989215027,,,,
kde_samples,,,,,,,,,,,,,,,,,,,,,,,,,,,,,,,,,,,,,769.0,0.0016505497063184146,43.0631995020995,9.441278961144064,7.937882117330787e-05,8.93272590939375e-06,0.6763545630471222,0.6410836504376978,0.6972538347039994,0.6578030677631995,0.45557535816211536,4.189027507134808e-06,0.24364350622754052,2.218217531137703,0.2499776848742808,0.0015999285915976986,0.295217790306556,0.002771306741839336,,,,
kde_samples,,,,,,,,,,,,,,,,,,,,,,,,,,,,,,,,,,,,,770.0,0.0031112552876718033,46.48594071390201,12.864020172946574,2.5895662354299744e-06,2.914112991778084e-07,0.7016614535256802,0.6613291628205442,0.6868300819755492,0.6494640655804393,0.5247957797669874,4.673570458368912e-06,0.28128852473235405,2.4064426236617704,0.2875904947335044,0.0017202895831472142,0.2869867315310954,0.0027219203891865724,,,,
kde_samples,,,,,,,,,,,,,,,,,,,,,,,,,,,,,,,,,,,,,771.0,-0.001269393272667639,36.221157342563814,2.5992368016083773,0.07433028532640296,0.008364599722867374,0.6450896579510647,0.6160717263608517,0.7012619332160281,0.6610095465728225,0.5044097843748611,4.530868490624027e-06,0.29532706903292866,2.4766353451646435,0.23070603779337018,0.0015382593209387846,0.2861909667616206,0.0027171458005697236,,,,
kde_samples,,,,,,,,,,,,,,,,,,,,,,,,,,,,,,,,,,,,,772.0,0.0037560962100615936,47.99693897959996,14.375018438644524,5.714902360442114e-07,6.431143172726136e-08,0.7020533175887256,0.6616426540709804,0.7176378864249484,0.6741103091399587,0.48605279281970226,4.4023695497379156e-06,0.2862054234582377,2.4310271172911886,0.29625974666622124,0.001748031189331908,0.2528719597007349,0.0025172317582044094,,,,
kde_samples,,,,,,,,,,,,,,,,,,,,,,,,,,,,,,,,,,,,,773.0,0.0023219081614732004,44.63633393910308,11.014413398147646,1.6462699078054955e-05,1.8525946394697005e-06,0.6539841261157479,0.6231873008925983,0.6837306171941743,0.6469844937553394,0.515562591052941,4.608938137370587e-06,0.28380117592917764,2.419005879645888,0.2753609992738427,0.001681155197676297,0.2810160380409338,0.0026860962282456028,,,,
kde_samples,,,,,,,,,,,,,,,,,,,,,,,,,,,,,,,,,,,,,774.0,0.0012986352542941199,42.23858972902227,8.616669188066837,0.0001810623360240564,2.0375462828885027e-05,0.7022362568435434,0.6617890054748348,0.7048235172422453,0.6638588137937963,0.49966719081758465,4.497670335723092e-06,0.331918369501136,2.65959184750568,0.27335252961501744,0.001674728094768056,0.25925228037829895,0.0025555136822697938,,,,
kde_samples,,,,,,,,,,,,,,,,,,,,,,,,,,,,,,,,,,,,,775.0,0.0032932638953095325,46.91242526370927,13.29050472275383,1.690468712590998e-06,1.9023328193564603e-07,0.6622367829158625,0.62978942633269,0.68903652885666,0.651229223085328,0.5135116630673576,4.594581641471503e-06,0.3006423631355516,2.503211815677758,0.2900733235043164,0.0017282346352138125,0.3161931905471949,0.0028971591432831695,,,,
kde_samples,,,,,,,,,,,,,,,,,,,,,,,,,,,,,,,,,,,,,776.0,0.0008364717080451001,41.15564307876461,7.533722537809176,0.0005347439424892931,6.017626615462643e-05,0.7010555047438674,0.6608444037950939,0.6912934011304335,0.6530347209043468,0.463789986712959,4.246529906990713e-06,0.29113924662798163,2.455696233139908,0.24249968362388333,0.0015759989875964268,0.3165757586491079,0.0028994545518946473,,,,
kde_samples,,,,,,,,,,,,,,,,,,,,,,,,,,,,,,,,,,,,,777.0,0.002006006492721736,43.89610971163692,10.274189170681481,3.4512493443540894e-05,3.8837896535123444e-06,0.6766745506771527,0.6413396405417221,0.6543747841474977,0.6234998273179981,0.5066108969155041,4.546276278408529e-06,0.2490847656248046,2.2454238281240233,0.25301898057435274,0.001609660737837929,0.34011028737319166,0.00304066172423915,,,,
kde_samples,,,,,,,,,,,,,,,,,,,,,,,,,,,,,,,,,,,,,778.0,0.00871740822422494,59.6223392739934,26.00041873303796,5.106950131537964e-12,5.746997131435224e-13,0.6545973298826407,0.6236778639061126,0.6979205936138977,0.6583364748911181,0.5000333848100187,4.500233693670131e-06,0.2532867518167501,2.2664337590837507,0.2977649499576222,0.0017528478398643912,0.3140076097668129,0.002884045658600878,,,,
kde_samples,,,,,,,,,,,,,,,,,,,,,,,,,,,,,,,,,,,,,779.0,0.0001943755143898676,39.651076291302196,6.02915575034676,0.00240752567358504,0.000270925753797857,0.6659412931162368,0.6327530344929895,0.7315204922473213,0.685216393797857,0.5089580008913006,4.562706006239104e-06,0.27608036277643855,2.3804018138821927,0.27289861138188115,0.0016732755564220197,0.3317861504742735,0.002990716902845641,,,,
kde_samples,,,,,,,,,,,,,,,,,,,,,,,,,,,,,,,,,,,,,780.0,0.012255394508313942,67.91258723082227,34.29066668986683,1.2816005225236718e-15,1.4422217442666394e-16,0.6665650268031134,0.6332520214424907,0.6463499478514986,0.6170799582811989,0.5367605816209903,4.757324071346932e-06,0.2412750077037694,2.206375038518847,0.3069395664066781,0.00178220661250137,0.28964434543300044,0.0027378660725980025,,,,
kde_samples,,,,,,,,,,,,,,,,,,,,,,,,,,,,,,,,,,,,,781.0,0.0071897863315230695,56.04279903333933,22.420878492383892,1.8312017357959343e-10,2.060703717803712e-11,0.6690162234338963,0.635212978747117,0.6789379539924416,0.6431503631939532,0.548847766221921,4.841934363553447e-06,0.3003393849458066,2.501696924729033,0.3176058688516793,0.001816338780325374,0.25718348966326005,0.0025431009379795603,,,,
kde_samples,,,,,,,,,,,,,,,,,,,,,,,,,,,,,,,,,,,,,782.0,0.0005718300975214724,40.5355319774859,6.913611436530466,0.0009941609563188219,0.000111875777459933,0.6722840671330671,0.6378272537064537,0.6692311136132608,0.6353848908906087,0.5500417634572765,4.850292344200935e-06,0.256037034034318,2.28018517017159,0.22685267677342236,0.0015259285656749515,0.27822465610440505,0.0026693479366264304,,,,
kde_samples,,,,,,,,,,,,,,,,,,,,,,,,,,,,,,,,,,,,,783.0,0.006362364501343483,54.10397519789074,20.482054656935304,1.2727897946919053e-09,1.432306780096083e-10,0.6774931809607605,0.6419945447686084,0.705626751658951,0.6645014013271607,0.5047224942292157,4.533057459604509e-06,0.23966606051059938,2.198330302552997,0.2904932358332766,0.0017295783546664853,0.2978013008696399,0.0027868078052178395,,,,
kde_samples,,,,,,,,,,,,,,,,,,,,,,,,,,,,,,,,,,,,,784.0,0.0027884732635861595,45.72959436295336,12.10767382199792,5.517013801764086e-06,6.208453514559455e-07,0.7325394653721607,0.6860315722977286,0.6471558473966685,0.6177246779173349,0.4987742576591104,4.491419803613773e-06,0.32162718003111135,2.6081359001555566,0.2607843477457018,0.0016345099127862458,0.2605939226991162,0.002563563536194697,,,,
kde_samples,,,,,,,,,,,,,,,,,,,,,,,,,,,,,,,,,,,,,785.0,0.004213152641682115,49.06791858329087,15.445998042335432,1.9583408479834345e-07,2.2037769991585745e-08,0.715243293453103,0.6721946347624824,0.6786466002329672,0.6429172801863737,0.5244525457153152,4.6711678200072066e-06,0.31842883045549025,2.5921441522774513,0.3029744571303219,0.0017695182628170302,0.31038849543338753,0.0028623309726003255,,,,
kde_samples,,,,,,,,,,,,,,,,,,,,,,,,,,,,,,,,,,,,,786.0,0.0007793065814700531,41.0216931321744,7.399772591218962,0.0006113917811814782,6.880166679001588e-05,0.7029383778191781,0.6623507022553425,0.6782594375788269,0.6426075500630615,0.52236643123948,4.65656501867636e-06,0.31383185042805095,2.569159252140255,0.23360365215362294,0.0015475316868915935,0.28468955264297874,0.002708137315857872,,,,
kde_samples,,,,,,,,,,,,,,,,,,,,,,,,,,,,,,,,,,,,,787.0,0.007475737940836676,56.71284395565153,23.090923414696093,9.369995427329416e-11,1.0544324000713618e-11,0.6511810896171666,0.6209448716937332,0.6425440180461715,0.6140352144369372,0.4675698521273658,4.27298896489156e-06,0.24150412966632948,2.2075206483316476,0.26803758100523656,0.0016577202592167571,0.33198318805655647,0.002991899128339339,,,,
kde_samples,,,,,,,,,,,,,,,,,,,,,,,,,,,,,,,,,,,,,788.0,0.00042654315243462193,40.19509402692717,6.573173485971736,0.001397355879013134,0.00015724845595592693,0.6605809640329768,0.6284647712263814,0.7058914932202374,0.6647131945761899,0.49651103581481687,4.475577250703718e-06,0.30683005366646754,2.5341502683323376,0.2717115885678506,0.001669477083417122,0.3335469990194179,0.0030012819941165076,,,,
kde_samples,,,,,,,,,,,,,,,,,,,,,,,,,,,,,,,,,,,,,789.0,0.0006328399473175816,40.678490921361195,7.056570380405759,0.000861728432530102,9.697276656851281e-05,0.6800026966516638,0.644002157321331,0.6853168930411396,0.6482535144329117,0.5170015087068018,4.6190105609476125e-06,0.2895678898790575,2.4478394493952873,0.26515132041692,0.0016484842253341441,0.3281517348799978,0.002968910409279987,,,,
kde_samples,,,,,,,,,,,,,,,,,,,,,,,,,,,,,,,,,,,,,790.0,0.0019330612405954808,43.72518360315547,10.103263062200035,4.094572854258973e-05,4.607740009552887e-06,0.710409403535055,0.668327522828044,0.708026261923716,0.6664210095389728,0.5446511982869954,4.812558388008967e-06,0.32225710046431577,2.6112855023215786,0.29686173749086375,0.001749957559970764,0.26687793302764706,0.0026012675981658823,,,,
kde_samples,,,,,,,,,,,,,,,,,,,,,,,,,,,,,,,,,,,,,791.0,0.0024089662526247876,44.84032940554698,11.218408864591545,1.3424772488154802e-05,1.5107280665057466e-06,0.6650482890110914,0.632038631208873,0.6406939261481314,0.612555140918505,0.4714171931013475,4.299920351709432e-06,0.29391968285526016,2.469598414276301,0.24668348230399326,0.0015893871433727785,0.26913975337110424,0.002614838520226625,,,,
kde_samples,,,,,,,,,,,,,,,,,,,,,,,,,,,,,,,,,,,,,792.0,0.009298437274718178,60.983812867142184,27.361892326186748,1.3088236932578526e-12,1.4728567573543417e-13,0.6648532778702486,0.6318826222961988,0.6593004894967746,0.6274403915974196,0.4659019427132042,4.261313598992429e-06,0.23891790166804558,2.194589508340228,0.2842345515431981,0.001709550564938234,0.31642007824068297,0.002898520469444098,,,,
kde_samples,,,,,,,,,,,,,,,,,,,,,,,,,,,,,,,,,,,,,793.0,0.004358693801132581,49.408952211712474,15.787031670757038,1.392448878617812e-07,1.5669625715880702e-08,0.7175896576162065,0.6740717260929652,0.734683314283179,0.6877466514265432,0.5017915605707041,4.512540923994928e-06,0.26060546612758423,2.303027330637921,0.3008349050258978,0.0017626716960828731,0.25547118639035543,0.0025328271183421326,,,,
kde_samples,,,,,,,,,,,,,,,,,,,,,,,,,,,,,,,,,,,,,794.0,6.545910134068272e-05,39.348997949537825,5.727077408582389,0.0032565809947064364,0.0003664723788722046,0.6703580211969342,0.6362864169575474,0.6914110734640678,0.6531288587712543,0.499128251997944,4.4938977639856074e-06,0.28239192438681543,2.411959621934077,0.24977701983652506,0.0015992864634768802,0.3137413329160758,0.002882447997496455,,,,
kde_samples,,,,,,,,,,,,,,,,,,,,,,,,,,,,,,,,,,,,,795.0,-0.00013638080274502862,38.87604449011423,5.254123949158796,0.005225922460975669,0.0005880880098448405,0.6467085799090879,0.6173668639272704,0.721787957615146,0.6774303660921168,0.5282883028464396,4.698018119925077e-06,0.325331765551198,2.62665882775599,0.2534025475092671,0.001610888152029655,0.3385068862792248,0.003031041317675349,,,,
kde_samples,,,,,,,,,,,,,,,,,,,,,,,,,,,,,,,,,,,,,796.0,0.002469860980690179,44.98301859493024,11.361098053974807,1.163959332513139e-05,1.3098367465448085e-06,0.7400496871157964,0.6920397496926372,0.6557377682023584,0.6245902145618867,0.5045160261269828,4.531612182888879e-06,0.3267678017188701,2.6338390085943506,0.24437940729543864,0.0015820141033454037,0.3257811043977485,0.002954686626386491,,,,
kde_samples,,,,,,,,,,,,,,,,,,,,,,,,,,,,,,,,,,,,,797.0,0.0029565067798987335,46.12333232670801,12.501411785752573,3.7213956483473453e-06,4.1877930203221007e-07,0.6507302961478333,0.6205842369182666,0.7045670693565839,0.6636536554852671,0.5506198028424742,4.8543386198973195e-06,0.27798545279091647,2.3899272639545823,0.27864682041068883,0.0016916698253142044,0.3247956218574202,0.0029487737311445217,,,,
kde_samples,,,,,,,,,,,,,,,,,,,,,,,,,,,,,,,,,,,,,798.0,0.007402982596943691,56.54236284220863,22.920442301253196,1.1111645713187609e-10,1.2504252909159033e-11,0.7366241795635629,0.6892993436508503,0.6399473671417015,0.6119578937133612,0.5145077720982653,4.601554404687856e-06,0.30338786899624054,2.5169393449812025,0.3113312882964689,0.0017962601225487004,0.30271154098361597,0.002816269245901696,,,,
kde_samples,,,,,,,,,,,,,,,,,,,,,,,,,,,,,,,,,,,,,799.0,0.0027352994698992897,45.60499695101542,11.983076410059986,6.249079343790148e-06,7.032267818925758e-07,0.7319263114335037,0.685541049146803,0.6455909967699135,0.6164727974159308,0.5141710983114223,4.5991976881799556e-06,0.32199784803936604,2.60998924019683,0.2687634537007296,0.0016600430518423348,0.2761497567883363,0.0026568985407300176,,,,
kde_samples,,,,,,,,,,,,,,,,,,,,,,,,,,,,,,,,,,,,,800.0,0.00044375927458319836,40.23543503167007,6.6135144907146355,0.0013421070283892566,0.00015103114468653146,0.6733846853218731,0.6387077482574985,0.729374822343847,0.6834998578750776,0.5130552212935837,4.591386549055086e-06,0.32807886914919876,2.6403943457459937,0.2765683226571341,0.0016850186325028291,0.2968383203282996,0.0027810299219697973,,,,
kde_samples,,,,,,,,,,,,,,,,,,,,,,,,,,,,,,,,,,,,,801.0,1.536378418275086e-05,39.23161405729863,5.609693516343192,0.0036621915876193663,0.0004121168996509566,0.7212789360764944,0.6770231488611955,0.7069693906122153,0.6655755124897722,0.5237239274322901,4.6660674920260305e-06,0.2531074351550069,2.2655371757750347,0.24074006266705916,0.0015703682005345893,0.34295843361384815,0.003057750601683089,,,,
kde_samples,,,,,,,,,,,,,,,,,,,,,,,,,,,,,,,,,,,,,802.0,0.0010672064267390688,41.69630318217559,8.074382641220154,0.0003114154636809302,3.504447332286569e-05,0.6577196645460522,0.6261757316368418,0.662028091881971,0.6296224735055768,0.5127738682669486,4.58941707786864e-06,0.2655755070075341,2.32787753503767,0.24376558981641114,0.0015800498874125157,0.293167596790981,0.002759005580745886,,,,
kde_samples,,,,,,,,,,,,,,,,,,,,,,,,,,,,,,,,,,,,,803.0,0.004899244938293974,50.67557751791195,17.05365697695651,3.923655587164294e-08,4.4154019176573126e-09,0.6776181787259706,0.6420945429807765,0.6959452398713319,0.6567561918970656,0.49461735305404775,4.462321471378334e-06,0.3092813348055897,2.5464066740279487,0.3066980426617323,0.0017814337365175434,0.33560238216004057,0.0030136142929602433,,,,
kde_samples,,,,,,,,,,,,,,,,,,,,,,,,,,,,,,,,,,,,,804.0,0.007665483673398359,57.15745822076633,23.535537679810894,6.006837135952153e-11,6.7596657300664655e-12,0.6887921626409386,0.6510337301127509,0.6640174726460025,0.631213978116802,0.45345280436511054,4.174169630555774e-06,0.28043010011189606,2.4021505005594803,0.30707304961285753,0.0017826337587611442,0.26502306458151215,0.002590138387489073,,,,
kde_samples,,,,,,,,,,,,,,,,,,,,,,,,,,,,,,,,,,,,,805.0,0.004872677185667376,50.61332367088017,16.991403129924734,4.175681648291071e-08,4.699014056612411e-09,0.7326075571507129,0.6860860457205703,0.6815994576143403,0.6452795660914722,0.541566247502013,4.790963732514091e-06,0.3298727301794001,2.6493636508970004,0.23640535197643076,0.0015564971263245784,0.26198244861409997,0.0025718946916846,,,,
kde_samples,,,,,,,,,,,,,,,,,,,,,,,,,,,,,,,,,,,,,806.0,0.013437468734720924,70.68243641999567,37.06051587904023,8.031977019751342e-17,9.03861359585345e-18,0.6442094750921912,0.6153675800737529,0.7357796991501253,0.6886237593201002,0.5071517824758434,4.550062477330904e-06,0.23502068489690506,2.1751034244845253,0.3058993541398426,0.0017788779332474965,0.31489578857465783,0.002889374731447947,,,,
kde_samples,,,,,,,,,,,,,,,,,,,,,,,,,,,,,,,,,,,,,807.0,0.002162928245320807,44.26381046975374,10.641889928798307,2.3893838662783426e-05,2.6888420430422133e-06,0.6996464954035875,0.65971719632287,0.6666991598634507,0.6333593278907605,0.46658648234492,4.26610537641444e-06,0.25294315678737866,2.2647157839368934,0.2338739401733168,0.0015483966085546139,0.2757490620352428,0.002654494372211457,,,,
kde_samples,,,,,,,,,,,,,,,,,,,,,,,,,,,,,,,,,,,,,808.0,0.003606921847708666,47.64739199060533,14.025471449649892,8.10615947173598e-07,9.122093231992007e-08,0.6564620790412569,0.6251696632330055,0.6863502999866233,0.6490802399892986,0.4536624942976416,4.1756374600834914e-06,0.29085967217013253,2.4542983608506628,0.27679677244698525,0.001685749671830353,0.24983062659355243,0.0024989837595613146,,,,
kde_samples,,,,,,,,,,,,,,,,,,,,,,,,,,,,,,,,,,,,,809.0,0.0012308307191869622,42.079709404594844,8.457788863639408,0.00021224084567098467,2.3884069744718783e-05,0.7218678601871007,0.6774942881496806,0.6984866205246367,0.6587892964197094,0.5458999857710948,4.821299900397663e-06,0.2402468082214774,2.201234041107387,0.2208707740173861,0.0015067864768556357,0.2539876777359597,0.0025239260664157584,,,,
kde_samples,,,,,,,,,,,,,,,,,,,,,,,,,,,,,,,,,,,,,810.0,0.005847320140194269,52.89711764677591,19.275197105820475,4.2548892399646474e-09,4.788148626250132e-10,0.7255206563463581,0.6804165250770865,0.6674574676885521,0.6339659741508417,0.48344104364213847,4.384087305494969e-06,0.2984290415521846,2.492145207760923,0.30160048083970126,0.0017651215386870441,0.25152175439479424,0.0025091305263687655,,,,
kde_samples,,,,,,,,,,,,,,,,,,,,,,,,,,,,,,,,,,,,,811.0,0.0011783706168678465,41.95678432203533,8.334863781079896,0.00024000188485757417,2.7008098929686454e-05,0.6912869363364061,0.6530295490691249,0.687660732816112,0.6501285862528896,0.4740107223494363,4.318075056446054e-06,0.25866113388754025,2.293305669437701,0.23608737995659904,0.0015554796158611171,0.28901786075852853,0.0027341071645511712,,,,
kde_samples,,,,,,,,,,,,,,,,,,,,,,,,,,,,,,,,,,,,,812.0,0.0025805773201390478,45.24245032620387,11.620529785248436,8.979828397447164e-06,1.0105257876361503e-06,0.662413020407235,0.6299304163257881,0.7123633825031751,0.6698907060025401,0.4756108021078798,4.329275614755159e-06,0.2519699223957774,2.259849611978887,0.27389137419160714,0.001676452397413143,0.3107409884183111,0.0028644459305098664,,,,
kde_samples,,,,,,,,,,,,,,,,,,,,,,,,,,,,,,,,,,,,,813.0,0.003666154141236881,47.78618574529254,14.164265204337106,7.05566222266552e-07,7.93993861495242e-08,0.7037882756224889,0.6630306204979911,0.6627521373325975,0.630201709866078,0.5354859459382757,4.74840162156793e-06,0.2797656691116956,2.398828345558478,0.28432835025179176,0.0017098507208057338,0.30907918092566417,0.0028544750855539853,,,,
kde_samples,,,,,,,,,,,,,,,,,,,,,,,,,,,,,,,,,,,,,814.0,-0.0006763772477974689,37.61071894449992,3.988798403544486,0.018521956671342966,0.0020843287895337117,0.6745686333316289,0.6396549066653031,0.6966226911854756,0.6572981529483805,0.46203282077591207,4.234229745431384e-06,0.27851535167402275,2.392576758370114,0.21949256778755502,0.001502376216920176,0.31943099831155053,0.002916585989869303,,,,
kde_samples,,,,,,,,,,,,,,,,,,,,,,,,,,,,,,,,,,,,,815.0,0.0012573423142251475,42.14183166255442,8.51991112159898,0.00019945715200909566,2.244548411314345e-05,0.6834505418271354,0.6467604334617083,0.7262338146806552,0.6809870517445241,0.47989986473617385,4.359299053153217e-06,0.2592056305905883,2.2960281529529416,0.2609875509881525,0.001635160163162088,0.25095552586163833,0.00250573315516983,,,,
kde_samples,,,,,,,,,,,,,,,,,,,,,,,,,,,,,,,,,,,,,816.0,0.004917671035293232,50.7187537488904,17.096833207934964,3.757852069339852e-08,4.2288184741585255e-09,0.7156181544772501,0.6724945235818001,0.7087447115584445,0.6669957692467556,0.46298584936628945,4.240900945564026e-06,0.2432800856729308,2.216400428364654,0.28662095054553777,0.0017171870417457208,0.3152960750798156,0.0028917764504788938,,,,
kde_samples,,,,,,,,,,,,,,,,,,,,,,,,,,,,,,,,,,,,,817.0,0.000210153756496613,39.688048039885864,6.0661274989304275,0.0023201405832057316,0.0002610920595027288,0.6991263848768253,0.6593011079014602,0.683413882884139,0.6467311063073111,0.5111324206678716,4.577926944675101e-06,0.30130138994460887,2.506506949723044,0.2415088981723607,0.0015728284741515545,0.28739255433479377,0.002724355326008763,,,,
kde_samples,,,,,,,,,,,,,,,,,,,,,,,,,,,,,,,,,,,,,818.0,0.013318126887241995,70.402793304454,36.78087276349856,1.0623556188123344e-16,1.1954991798676412e-17,0.6430485848859546,0.6144388679087637,0.6813781251858038,0.645102500148643,0.47547170023353413,4.328301901634739e-06,0.2505517257808662,2.2527586289043313,0.31371150960406574,0.0018038768307330104,0.28999706857363433,0.002739982411441806,,,,
kde_samples,,,,,,,,,,,,,,,,,,,,,,,,,,,,,,,,,,,,,819.0,0.0073070673541021855,56.31761320155244,22.695692660597004,1.3911882934984642e-10,1.5655439990784066e-11,0.6480331464425186,0.6184265171540149,0.6420429761296231,0.6136343809036985,0.5258485827525575,4.680940079267903e-06,0.32874642541301674,2.6437321270650838,0.3112603482153171,0.0017960331142890147,0.33675644759137574,0.0030205386855482546,,,,
kde_samples,,,,,,,,,,,,,,,,,,,,,,,,,,,,,,,,,,,,,820.0,-0.00147799002032091,35.732371173773174,2.110450632817738,0.12118334493499518,0.01363710860261345,0.6759474052132711,0.6407579241706169,0.7363580057545445,0.6890864046036356,0.4549910255818147,4.184937179072703e-06,0.2713687082723529,2.3568435413617643,0.24587569860982944,0.0015868022355514542,0.33920275068706673,0.0030352165041224004,,,,
kde_samples,,,,,,,,,,,,,,,,,,,,,,,,,,,,,,,,,,,,,821.0,0.007114589028508846,55.866595894713186,22.24467535375775,2.1840382603024337e-10,2.457760756148781e-11,0.6450726600224018,0.6160581280179215,0.6607540778129977,0.6286032622503981,0.4813584234747386,4.36950896432317e-06,0.30563594088945445,2.5281797044472722,0.3062553434988897,0.0017800170991964471,0.3117902701793704,0.002870741621076222,,,,
kde_samples,,,,,,,,,,,,,,,,,,,,,,,,,,,,,,,,,,,,,822.0,0.0012125517920263465,42.03687802358362,8.414957482628182,0.00022152890450174797,2.4929281585096072e-05,0.6638934983691688,0.631114798695335,0.7188828620940029,0.6751062896752023,0.5254242109413534,4.677969476589474e-06,0.3243648310787547,2.6218241553937736,0.2849461512494039,0.0017118276839980925,0.29338568193509296,0.0027603140916105575,,,,
kde_samples,,,,,,,,,,,,,,,,,,,,,,,,,,,,,,,,,,,,,823.0,0.00431630224858575,49.30961986453276,15.687699323577327,1.537866901545117e-07,1.7306056342961302e-08,0.6752633956450277,0.6402107165160221,0.684942097905684,0.6479536783245472,0.4751665581034972,4.326165906724481e-06,0.30516357621655527,2.5258178810827765,0.2944524878751198,0.0017422479612003833,0.2664034517379052,0.002598420710427431,,,,
kde_samples,,,,,,,,,,,,,,,,,,,,,,,,,,,,,,,,,,,,,824.0,0.005268535898100786,51.54090411309463,17.918983572139197,1.6515218097943167e-08,1.858504755074304e-09,0.6694779308264511,0.6355823446611609,0.6561145655467501,0.6248916524374001,0.5436182331286658,4.80532763190066e-06,0.3254598250404393,2.6272991252021964,0.30552682027570444,0.0017776858248822543,0.27972901265552896,0.0026783740759331737,,,,
kde_samples,,,,,,,,,,,,,,,,,,,,,,,,,,,,,,,,,,,,,825.0,0.004619258073749639,50.01950925044401,16.397588709488573,7.561669767071429e-08,8.509363385370059e-09,0.6785288848649875,0.64282310789199,0.6419059073951087,0.613524725916087,0.5208576301201138,4.646003410840797e-06,0.27736197110978605,2.3868098555489303,0.2779069644173359,0.001689302286135475,0.2511152256541374,0.0025066913539248245,,,,
kde_samples,,,,,,,,,,,,,,,,,,,,,,,,,,,,,,,,,,,,,826.0,0.00018760852779246828,39.63521981467727,6.0132992737218345,0.0024460048137212942,0.0002752559215552726,0.6707175970828424,0.6365740776662739,0.694519466064233,0.6556155728513864,0.4847641427413577,4.393348999189504e-06,0.3105248820924711,2.5526244104623554,0.2387733819673146,0.0015640748222954068,0.2534792271129111,0.0025208753626774667,,,,
kde_samples,,,,,,,,,,,,,,,,,,,,,,,,,,,,,,,,,,,,,827.0,0.004201992661428476,49.041768396131566,15.41984785517613,2.0102272910096e-07,2.262166298358947e-08,0.7412906023561001,0.6930324818848801,0.682203146981102,0.6457625175848816,0.5359067595127314,4.75134731658912e-06,0.3329798043096364,2.664899021548182,0.26064639556412844,0.001634068465805211,0.2650357578430178,0.0025902145470581067,,,,
kde_samples,,,,,,,,,,,,,,,,,,,,,,,,,,,,,,,,,,,,,828.0,0.0033509375627600937,47.0475668288123,13.425646287856864,1.4767803370424318e-06,1.6618631751132673e-07,0.738575575633445,0.690860460506756,0.7332453717907619,0.6865962974326095,0.4809905814501099,4.366934070150769e-06,0.3309734793606421,2.65486739680321,0.22067248783581786,0.0015061519610746173,0.3132429683249169,0.0028794578099495013,,,,
kde_samples,,,,,,,,,,,,,,,,,,,,,,,,,,,,,,,,,,,,,829.0,0.009851876519865015,62.280637728205456,28.65871718725002,3.578304273841898e-13,4.026768201666141e-14,0.6432264153205635,0.6145811322564507,0.7367322376127416,0.6893857900901933,0.5454112706596704,4.817878894617693e-06,0.275262734370751,2.376313671853755,0.31742430909090036,0.001815757789090881,0.25625110476002366,0.002537506628560142,,,,
kde_samples,,,,,,,,,,,,,,,,,,,,,,,,,,,,,,,,,,,,,830.0,0.0016870894968914127,43.148819936950545,9.526899395995109,7.286520023209322e-05,8.19972950448968e-06,0.738133665184278,0.6905069321474224,0.7314242826753505,0.6851394261402804,0.5465349020758685,4.825744314531079e-06,0.26170220294664287,2.3085110147332144,0.2825367375493816,0.001704117560158021,0.32191490656782035,0.002931489439406922,,,,
kde_samples,,,,,,,,,,,,,,,,,,,,,,,,,,,,,,,,,,,,,831.0,0.003985208408634387,48.53379717620875,14.911876635253314,3.3408291200059135e-07,3.75953061509673e-08,0.6970760767129583,0.6576608613703667,0.7186597390073536,0.6749277912058829,0.4943839477661209,4.460687634362846e-06,0.24590922831856987,2.2295461415928495,0.2877900258937726,0.0017209280828600726,0.2965013662845265,0.002779008197707159,,,,
kde_samples,,,,,,,,,,,,,,,,,,,,,,,,,,,,,,,,,,,,,832.0,0.00878371764175747,59.77771622265195,26.15579568169651,4.3720212651001e-12,4.919960646166982e-13,0.6425460353000801,0.6140368282400641,0.6671225636494258,0.6336980509195407,0.4547903457534586,4.18353242027421e-06,0.24749705639812122,2.2374852819906064,0.28385371440999957,0.0017083318861119987,0.28592577407460623,0.0027155546444476374,,,,
kde_samples,,,,,,,,,,,,,,,,,,,,,,,,,,,,,,,,,,,,,833.0,0.004449282349094218,49.621220282967705,15.99929974201227,1.1261400597214291e-07,1.2672776365772575e-08,0.6606835125088609,0.6285468100070888,0.652301731280358,0.6218413850242863,0.46290441925696074,4.2403309347987255e-06,0.32967935876062787,2.6483967938031396,0.29070659572252755,0.0017302611063120883,0.32384879184353355,0.0029430927510612015,,,,
kde_samples,,,,,,,,,,,,,,,,,,,,,,,,,,,,,,,,,,,,,834.0,0.00218702622978343,44.32027712915075,10.698356588195317,2.258201899170996e-05,2.541219221349433e-06,0.6843630533008478,0.6474904426406782,0.6429078834765973,0.6143263067812779,0.4768695766652454,4.338087036656717e-06,0.28792017297617256,2.439600864880863,0.24399182696928673,0.0015807738463017177,0.3097004226211403,0.002858202535726842,,,,
kde_samples,,,,,,,,,,,,,,,,,,,,,,,,,,,,,,,,,,,,,835.0,0.0004732302878791353,40.3044918306919,6.682571289736465,0.001252553151301895,0.00014095339061660916,0.6975420975661567,0.6580336780529253,0.7059751818552361,0.6647801454841888,0.45695634054292467,4.198694383800472e-06,0.32946458826593705,2.6473229413296853,0.2504295269606178,0.001601374486273977,0.2660536191666996,0.0025963217150001975,,,,
kde_samples,,,,,,,,,,,,,,,,,,,,,,,,,,,,,,,,,,,,,836.0,0.010742523701627142,64.36761189542162,30.74569135446618,4.439314388208613e-14,4.995687523365502e-15,0.6792269864408019,0.6433815891526415,0.6660803775496172,0.6328643020396938,0.45374773277429625,4.176234129420074e-06,0.2507074146426531,2.2535370732132654,0.30397417528022735,0.0017727173608967275,0.28180033738687654,0.0026908020243212594,,,,
kde_samples,,,,,,,,,,,,,,,,,,,,,,,,,,,,,,,,,,,,,837.0,0.011010557695588431,64.99567206648314,31.3737515255277,2.3689333164604485e-14,2.665828454087446e-15,0.6674292534282399,0.6339434027425919,0.6453386585878931,0.6162709268703145,0.47210836109433696,4.304758527660359e-06,0.2359136828959226,2.179568414479613,0.29134352142195746,0.001732299268550264,0.27550107681522545,0.0026530064608913527,,,,
kde_samples,,,,,,,,,,,,,,,,,,,,,,,,,,,,,,,,,,,,,838.0,0.003145256040974688,46.565611648995095,12.943691108039658,2.3912576715064695e-06,2.6909506896891453e-07,0.7399509585218192,0.6919607668174554,0.6790471947578262,0.643237755806261,0.5319474699454979,4.723632289618485e-06,0.3072573971706395,2.5362869858531973,0.2879183254520067,0.0017213386414464214,0.3306801423396918,0.0029840808540381506,,,,
kde_samples,,,,,,,,,,,,,,,,,,,,,,,,,,,,,,,,,,,,,839.0,0.004810464805359883,50.46754694442617,16.84562640347073,4.831004130068904e-08,5.4364671990827955e-09,0.7086709316648735,0.6669367453318988,0.6940453765595487,0.655236301247639,0.5442059669976458,4.80944176898352e-06,0.3312429352242746,2.656214676121373,0.22088832488912916,0.0015068426396452135,0.2929837600480199,0.0027579025602881193,,,,
kde_samples,,,,,,,,,,,,,,,,,,,,,,,,,,,,,,,,,,,,,840.0,-0.0004344227137966436,38.17766944121795,4.555748900262515,0.01050662886793021,0.0011823410139089308,0.6966083604110941,0.6572866883288753,0.7307151932135356,0.6845721545708285,0.49551859697759,4.46863017884313e-06,0.3023842507103265,2.511921253551632,0.2447375665218511,0.0015831602128699236,0.24843706351235922,0.0024906223810741554,,,,
kde_samples,,,,,,,,,,,,,,,,,,,,,,,,,,,,,,,,,,,,,841.0,0.006128102790788889,53.55505060877563,19.933130067820194,2.203695599772243e-09,2.4798817227991093e-10,0.6645287214539376,0.6316229771631501,0.7131826681905135,0.6705461345524107,0.511501616480883,4.580511315366181e-06,0.2370896006018411,2.1854480030092054,0.2862994889672499,0.0017161583646951996,0.2602968850561254,0.0025617813103367528,,,,
kde_samples,,,,,,,,,,,,,,,,,,,,,,,,,,,,,,,,,,,,,842.0,0.002647878132692731,45.40015032246312,11.778229781507683,7.669725120389583e-06,8.630961166738768e-07,0.7349059290586041,0.6879247432468832,0.6535245552527718,0.6228196442022174,0.5358613302091401,4.75102931146398e-06,0.29640539696442414,2.4820269848221206,0.27158659277824276,0.001669077096890377,0.27101352710255655,0.0026260811626153393,,,,
kde_samples,,,,,,,,,,,,,,,,,,,,,,,,,,,,,,,,,,,,,843.0,0.0007690790401505346,40.99772784607116,7.375807305115721,0.0006262209429556079,7.047043480189086e-05,0.7356842384623009,0.6885473907698407,0.6758385446756751,0.6406708357405401,0.5086107153974313,4.560275007782019e-06,0.29696242561921044,2.4848121280960522,0.242152901968757,0.0015748892863000224,0.3300118402150227,0.0029800710412901366,,,,
kde_samples,,,,,,,,,,,,,,,,,,,,,,,,,,,,,,,,,,,,,844.0,0.0009528761385557138,41.42840320690483,7.806482665949396,0.0004070873949567193,4.581070953898568e-05,0.6810776222497733,0.6448620977998186,0.7339754588543583,0.6871803670834866,0.4564992132673083,4.195494492871158e-06,0.3064482066145378,2.532241033072689,0.28070421222960196,0.0016982534791347263,0.2536640792716269,0.0025219844756297614,,,,
kde_samples,,,,,,,,,,,,,,,,,,,,,,,,,,,,,,,,,,,,,845.0,-0.0005447116633731583,37.91923917454355,4.297318633588112,0.013604990111329273,0.0015310084713803063,0.6462359535863786,0.6169887628691029,0.7003249980427777,0.6602599984342221,0.46252493811261164,4.2376745667882814e-06,0.30532192849472806,2.52660964247364,0.23220867720218155,0.001543067767046981,0.26407527972793066,0.002584451678367584,,,,
kde_samples,,,,,,,,,,,,,,,,,,,,,,,,,,,,,,,,,,,,,846.0,0.004555439536641684,49.86996895989897,16.248048418943533,8.781369061164095e-08,9.88192590582161e-09,0.6985136676686763,0.6588109341349411,0.6771988374990662,0.6417590699992529,0.5496921252102733,4.847844876471913e-06,0.26804222672537303,2.340211133626865,0.2918717750610009,0.0017339896801952031,0.32060850419849235,0.002923651025190954,,,,
kde_samples,,,,,,,,,,,,,,,,,,,,,,,,,,,,,,,,,,,,,847.0,0.007207980664174905,56.08543219157713,22.46351165062169,1.7547726060465447e-10,1.97469583088206e-11,0.7415207205951032,0.6932165764760826,0.6564860224047392,0.6251888179237913,0.4734461634827168,4.314123144379018e-06,0.25647438277599255,2.2823719138799627,0.29393196055314974,0.0017405822737700792,0.24978911383422564,0.002498734683005354,,,,
kde_samples,,,,,,,,,,,,,,,,,,,,,,,,,,,,,,,,,,,,,848.0,0.002575298122007054,45.23008005169934,11.608159510743903,9.091601244808357e-06,1.0231039060162425e-06,0.7354676960841711,0.6883741568673368,0.6639170522231862,0.6311336417785489,0.5160713386427036,4.612499370498925e-06,0.26152979029640966,2.307648951482048,0.25818793567874093,0.001626201394171971,0.3419653928645733,0.0030517923571874396,,,,
kde_samples,,,,,,,,,,,,,,,,,,,,,,,,,,,,,,,,,,,,,849.0,0.0017163893771729652,43.21747573523101,9.595555194275576,6.803044759340992e-05,7.655660954179709e-06,0.6828236895625159,0.6462589516500128,0.7071022957270547,0.6656818365816438,0.5439554050059277,4.807687835041493e-06,0.2844984297000745,2.4224921485003725,0.2809276303897227,0.0016989684172471126,0.329157208716244,0.002974943252297464,,,,
kde_samples,,,,,,,,,,,,,,,,,,,,,,,,,,,,,,,,,,,,,850.0,-0.00038685396102102615,38.28913306030558,4.667212519350144,0.009398430992307315,0.0010576323355739534,0.7315080699699633,0.6852064559759706,0.7182158619649939,0.6745726895719951,0.53411274508531,4.73878921559717e-06,0.2743980320008179,2.3719901600040894,0.22634928080221772,0.0015243176985670968,0.28860655403887614,0.0027316393242332567,,,,
kde_samples,,,,,,,,,,,,,,,,,,,,,,,,,,,,,,,,,,,,,851.0,0.0017840772180220538,43.37608262040321,9.754162079447774,5.805254092573765e-05,6.532818562539357e-06,0.710657856096244,0.6685262848769952,0.7215924996104389,0.6772739996883511,0.5150019061769517,4.605013343238662e-06,0.33162463326344765,2.658123166317238,0.2909181827276675,0.001730938184728536,0.3094046207657225,0.002856427724594335,,,,
kde_samples,,,,,,,,,,,,,,,,,,,,,,,,,,,,,,,,,,,,,852.0,-0.0006976139227297604,37.560956936727585,3.939036395772149,0.019466964159394713,0.0021906731865443526,0.6583859633126966,0.6267087706501573,0.692765247801562,0.6542121982412497,0.5145287403747782,4.601701182623447e-06,0.29318561324842946,2.465928066242147,0.24358198634545053,0.0015794623563054418,0.3086154398425165,0.002851692639055099,,,,
kde_samples,,,,,,,,,,,,,,,,,,,,,,,,,,,,,,,,,,,,,853.0,0.005416232153236049,51.88698758517391,18.265067044218476,1.1683747724160868e-08,1.3148055674266807e-09,0.6849877093283677,0.6479901674626942,0.6467733977669073,0.6174187182135259,0.45676915526517065,4.197384086856194e-06,0.28150996647287174,2.4075498323643587,0.2774228413713967,0.0016877530923884694,0.25255914868342105,0.0025153548921005263,,,,
kde_samples,,,,,,,,,,,,,,,,,,,,,,,,,,,,,,,,,,,,,854.0,0.009382206615469228,61.18010209786347,27.558181556908032,1.0755579594983154e-12,1.2103561516602586e-13,0.6658368794048294,0.6326695035238635,0.6571030795645904,0.6256824636516722,0.5498833649180788,4.849183554426551e-06,0.2514970088071809,2.2574850440359047,0.30583171650505747,0.001778661492816184,0.25388795821257165,0.00252332774927543,,,,
kde_samples,,,,,,,,,,,,,,,,,,,,,,,,,,,,,,,,,,,,,855.0,0.0005819781835515042,40.559311083090286,6.93739054213485,0.0009707995553513522,0.00010924685215445083,0.7066307628067158,0.6653046102453726,0.7013357151740259,0.6610685721392208,0.4920002470001712,4.4440017290011985e-06,0.24716528342952013,2.2358264171476003,0.22889210868961793,0.0015324547478067774,0.30249539608112364,0.0028149723764867417,,,,
kde_samples,,,,,,,,,,,,,,,,,,,,,,,,,,,,,,,,,,,,,856.0,0.002034580100845583,43.96306370109506,10.341143160139623,3.227740332121837e-05,3.6322685657664095e-06,0.6789973532694484,0.6431978826155588,0.6993032320113044,0.6594425856090436,0.54865946821528,4.84061627750696e-06,0.2502009181719189,2.2510045908595946,0.271805618488699,0.0016697779791638367,0.3399744371148288,0.0030398466226889726,,,,
kde_samples,,,,,,,,,,,,,,,,,,,,,,,,,,,,,,,,,,,,,857.0,0.0006005597541412361,40.602851621477605,6.9809310805221685,0.0009294374191326239,0.0001045922525974452,0.7241504776107991,0.6793203820886393,0.6846640896435768,0.6477312717148614,0.5459846300360295,4.821892410252206e-06,0.2760252299769992,2.3801261498849957,0.2540348988973554,0.0016129116764715375,0.2876591990162952,0.0027259551940977712,,,,
kde_samples,,,,,,,,,,,,,,,,,,,,,,,,,,,,,,,,,,,,,858.0,0.004446814033135335,49.61543649815572,15.99351595720028,1.1326722837744072e-07,1.2746285352403411e-08,0.6865017425609938,0.6492013940487951,0.7208349443739794,0.6766679554991836,0.5140617742598008,4.5984324198186055e-06,0.2986565432611663,2.4932827163058313,0.3073578309663914,0.0017835450590924524,0.2989767444782955,0.002793860466869773,,,,
kde_samples,,,,,,,,,,,,,,,,,,,,,,,,,,,,,,,,,,,,,859.0,0.004911854717090124,50.705124888790955,17.08320434783552,3.809417903058391e-08,4.286846982529971e-09,0.7172273323197915,0.6737818658558332,0.6474061622468027,0.6179249297974422,0.5064009804527554,4.544806863169287e-06,0.3266871808722932,2.633435904361466,0.2971455231398328,0.0017508656740474649,0.2553202099146936,0.0025319212594881618,,,,
kde_samples,,,,,,,,,,,,,,,,,,,,,,,,,,,,,,,,,,,,,860.0,0.0032311142627223094,46.76679556839615,13.144875027440712,1.9554796928444023e-06,2.2005572594013632e-07,0.7285264005442454,0.6828211204353963,0.7072690261665285,0.6658152209332229,0.49988385972535615,4.499187018077493e-06,0.2564209957672565,2.2821049788362826,0.2817702613337225,0.001701664836267912,0.2810728787302723,0.002686437272381634,,,,
kde_samples,,,,,,,,,,,,,,,,,,,,,,,,,,,,,,,,,,,,,861.0,0.00824433864675711,58.513837492718,24.89191695176256,1.5473117512596464e-11,1.7412341939683765e-12,0.7338650906122285,0.6870920724897828,0.6390004507324997,0.6112003605859997,0.46942486303843645,4.285974041269055e-06,0.29718159748268,2.4859079874134,0.31157208420211946,0.0017970306694467825,0.30429241719030437,0.002825754503141826,,,,
kde_samples,,,,,,,,,,,,,,,,,,,,,,,,,,,,,,,,,,,,,862.0,0.003278743075237553,46.878399920119165,13.256479379163729,1.7489772330025589e-06,1.968174131746268e-07,0.7373422337155877,0.6898737869724701,0.7197584598195104,0.6758067678556083,0.46440739066462383,4.250851734652367e-06,0.33452280787650385,2.6726140393825193,0.3025103945432955,0.0017680332625385456,0.27742115195327655,0.0026645269117196594,,,,
kde_samples,,,,,,,,,,,,,,,,,,,,,,,,,,,,,,,,,,,,,863.0,0.00405653863576403,48.70093894054545,15.079018399590012,2.826607562342096e-07,3.180862380495007e-08,0.6821164061732563,0.6456931249386051,0.6805175853811919,0.6444140683049535,0.48010965037979475,4.360767552658563e-06,0.31122174785448087,2.5561087392724042,0.29503362215611634,0.0017441075908995723,0.33159773063777487,0.002989586383826649,,,,
kde_samples,,,,,,,,,,,,,,,,,,,,,,,,,,,,,,,,,,,,,864.0,0.0023369305501848014,44.67153456378699,11.049614022831555,1.5893282491336403e-05,1.7885165614353323e-06,0.7357142926840743,0.6885714341472594,0.7032412861108696,0.6625930288886956,0.4840116007686474,4.388081205380532e-06,0.3290830622997659,2.6454153114988297,0.24501407800475053,0.0015840450496152018,0.28371426371611813,0.0027022855822967087,,,,
kde_samples,,,,,,,,,,,,,,,,,,,,,,,,,,,,,,,,,,,,,865.0,0.000857718602568204,41.20542903319335,7.583508492237911,0.000508773061635939,5.7253688609892824e-05,0.6533920144161718,0.6227136115329375,0.71685475126152,0.673483801009216,0.5136640015862972,4.59564801110408e-06,0.2906334271492389,2.4531671357461944,0.26923334010684113,0.0016615466883418916,0.2775633541678894,0.0026653801250073363,,,,
kde_samples,,,,,,,,,,,,,,,,,,,,,,,,,,,,,,,,,,,,,866.0,0.005208583083769966,51.40042202622295,17.778501485267512,1.900618308358489e-08,2.138820173440792e-09,0.6782725331019974,0.6426180264815979,0.6799384588959136,0.6439507671167309,0.5324562681681573,4.727193877177101e-06,0.24260271419104232,2.2130135709552117,0.2793673480426805,0.0016939755137365775,0.32197466948990505,0.0029318480169394307,,,,
kde_samples,,,,,,,,,,,,,,,,,,,,,,,,,,,,,,,,,,,,,867.0,0.0019603328281226906,43.78908668378462,10.167166142829181,3.841102067393631e-05,4.322502079379666e-06,0.7283511858068359,0.6826809486454687,0.7193076096992197,0.6754460877593758,0.46244186787335534,4.237093075113487e-06,0.31299237088151366,2.564961854407568,0.2759098157709612,0.0016829114104670757,0.2672759121883946,0.0026036554731303676,,,,
kde_samples,,,,,,,,,,,,,,,,,,,,,,,,,,,,,,,,,,,,,868.0,0.009801340628433845,62.16222147753544,28.540300936580003,4.028142180784013e-13,4.532983671608202e-14,0.6919778028003525,0.6535822422402819,0.7122937990074412,0.6698350392059529,0.5201270091632434,4.640889064142704e-06,0.24446462603977276,2.2223231301988635,0.31751840443638335,0.0018160588941964267,0.2639905459829564,0.0025839432758977387,,,,
kde_samples,,,,,,,,,,,,,,,,,,,,,,,,,,,,,,,,,,,,,869.0,0.004028483069855399,48.63519883324268,15.013278292287247,3.018673083991618e-07,3.39699920845244e-08,0.7242969720054739,0.6794375776043792,0.6489999080690639,0.6191999264552511,0.46573446682627984,4.260141267783959e-06,0.29905077842811406,2.4952538921405703,0.27446209578652336,0.0016782787065168748,0.339429900661551,0.003036579403969306,,,,
kde_samples,,,,,,,,,,,,,,,,,,,,,,,,,,,,,,,,,,,,,870.0,0.0013470587228444075,42.352056127413064,8.730135586457628,0.00016164053847164266,1.8189872369880017e-05,0.6794128520448328,0.6435302816358662,0.702070325475273,0.6616562603802184,0.495035549339474,4.465248845376318e-06,0.25896475327577617,2.294823766378881,0.26468252094238776,0.0016469840670156409,0.31198477544110537,0.0028719086526466323,,,,
kde_samples,,,,,,,,,,,,,,,,,,,,,,,,,,,,,,,,,,,,,871.0,-0.000152986393962308,38.83713408809258,5.215213547137147,0.005433273092672704,0.000611421769816475,0.6910060493464131,0.6528048394771304,0.7052848882117472,0.6642279105693978,0.4722283211904532,4.305598248333172e-06,0.2717050240469103,2.3585251202345514,0.2356319613526808,0.0015540222763285787,0.31633380333156347,0.002898002819989381,,,,
kde_samples,,,,,,,,,,,,,,,,,,,,,,,,,,,,,,,,,,,,,872.0,0.0026176346531682146,45.32928347216947,11.707362931214035,8.232976605419947e-06,9.264804181722606e-07,0.67364577011525,0.6389166160922,0.6989242719112695,0.6591394175290156,0.48412735222747555,4.388891465592329e-06,0.2709481033332023,2.3547405166660114,0.272095476543723,0.0016707055249399138,0.24928642728290137,0.0024957185636974083,,,,
kde_samples,,,,,,,,,,,,,,,,,,,,,,,,,,,,,,,,,,,,,873.0,0.0025996107145020986,45.28704958297302,11.665129042017583,8.588134282418e-06,9.664473279392124e-07,0.7311338899588268,0.6849071119670614,0.7132373354305191,0.6705898683444154,0.4825389948972194,4.377772964280536e-06,0.3336975862485876,2.6684879312429377,0.25434979675464253,0.0016139193496148563,0.27035331831570675,0.0026221199098942407,,,,
kde_samples,,,,,,,,,,,,,,,,,,,,,,,,,,,,,,,,,,,,,874.0,0.0014984435609073088,42.70678272714294,9.0848621861875,0.00011336904381279998,1.275774293471525e-05,0.6470921721151263,0.617673737692101,0.7166010094941527,0.6732808075953222,0.48075526229540677,4.365286836067847e-06,0.27145378231544026,2.357268911577201,0.268071682782199,0.001657829384903037,0.2570705179949822,0.0025424231079698933,,,,
kde_samples,,,,,,,,,,,,,,,,,,,,,,,,,,,,,,,,,,,,,875.0,0.0017375532312073963,43.26706710828314,9.645146567327707,6.473901221358024e-05,7.2852663116048635e-06,0.7396521584963724,0.691721726797098,0.6990776882852496,0.6592621506281997,0.49570806927265304,4.469956484908571e-06,0.26907321177795596,2.3453660588897796,0.24923314112370473,0.0015975460515958552,0.25073701443659185,0.002504422086619551,,,,
kde_samples,,,,,,,,,,,,,,,,,,,,,,,,,,,,,,,,,,,,,876.0,0.003484626867997352,47.360829063484424,13.738908522528988,1.0796123434327133e-06,1.2149186659281833e-07,0.664950150819794,0.6319601206558352,0.6896479440885247,0.6517183552708198,0.4980066839113742,4.486046787379619e-06,0.27429735570931635,2.371486778546582,0.28222300137162026,0.001703113604389185,0.26851928177199297,0.0026111156906319577,,,,
kde_samples,,,,,,,,,,,,,,,,,,,,,,,,,,,,,,,,,,,,,877.0,0.0025578557013206174,45.18920878176023,11.567288240804793,9.47088463365151e-06,1.065785751179007e-06,0.6922425844572696,0.6537940675658157,0.6994722397473542,0.6595777917978833,0.47326645162562725,4.31286516137939e-06,0.28181973780787534,2.409098689039377,0.28036930239560026,0.001697181767665921,0.3382236415544548,0.003029341849326729,,,,
kde_samples,,,,,,,,,,,,,,,,,,,,,,,,,,,,,,,,,,,,,878.0,0.0012283875063955271,42.07398444179796,8.452063900842525,0.00021345940138128505,2.4021197306007137e-05,0.7374532542318653,0.6899626033854922,0.694155094333462,0.6553240754667696,0.5192956477932025,4.635069534552418e-06,0.2551906215961036,2.275953107980518,0.23100039579393494,0.001539201266540592,0.2646123821989513,0.002587674293193708,,,,
kde_samples,,,,,,,,,,,,,,,,,,,,,,,,,,,,,,,,,,,,,879.0,0.001426849966326714,42.53902383732954,8.917103296374101,0.0001340760614385943,1.5087962886563117e-05,0.6661504008326611,0.6329203206661289,0.7096986274682556,0.6677589019746045,0.49449458775116406,4.4614621142581485e-06,0.3113534325953814,2.556767162976907,0.2827418667709237,0.001704773973666956,0.3112900874707653,0.002867740524824592,,,,
kde_samples,,,,,,,,,,,,,,,,,,,,,,,,,,,,,,,,,,,,,880.0,-0.0019310321552469603,34.67079791377532,1.0488773728198808,0.35033081933403326,0.039423729660734284,0.6505723726086033,0.6204578980868827,0.7290539913065086,0.6832431930452069,0.4703102028769115,4.29217142013838e-06,0.28329878362396405,2.41649391811982,0.23510959698370232,0.0015523507103478475,0.3111552498543868,0.0028669314991263206,,,,
kde_samples,,,,,,,,,,,,,,,,,,,,,,,,,,,,,,,,,,,,,881.0,0.0028445685169935717,45.86103737109615,12.239116830140716,4.837479051095154e-06,5.44375361301003e-07,0.7253371579107348,0.6802697263285878,0.723359583343492,0.6786876666747936,0.4832186705918748,4.382530694143124e-06,0.24441483660075955,2.222074183003798,0.2777188739212444,0.0016887003965479822,0.29664373536583305,0.0027798624121949983,,,,
kde_samples,,,,,,,,,,,,,,,,,,,,,,,,,,,,,,,,,,,,,882.0,0.00019748386366657406,39.65835980914856,6.036439268193121,0.0023900541217937643,0.000268959630075479,0.7153511644979138,0.672280931598331,0.7024351473165286,0.6619481178532228,0.46316588322776536,4.242161182594358e-06,0.25506765979774293,2.2753382989887148,0.22319747675121548,0.0015142319256038895,0.3277325630120407,0.0029663953780722442,,,,
kde_samples,,,,,,,,,,,,,,,,,,,,,,,,,,,,,,,,,,,,,883.0,0.006535148121063393,54.50884365563416,20.886923114678723,8.490329545223275e-10,9.554410809694661e-11,0.7176653834770109,0.6741323067816087,0.6965502689813566,0.6572402151850854,0.45935007907573633,4.215450553530154e-06,0.2857340188982551,2.4286700944912756,0.3110363387672006,0.001795316284055042,0.3446819748863337,0.003068091849318002,,,,
kde_samples,,,,,,,,,,,,,,,,,,,,,,,,,,,,,,,,,,,,,884.0,0.0072936601673600845,56.28619733569808,22.66427679474264,1.4355874455986677e-10,1.6155076355318495e-11,0.7110223464994637,0.668817877199571,0.6680297231622703,0.6344237785298162,0.5278506959825233,4.694954871877663e-06,0.28539320867480344,2.4269660433740174,0.3162084618305313,0.0018118670778577003,0.2927530375949757,0.002756518225569854,,,,
kde_samples,,,,,,,,,,,,,,,,,,,,,,,,,,,,,,,,,,,,,885.0,-0.0008127700662815887,37.291121808171496,3.66920126721606,0.025496826967274084,0.0028692309043068078,0.6628192765162967,0.6302554212130373,0.6936169563996597,0.6548935651197277,0.5267753162460176,4.687427213722123e-06,0.28426507515892563,2.4213253757946283,0.2234585353340341,0.001515067313068909,0.27837821617983627,0.002670269297079018,,,,
kde_samples,,,,,,,,,,,,,,,,,,,,,,,,,,,,,,,,,,,,,886.0,0.00823175268315502,58.484345925860836,24.8624253849054,1.5936239522762947e-11,1.7933506391142732e-12,0.6468116581716574,0.617449326537326,0.7082893059166043,0.6666314447332835,0.49591912650644165,4.471433885545091e-06,0.2998698481777019,2.4993492408885096,0.3192094682395807,0.0018214702983666581,0.29102063397949507,0.0027461238038769707,,,,
kde_samples,,,,,,,,,,,,,,,,,,,,,,,,,,,,,,,,,,,,,887.0,0.006761974243097678,55.04034509282369,21.418424551868256,4.989952437087459e-10,5.6153362776823605e-11,0.6784114845984399,0.642729187678752,0.6809221885241634,0.6447377508193307,0.5082772147158842,4.557940503011189e-06,0.2899909344703833,2.4499546723519163,0.3121524878455607,0.0017988879611057942,0.3127293151427499,0.0028763758908564993,,,,
kde_samples,,,,,,,,,,,,,,,,,,,,,,,,,,,,,,,,,,,,,888.0,0.0023858244079285537,44.78610318325409,11.164182642298655,1.4172846499883336e-05,1.5949109758503189e-06,0.6947943783854623,0.6558355027083699,0.6425957334385244,0.6140765867508196,0.527599278079356,4.693194946555492e-06,0.3207517816567012,2.603758908283506,0.2738020272199429,0.0016761664871038173,0.27846077593107665,0.00267076465558646,,,,
kde_samples,,,,,,,,,,,,,,,,,,,,,,,,,,,,,,,,,,,,,889.0,0.0006124373795940233,40.63068340267607,7.0087628617206335,0.0009039261786240445,0.00010172139969608729,0.7068742711903173,0.6654994169522539,0.7086279272701431,0.6669023418161145,0.5411826752988491,4.788278727091944e-06,0.2777121315386076,2.388560657693038,0.2527656011781807,0.0016088499237701783,0.2564684958525935,0.002538810975115561,,,,
kde_samples,,,,,,,,,,,,,,,,,,,,,,,,,,,,,,,,,,,,,890.0,0.0027845368626420106,45.72037054543003,12.098450004474593,5.568137144076663e-06,6.265984074688751e-07,0.7077650404349959,0.6662120323479968,0.7252186413587235,0.6801749130869787,0.45857783852471573,4.21004486967301e-06,0.2982592376434342,2.491296188217171,0.29059593984008114,0.0017299070074882597,0.28129927248765507,0.00268779563492593,,,,
kde_samples,,,,,,,,,,,,,,,,,,,,,,,,,,,,,,,,,,,,,891.0,-1.61215412636459e-05,39.15783730012861,5.535916759173176,0.003942592570805043,0.00044367122472783777,0.7078700433917038,0.6662960347133631,0.7260591051478014,0.6808472841182411,0.5350006707495314,4.74500469524672e-06,0.294550739250521,2.472753696252605,0.2345261123156587,0.001550483559410108,0.27448648745854937,0.002646918924751296,,,,
kde_samples,,,,,,,,,,,,,,,,,,,,,,,,,,,,,,,,,,,,,892.0,-0.0003443579004835662,38.38871029174606,4.766789750790622,0.008507648038582009,0.0009573899805884144,0.6597476760377332,0.6277981408301866,0.6598569342243429,0.6278855473794743,0.5400210780428768,4.780147546300137e-06,0.30473361382597136,2.5236680691298568,0.24658928825205048,0.0015890857224065617,0.34327402217716796,0.003059644133063008,,,,
kde_samples,,,,,,,,,,,,,,,,,,,,,,,,,,,,,,,,,,,,,893.0,0.002385865085656455,44.786198499748714,11.164277958793278,1.4171495658215915e-05,1.5947589617717057e-06,0.683672958420666,0.6469383667365328,0.6496608335137845,0.6197286668110276,0.4770910723649604,4.339637506554723e-06,0.32911371922767363,2.645568596138368,0.26687318885917677,0.0016539942043493658,0.30485878531379734,0.002829152711882784,,,,
kde_samples,,,,,,,,,,,,,,,,,,,,,,,,,,,,,,,,,,,,,894.0,0.004420497609046364,49.55377156688796,15.931851025932524,1.2047169282442417e-07,1.3557024354036703e-08,0.7190718277533248,0.6752574622026598,0.6473058342113691,0.6178446673690953,0.4772379686911891,4.3406657808383235e-06,0.23873834351400336,2.193691717570017,0.25778698542774675,0.0016249183533687897,0.27462086058816165,0.00264772516352897,,,,
kde_samples,,,,,,,,,,,,,,,,,,,,,,,,,,,,,,,,,,,,,895.0,0.0014448016848446418,42.58108849948895,8.959167958533513,0.00012855317081726487,1.4466456199783465e-05,0.7081872644980657,0.6665498115984525,0.6709456728008386,0.6367565382406709,0.5224696106441996,4.657287274509397e-06,0.3250860344845996,2.6254301724229983,0.24933550420582115,0.0015978736134586277,0.2850512986354663,0.002710307791812798,,,,
kde_samples,,,,,,,,,,,,,,,,,,,,,,,,,,,,,,,,,,,,,896.0,0.00026549742902711587,39.817729935540115,6.195809394584678,0.0020379530238199463,0.0002293366858933055,0.7019260574131181,0.6615408459304944,0.7174384371719852,0.6739507497375882,0.47110269303244023,4.297718851227081e-06,0.2747783897038327,2.3738919485191636,0.25491681793153276,0.001615733817380905,0.3402054104274774,0.0030412324625648645,,,,
kde_samples,,,,,,,,,,,,,,,,,,,,,,,,,,,,,,,,,,,,,897.0,0.004219877780319604,49.0836770013208,15.461756460365365,1.9277223772021688e-07,2.169321157762709e-08,0.7168258281508099,0.6734606625206478,0.7078272299014183,0.6662617839211347,0.4797004327072334,4.357903028950633e-06,0.3238975461792549,2.6194877308962745,0.3092943456052572,0.001789741905936823,0.26370890067150793,0.0025822534040290477,,,,
kde_samples,,,,,,,,,,,,,,,,,,,,,,,,,,,,,,,,,,,,,898.0,0.002450076990717316,44.936660534361145,11.31473999340571,1.2191884976511824e-05,1.3719877065982037e-06,0.7418359542365797,0.6934687633892638,0.6823266457708602,0.6458613166166882,0.4874636068062267,4.412245247643587e-06,0.26416816010882443,2.320840800544122,0.25804229515322447,0.0016257353444903183,0.30951714449828005,0.0028571028669896804,,,,
kde_samples,,,,,,,,,,,,,,,,,,,,,,,,,,,,,,,,,,,,,899.0,0.0038834752543810067,48.295414942229,14.673494401273565,4.2401610401275336e-07,4.771574561488389e-08,0.6510566728556552,0.6208453382845242,0.6534195983197162,0.622735678655773,0.4859814515882463,4.401870161117724e-06,0.32005668071456517,2.600283403572826,0.2864664597004596,0.0017166926710414708,0.2826101780690935,0.002695661068414561,,,,
kde_samples,,,,,,,,,,,,,,,,,,,,,,,,,,,,,,,,,,,,,900.0,0.0008695003548349553,41.23303616329912,7.611115622343682,0.0004949194072222074,5.56946972329468e-05,0.719944154153513,0.6759553233228104,0.6953239341513515,0.6562591473210813,0.552624053176222,4.868368372233554e-06,0.2968650516778677,2.4843252583893385,0.27637630702240307,0.00168440418247169,0.2750255071806796,0.0026501530430840777,,,,
kde_samples,,,,,,,,,,,,,,,,,,,,,,,,,,,,,,,,,,,,,901.0,0.0018344457326521166,43.494106671931696,9.87218613097626,5.158982313592895e-05,5.80555043493536e-06,0.6862140605122317,0.6489712484097854,0.7258917577963685,0.6807134062370948,0.5045748016467617,4.5320236115273316e-06,0.30733882229116394,2.5366941114558195,0.292577962331855,0.0017362494794619361,0.29632015587131016,0.002777920935227861,,,,
kde_samples,,,,,,,,,,,,,,,,,,,,,,,,,,,,,,,,,,,,,902.0,0.0024991369567379726,45.051618380550075,11.429697839594638,1.0867891611863038e-05,1.2229949443292604e-06,0.7382788205466589,0.6906230564373271,0.6755054834388828,0.6404043867511062,0.5125651156879214,4.58795580981545e-06,0.24418724747823467,2.2209362373911734,0.2525928397599725,0.001608297087231912,0.2892380357927844,0.002735428214756706,,,,
kde_samples,,,,,,,,,,,,,,,,,,,,,,,,,,,,,,,,,,,,,903.0,0.0013036753000820814,42.25039961915211,8.628479078196676,0.00017893658686803134,2.0136246192983634e-05,0.6895133894369071,0.6516107115495257,0.6422470102049671,0.6137976081639737,0.5151631964093143,4.6061423748652e-06,0.31790120448002507,2.5895060224001254,0.24425974164681316,0.0015816311732698022,0.2625155186755413,0.002575093112053248,,,,
kde_samples,,,,,,,,,,,,,,,,,,,,,,,,,,,,,,,,,,,,,904.0,0.00553239973891248,52.15919273592162,18.537272194966185,8.899487065436545e-09,1.0014847476277633e-09,0.7217696010892591,0.6774156808714074,0.7149463418142163,0.6719570734513731,0.4684610941209092,4.2792276588463644e-06,0.24786322302636976,2.2393161151318486,0.2961067932693888,0.0017475417384620444,0.3089292780890947,0.0028535756685345685,,,,
kde_samples,,,,,,,,,,,,,,,,,,,,,,,,,,,,,,,,,,,,,905.0,0.0037743509330793665,48.03971364520032,14.417793104244886,5.4756037670729e-07,6.161853617467605e-08,0.7061917056894786,0.6649533645515829,0.6505886300082687,0.620470904006615,0.4554323193530848,4.188026235471594e-06,0.3105872108636169,2.5529360543180846,0.26996857537641494,0.001663899441204528,0.27518080750325624,0.0026510848450195376,,,,
kde_samples,,,,,,,,,,,,,,,,,,,,,,,,,,,,,,,,,,,,,906.0,0.010517325614520442,63.83992528738865,30.218004746433216,7.524666987353659e-14,8.467723098424647e-15,0.7047563369121901,0.663805069529752,0.6465307901017443,0.6172246320813954,0.540121818102852,4.780852726719964e-06,0.26898932704514905,2.344946635225745,0.31477325297916253,0.0018072744095333202,0.33779809810082556,0.0030267885886049533,,,,
kde_samples,,,,,,,,,,,,,,,,,,,,,,,,,,,,,,,,,,,,,907.0,0.0010385091685388911,41.62905945451318,8.007138913557746,0.00033307631716776045,3.7482031153800756e-05,0.6674732396567568,0.6339785917254054,0.6503424818934253,0.6202739855147402,0.4992436069276399,4.49470524849348e-06,0.3185519315744041,2.5927596578720205,0.2519128982474457,0.0016061212743918264,0.31159299125976037,0.002869557947558562,,,,
kde_samples,,,,,,,,,,,,,,,,,,,,,,,,,,,,,,,,,,,,,908.0,0.0058047086575305495,52.79726995695331,19.17534941599787,4.701663681874194e-09,5.29091669132217e-10,0.6953728368472687,0.656298269477815,0.6382650568763906,0.6106120455011125,0.47155725506803325,4.300900785476233e-06,0.23922668030492167,2.1961334015246083,0.26895150737234,0.0016606448235914882,0.2778882267544967,0.00266732936052698,,,,
kde_samples,,,,,,,,,,,,,,,,,,,,,,,,,,,,,,,,,,,,,909.0,-0.001011754098845609,36.824860257971565,3.202939717016129,0.04064255059343169,0.004573622527313033,0.6547379343053655,0.6237903474442924,0.7019397385283865,0.6615517908227092,0.5074427119925168,4.5520989839476175e-06,0.25932277704663503,2.2966138852331754,0.2249002272792187,0.0015196807272935,0.3049740715561749,0.002829844429337049,,,,
kde_samples,,,,,,,,,,,,,,,,,,,,,,,,,,,,,,,,,,,,,910.0,0.0034819200824646943,47.35448649417244,13.732565953217005,1.0864816209572196e-06,1.222648860508423e-07,0.7314638761952098,0.6851711009561678,0.6648657874658407,0.6318926299726726,0.4876307161817597,4.413415013272318e-06,0.33227757063548546,2.6613878531774273,0.28803752630340196,0.0017217200841708863,0.29738406039027,0.00278430436234162,,,,
kde_samples,,,,,,,,,,,,,,,,,,,,,,,,,,,,,,,,,,,,,911.0,0.0028777949339416978,45.9388938728174,12.316973331861966,4.475138164963181e-06,5.036001044536244e-07,0.7425171304001323,0.6940137043201059,0.6775938765716727,0.6420751012573381,0.4989499149282009,4.492649404497407e-06,0.2453130828763408,2.226565414381704,0.2585002214380502,0.0016272007086017607,0.31203759937155756,0.0028722255962293454,,,,
kde_samples,,,,,,,,,,,,,,,,,,,,,,,,,,,,,,,,,,,,,912.0,0.003035430879120414,46.30826813475781,12.686347593802374,3.093066408842498e-06,3.480716145862045e-07,0.7403256132897393,0.6922604906317915,0.6701478034641002,0.6361182427712802,0.5195221198836231,4.6366548391853615e-06,0.3211314731941347,2.6056573659706737,0.28692741052879894,0.0017181677136921566,0.25990666488081315,0.002559439989284879,,,,
kde_samples,,,,,,,,,,,,,,,,,,,,,,,,,,,,,,,,,,,,,913.0,0.007019171603629089,55.6430127465216,22.021092205566163,2.731248209700437e-10,3.0735517720160294e-11,0.6455411764047454,0.6164329411237963,0.7189882760039463,0.6751906208031571,0.5380321406882961,4.766224984818072e-06,0.3016599177713344,2.508299588856672,0.31461400564527386,0.0018067648180648765,0.2722668002721542,0.0026336008016329257,,,,
kde_samples,,,,,,,,,,,,,,,,,,,,,,,,,,,,,,,,,,,,,914.0,0.0014095861021353809,42.49857096291258,8.876650421957144,0.00013961102125180288,1.5710827754044006e-05,0.734174599789641,0.6873396798317127,0.6875471133409791,0.6500376906727833,0.5118314254745823,4.582819978322076e-06,0.24954061347754522,2.247703067387726,0.24709967747324274,0.0015907189679143768,0.32035870726916904,0.0029221522436150144,,,,
kde_samples,,,,,,,,,,,,,,,,,,,,,,,,,,,,,,,,,,,,,915.0,0.006259803839662029,53.86365393950163,20.241733398546195,1.6185528352023553e-09,1.8214038244745953e-10,0.6709387223958357,0.6367509779166686,0.693000401208476,0.6544003209667808,0.4668298491153393,4.267808943807375e-06,0.2991365469759563,2.4956827348797814,0.31091533683366934,0.001794929077867742,0.24834949053095942,0.0024900969431857567,,,,
kde_samples,,,,,,,,,,,,,,,,,,,,,,,,,,,,,,,,,,,,,916.0,0.012423541082465496,68.30659011293537,34.68466957197993,8.642500199738177e-16,9.725652801972036e-17,0.6559950700316773,0.6247960560253418,0.7139619725153937,0.671169578012315,0.5199919147869555,4.6399434035086884e-06,0.24986432090062644,2.249321604503132,0.31365609140810563,0.0018036994925059381,0.2967507879135594,0.0027805047274813565,,,,
kde_samples,,,,,,,,,,,,,,,,,,,,,,,,,,,,,,,,,,,,,917.0,0.004272723498779725,49.20750566381771,15.585585122862277,1.7032028843697862e-07,1.9166629472799656e-08,0.71427431485664,0.6714194518853119,0.6405958924173857,0.6124767139339086,0.5075019346813462,4.552513542769423e-06,0.31690615841371317,2.584530792068566,0.2874209717715344,0.0017197471096689102,0.2843109534624385,0.002705865720774631,,,,
kde_samples,,,,,,,,,,,,,,,,,,,,,,,,,,,,,,,,,,,,,918.0,0.0026351150379862534,45.37024370007483,11.748323159119394,7.902565067376445e-06,8.892982622392585e-07,0.720317747581006,0.6762541980648048,0.6411732631827507,0.6129386105462006,0.5183887876333523,4.6287215134334656e-06,0.27302365686435864,2.3651182843217935,0.24822280380883616,0.0015943129721882757,0.2581865680842203,0.002549119408505322,,,,
kde_samples,,,,,,,,,,,,,,,,,,,,,,,,,,,,,,,,,,,,,919.0,0.0015035452516707834,42.718737064450146,9.09681652349471,0.00011202186040864464,1.2606140530936415e-05,0.7034177358155187,0.662734188652415,0.6553902604831076,0.624312208386486,0.5335040377125078,4.734528263987554e-06,0.24491000237790092,2.2245500118895043,0.2397887953181008,0.0015673241450179227,0.2902610252535479,0.0027415661515212877,,,,
kde_samples,,,,,,,,,,,,,,,,,,,,,,,,,,,,,,,,,,,,,920.0,0.00942359541243247,61.27708477724897,27.655164236293537,9.76145993389163e-13,1.0984850212704303e-13,0.7298598636082867,0.6838878908866294,0.6482674701662845,0.6186139761330276,0.5452977876448695,4.817084513514086e-06,0.2634675000996404,2.3173375004982018,0.3098995734673198,0.0017916786350954234,0.3441675978660587,0.0030650055871963523,,,,
kde_samples,,,,,,,,,,,,,,,,,,,,,,,,,,,,,,,,,,,,,921.0,-0.0009408574098472774,36.990986151041746,3.3690656100863094,0.034421785690948725,0.0038735820505297566,0.6553770912895752,0.6243016730316602,0.72846174115498,0.682769392923984,0.5203495455136302,4.642446818595412e-06,0.3024419679614771,2.5122098398073858,0.254734980617613,0.0016151519379763617,0.31777971436738595,0.0029066782862043157,,,,
kde_samples,,,,,,,,,,,,,,,,,,,,,,,,,,,,,,,,,,,,,922.0,0.00024802100195948223,39.776778981478564,6.154858440523128,0.002123141514847876,0.00023892319057729327,0.7107631152518421,0.6686104922014737,0.7099409783631778,0.6679527826905423,0.45913012949204696,4.213910906444329e-06,0.2590114907264379,2.2950574536321895,0.23690302207209657,0.001558089670630709,0.3445854735967636,0.003067512841580582,,,,
kde_samples,,,,,,,,,,,,,,,,,,,,,,,,,,,,,,,,,,,,,923.0,0.0016477927118168367,43.05673928258523,9.43481874162979,7.989328577074806e-05,8.99062008281548e-06,0.7056223705557938,0.6644978964446351,0.6714964805785592,0.6371971844628473,0.4826797267586839,4.378758087310787e-06,0.2542636291472712,2.271318145736356,0.22607319410718377,0.0015234342211429882,0.2731245024004626,0.0026387470144027757,,,,
kde_samples,,,,,,,,,,,,,,,,,,,,,,,,,,,,,,,,,,,,,924.0,0.01123963514947627,65.5324488489681,31.910528308012665,1.3849485541120747e-14,1.5585222417808305e-15,0.7087613580252009,0.6670090864201608,0.6498310457095385,0.6198648365676308,0.5302033423412214,4.711423396388549e-06,0.2601774185986185,2.3008870929930927,0.3130584379343801,0.0018017870013900166,0.34340543559278824,0.0030604326135567294,,,,
kde_samples,,,,,,,,,,,,,,,,,,,,,,,,,,,,,,,,,,,,,925.0,-0.0007517978643928405,37.433992535060625,3.812071994105189,0.022102335570811756,0.002487239073259191,0.6704218415890136,0.6363374732712109,0.7161857863309473,0.6729486290647578,0.549830484369368,4.848813390585576e-06,0.2442678318437363,2.2213391592186813,0.22217322305177228,0.0015109543137656713,0.27398059985737455,0.0026438835991442473,,,,
kde_samples,,,,,,,,,,,,,,,,,,,,,,,,,,,,,,,,,,,,,926.0,2.094029565314487e-05,39.244680999652694,5.6227604586972575,0.0036146492343156643,0.00040676682257910994,0.7092599791328007,0.6674079833062405,0.706304188382793,0.6650433507062343,0.5279193254518192,4.695435278162734e-06,0.2897559068681446,2.448779534340723,0.23132018303129745,0.0015402245857001518,0.25915236335762315,0.0025549141801457387,,,,
kde_samples,,,,,,,,,,,,,,,,,,,,,,,,,,,,,,,,,,,,,927.0,0.00367986993414382,47.818324740470224,14.196404199514788,6.832505552251949e-07,7.688814027538208e-08,0.7157881064352042,0.6726304851481634,0.6857720146566691,0.6486176117253353,0.4641901271637951,4.249330890146566e-06,0.3285850517169394,2.642925258584697,0.2920683452234476,0.0017346187047150323,0.28277724219266703,0.0026966634531560025,,,,
kde_samples,,,,,,,,,,,,,,,,,,,,,,,,,,,,,,,,,,,,,928.0,0.00767577184438932,57.181565574975394,23.559645034019958,5.863759723595034e-11,6.598656623415582e-12,0.6772805617701866,0.6418244494161492,0.6403292176605513,0.612263374128441,0.5402351209555261,4.7816458466886824e-06,0.2855639895005254,2.427819947502627,0.313556902176025,0.00180338208696328,0.26093624927900017,0.002565617495674001,,,,
kde_samples,,,,,,,,,,,,,,,,,,,,,,,,,,,,,,,,,,,,,929.0,0.004957662030284242,50.81246108348543,17.190540542529995,3.4217092311630844e-08,3.8505473187727545e-09,0.6827424202230632,0.6461939361784506,0.6608883308098993,0.6287106646479195,0.5019004041899595,4.5133028293297165e-06,0.2798359229277767,2.3991796146388835,0.2916438639025185,0.0017332603644880594,0.29910892318104887,0.002794653539086293,,,,
kde_samples,,,,,,,,,,,,,,,,,,,,,,,,,,,,,,,,,,,,,930.0,-0.00019201460445473356,38.74568276061045,5.123762219655013,0.005953582024423288,0.0006699736229032062,0.6636474522773083,0.6309179618218466,0.7292125002452992,0.6833700001962393,0.454356525687777,4.180495679814439e-06,0.2698911506255906,2.3494557531279527,0.25071010447212105,0.0016022723343107875,0.27262499342637164,0.00263574996055823,,,,
kde_samples,,,,,,,,,,,,,,,,,,,,,,,,,,,,,,,,,,,,,931.0,0.003235485297370909,46.77703782434489,13.155117283389451,1.9355533886765532e-06,2.178133619079219e-07,0.6448352058435618,0.6158681646748494,0.7143416546426324,0.671473323714106,0.46082757989906276,4.225793059293439e-06,0.30106200929148497,2.5053100464574247,0.2888353971223122,0.0017242732707913992,0.2617548321690798,0.0025705289930144787,,,,
kde_samples,,,,,,,,,,,,,,,,,,,,,,,,,,,,,,,,,,,,,932.0,0.0012127693643255236,42.0373878413624,8.415467300406966,0.00022141599391207694,2.4916575433317915e-05,0.7080253419647828,0.6664202735718263,0.7220110379727112,0.6776088303781689,0.5106727525725626,4.574709268007938e-06,0.28610999261532055,2.4305499630766025,0.2776091172745233,0.0016883491752784747,0.2579510860433974,0.0025477065162603845,,,,
kde_samples,,,,,,,,,,,,,,,,,,,,,,,,,,,,,,,,,,,,,933.0,0.009044544883355994,60.38888945316216,26.76696891220672,2.3727561304663454e-12,2.670130376087864e-13,0.658313714500894,0.6266509716007153,0.7211910372905218,0.6769528298324174,0.5005869659634619,4.504108761744233e-06,0.2511165368321529,2.2555826841607645,0.30621704224183505,0.0017798945351738724,0.2672522488619719,0.0026035134931718315,,,,
kde_samples,,,,,,,,,,,,,,,,,,,,,,,,,,,,,,,,,,,,,934.0,0.0073325432114976705,56.37730850779803,22.75538796684259,1.310571056340624e-10,1.47482311503664e-11,0.7335354251019187,0.6868283400815349,0.72634213812962,0.681073710503696,0.4810189138340262,4.3671323968381834e-06,0.2663061329389666,2.3315306646948333,0.31821877297426626,0.0018183000735176522,0.3312516267646714,0.0029875097605880285,,,,
kde_samples,,,,,,,,,,,,,,,,,,,,,,,,,,,,,,,,,,,,,935.0,0.002880335296945931,45.944846479049986,12.32292593809455,4.4485785574982046e-06,5.006112758184934e-07,0.6842745080834813,0.6474196064667851,0.6600757517191793,0.6280606013753435,0.48708932072797767,4.4096252450958436e-06,0.27885647037565414,2.394282351878271,0.2639367332964591,0.0016445975465486692,0.2674160520412171,0.0026044963122473026,,,,
kde_samples,,,,,,,,,,,,,,,,,,,,,,,,,,,,,,,,,,,,,936.0,0.009094121310465005,60.505057476592796,26.88313693563736,2.1125255614933648e-12,2.3772854696604945e-13,0.6958058056164147,0.6566446444931318,0.722652811285056,0.6781222490280447,0.4639519810270909,4.247663867189637e-06,0.24354076931248841,2.217703846562442,0.3088473636586601,0.0017883115637077123,0.3058868316237817,0.0028353209897426903,,,,
kde_samples,,,,,,,,,,,,,,,,,,,,,,,,,,,,,,,,,,,,,937.0,-0.0002655899130293085,38.57328029700381,4.951359756048376,0.007073783766337357,0.0007960331306640573,0.688333113684053,0.6506664909472424,0.7354733003157902,0.6883786402526322,0.46794384571996855,4.27560692003978e-06,0.2409904111942742,2.204952055971371,0.25497695136210713,0.001615926244358743,0.34550475784698537,0.003073028547081912,,,,
kde_samples,,,,,,,,,,,,,,,,,,,,,,,,,,,,,,,,,,,,,938.0,0.0041739567172937656,48.97607426678296,15.354153725827523,2.146721780212891e-07,2.415767453197676e-08,0.6946903297342001,0.6557522637873601,0.668635134254946,0.6349081074039569,0.5078554939461499,4.554988457623049e-06,0.25468048272515637,2.2734024136257815,0.2787319940888992,0.0016919423810844774,0.32082269523608964,0.0029249361714165376,,,,
kde_samples,,,,,,,,,,,,,,,,,,,,,,,,,,,,,,,,,,,,,939.0,0.0019591723254930096,43.78636738139561,10.16444684044017,3.85156140002081e-05,4.334272265705535e-06,0.7347469193750846,0.6877975355000677,0.7025886436328524,0.662070914906282,0.4550889246545686,4.185622472581981e-06,0.2474332203280788,2.237166101640394,0.23953461929589945,0.0015665107817468783,0.2969911772658374,0.0027819470635950245,,,,
kde_samples,,,,,,,,,,,,,,,,,,,,,,,,,,,,,,,,,,,,,940.0,0.0038414154351281357,48.19685991611321,14.574939375157776,4.6793362633475955e-07,5.2657910082981083e-08,0.6768189751510324,0.6414551801208259,0.6699076721931861,0.6359261377545489,0.5404811422702972,4.7833679958920806e-06,0.3288960577611449,2.6444802888057244,0.29742577227695766,0.0017517624712862646,0.33710009661422546,0.003022600579685353,,,,
kde_samples,,,,,,,,,,,,,,,,,,,,,,,,,,,,,,,,,,,,,941.0,0.005623634001946078,52.37297385375935,18.75105331280391,7.18655934732037e-09,8.087240895281913e-10,0.6661959579807388,0.6329567663845911,0.7268797885573692,0.6815038308458954,0.47011034882537817,4.290772441777647e-06,0.3225973574657242,2.612986787328621,0.3167679719858464,0.0018136575103547083,0.3309261734839362,0.0029855570409036175,,,,
kde_samples,,,,,,,,,,,,,,,,,,,,,,,,,,,,,,,,,,,,,942.0,0.002332697578922953,44.66161581946832,11.03969527851288,1.6051708290404625e-05,1.806344669980348e-06,0.6870875074193368,0.6496700059354694,0.7295486837298202,0.6836389469838562,0.4758959076164932,4.331271353315452e-06,0.2368868395236373,2.1844341976181862,0.27454533451433166,0.0016785450704458614,0.29587460524540016,0.002775247631472401,,,,
kde_samples,,,,,,,,,,,,,,,,,,,,,,,,,,,,,,,,,,,,,943.0,0.008163228364650228,58.32377899714429,24.70185845618885,1.8711955661179235e-11,2.1057099195906014e-12,0.6844756062040045,0.6475804849632036,0.6913810925562116,0.6531048740449693,0.5519051112030763,4.863335778421534e-06,0.26749967591566326,2.3374983795783164,0.3176821664233196,0.0018165829325546227,0.25605593382635145,0.0025363356029581086,,,,
kde_samples,,,,,,,,,,,,,,,,,,,,,,,,,,,,,,,,,,,,,944.0,0.0009919246150065508,41.51990202180122,7.897981480845786,0.0003714926491876161,4.1805130934136496e-05,0.7240573662179969,0.6792458929743975,0.6633474162891885,0.6306779330313508,0.50981069255694,4.56867484789858e-06,0.3012197013048801,2.506098506524401,0.24280711814458367,0.0015769827780626679,0.33104483304217613,0.002986268998253057,,,,
kde_samples,,,,,,,,,,,,,,,,,,,,,,,,,,,,,,,,,,,,,945.0,-0.0013506238961497191,36.03081686177033,2.408896320814897,0.08991447656585402,0.010118333361184523,0.6990207717295587,0.6592166173836469,0.7222223851280817,0.6777779081024653,0.5198323458251163,4.638826420775814e-06,0.3083632724038661,2.5418163620193304,0.2522357372462975,0.001607154359188152,0.34022886421576515,0.003041373185294591,,,,
kde_samples,,,,,,,,,,,,,,,,,,,,,,,,,,,,,,,,,,,,,946.0,0.005825072774831776,52.84498737819045,19.223066837235017,4.482581013914936e-09,5.044376695457777e-10,0.6449536464598593,0.6159629171678874,0.7170002276507319,0.6736001821205855,0.4898217372496825,4.4287521607477776e-06,0.28351449015869506,2.4175724507934753,0.3024152238017481,0.001767728716165594,0.24811137813041503,0.0024886682687824905,,,,
kde_samples,,,,,,,,,,,,,,,,,,,,,,,,,,,,,,,,,,,,,947.0,0.004060207277720336,48.70953534229505,15.087614801339612,2.8024130500156976e-07,3.153635603386374e-08,0.7296883872233489,0.6837507097786791,0.7108637969269391,0.6686910375415513,0.5114449063647889,4.580114344553522e-06,0.33146482114804865,2.6573241057402432,0.2405518282239042,0.0015697658503164935,0.2599565879000741,0.0025597395274004446,,,,
kde_samples,,,,,,,,,,,,,,,,,,,,,,,,,,,,,,,,,,,,,948.0,0.0054359670577442815,51.93323062814821,18.311310087192773,1.1155757694181997e-08,1.2553893383748967e-09,0.7310743383015881,0.6848594706412705,0.6741461841751067,0.6393169473400854,0.5431148104916208,4.801803673441345e-06,0.32547568169925495,2.627378408496275,0.31658549928814245,0.001813073597722056,0.2963777849755853,0.0027782667098535116,,,,
kde_samples,,,,,,,,,,,,,,,,,,,,,,,,,,,,,,,,,,,,,949.0,0.00495907327800206,50.81576793449326,17.193847393537823,3.4104128365845024e-08,3.837835162678307e-09,0.6929038781227638,0.654323102498211,0.6768009499058196,0.6414407599246557,0.45484940195517565,4.18394581368623e-06,0.33107361792927775,2.6553680896463887,0.2992783162899294,0.0017576906121277742,0.24899814643025722,0.0024939888785815434,,,,
kde_samples,,,,,,,,,,,,,,,,,,,,,,,,,,,,,,,,,,,,,950.0,0.000965985455176975,41.459121100251,7.83720055929556,0.000394772637798219,4.4424894674118204e-05,0.7062445067139651,0.6649956053711721,0.7022273438434122,0.6617818750747297,0.4725768702728807,4.308038091910165e-06,0.24610157199592295,2.230507859979615,0.23888938072671634,0.0015644460183254923,0.31213163671662775,0.0028727898202997666,,,,
kde_samples,,,,,,,,,,,,,,,,,,,,,,,,,,,,,,,,,,,,,951.0,0.004410460790670423,49.53025318486132,15.908332643905887,1.2333857215993986e-07,1.3879642489969387e-08,0.667729155506086,0.6341833244048688,0.6410483781281345,0.6128387025025076,0.4688735699163521,4.282114989414464e-06,0.27036412107862096,2.3518206053931046,0.2640057427808338,0.0016448183768986682,0.25825120841298704,0.0025495072504779226,,,,
kde_samples,,,,,,,,,,,,,,,,,,,,,,,,,,,,,,,,,,,,,952.0,0.0032478785436595298,46.80607781389622,13.184157272940787,1.880153241626601e-06,2.1157902481872688e-07,0.6802593279602015,0.6442074623681612,0.7220907977016882,0.6776726381613505,0.49393307366371686,4.457531515646018e-06,0.2826326263962659,2.41316313198133,0.2945854574724076,0.0017426734639117043,0.2888723581248277,0.0027332341487489665,,,,
kde_samples,,,,,,,,,,,,,,,,,,,,,,,,,,,,,,,,,,,,,953.0,0.003134103699862452,46.539479361955046,12.91755882099961,2.454570352988561e-06,2.762198262014954e-07,0.7109102244811949,0.6687281795849559,0.645746497125278,0.6165971977002224,0.4736078781204526,4.315255146843168e-06,0.2756164345492998,2.378082172746499,0.24574414470251202,0.0015863812630480386,0.2646999741365537,0.0025881998448193224,,,,
kde_samples,,,,,,,,,,,,,,,,,,,,,,,,,,,,,,,,,,,,,954.0,0.0046569764488864004,50.10789135746875,16.485970816513316,6.922035871460608e-08,7.789565057882358e-09,0.7201322983425237,0.676105838674019,0.7270450409733483,0.6816360327786787,0.4941583701517933,4.459108591062553e-06,0.2573334300224806,2.286667150112403,0.30095113156108144,0.0017630436209954607,0.3040412411421373,0.002824247446852824,,,,
kde_samples,,,,,,,,,,,,,,,,,,,,,,,,,,,,,,,,,,,,,955.0,0.003206928422924006,46.71012304542064,13.088202504465201,2.0695021135657487e-06,2.3288699524817512e-07,0.7408253195709658,0.6926602556567726,0.6777319103611011,0.6421855282888809,0.5052311724865556,4.536618207405889e-06,0.28656582528113483,2.4328291264056743,0.2781469412125485,0.0016900702118801555,0.2573184932322949,0.002543910959393769,,,,
kde_samples,,,,,,,,,,,,,,,,,,,,,,,,,,,,,,,,,,,,,956.0,0.0019510520241200688,43.767339802863546,10.14541926190811,3.925548956809318e-05,4.4175325807024636e-06,0.7352136706747284,0.6881709365397828,0.6754776956572098,0.6403821565257679,0.4653457086957619,4.257419960870334e-06,0.32412641592922065,2.620632079646103,0.25270215759576675,0.0016086469043064535,0.29378619624712743,0.0027627171774827646,,,,
kde_samples,,,,,,,,,,,,,,,,,,,,,,,,,,,,,,,,,,,,,957.0,-0.001663612807045571,35.29741784020443,1.6754972992489954,0.18721505442240025,0.021067845837825085,0.6883833929705077,0.6507067143764061,0.7236106240609058,0.6788884992487246,0.4902308215526036,4.4316157508682255e-06,0.3059923777524759,2.5299618887623794,0.2488085870179715,0.001596187478457509,0.3421944690387362,0.003053166814232417,,,,
kde_samples,,,,,,,,,,,,,,,,,,,,,,,,,,,,,,,,,,,,,958.0,-0.0014410419852389708,35.81894821159959,2.197027670644154,0.11113299178660675,0.012506113601174011,0.6786667886968216,0.6429334309574573,0.7005160590458828,0.6604128472367062,0.5353542709953613,4.747479896967529e-06,0.28116420717103735,2.405821035855187,0.22437471340588597,0.0015179990828988353,0.3207417913814202,0.0029244507482885217,,,,
kde_samples,,,,,,,,,,,,,,,,,,,,,,,,,,,,,,,,,,,,,959.0,0.005173426707353608,51.31804322247633,17.69612268152089,2.063818819324902e-08,2.322474378830553e-09,0.6508787130121736,0.6207029704097389,0.6787657647531473,0.6430126118025179,0.5429214788210361,4.8004503517472525e-06,0.2591258574389718,2.295629287194859,0.2806213715851431,0.001697988389072458,0.3249153996491654,0.0029494923978949923,,,,
kde_samples,,,,,,,,,,,,,,,,,,,,,,,,,,,,,,,,,,,,,960.0,0.00048113282652228334,40.32300914522609,6.701088604270652,0.0012295726558066214,0.00013836732969397145,0.6950215314370153,0.6560172251496122,0.7205408019070347,0.6764326415256278,0.4884295609454219,4.419006926617953e-06,0.30393818941157197,2.51969094705786,0.275601726582105,0.0016819255250627363,0.32847823203729565,0.002970869392223774,,,,
kde_samples,,,,,,,,,,,,,,,,,,,,,,,,,,,,,,,,,,,,,961.0,0.002625641569044747,45.34804536457263,11.72612482361719,8.079950403609977e-06,9.092599417590422e-07,0.6781342999532023,0.6425074399625619,0.6870539687975613,0.649643175038049,0.5469478517989435,4.828634962592604e-06,0.33275587617143987,2.6637793808571995,0.23056541170659184,0.001537809317461094,0.3392774434564932,0.003035664660738959,,,,
kde_samples,,,,,,,,,,,,,,,,,,,,,,,,,,,,,,,,,,,,,962.0,0.0024646742058281254,44.97086488763747,11.348944346682032,1.1781920685996085e-05,1.3258532517689903e-06,0.7320146549266591,0.6856117239413273,0.6738275438193435,0.6390620350554748,0.4853146261871084,4.397202383309759e-06,0.32586962832435734,2.6293481416217865,0.2728039401117649,0.0016729726083576477,0.28821246854345967,0.002729274811260758,,,,
kde_samples,,,,,,,,,,,,,,,,,,,,,,,,,,,,,,,,,,,,,963.0,0.0007278293725530641,40.90107117612936,7.279150635173927,0.0006897711823359631,7.762192510459595e-05,0.6912575457844777,0.6530060366275822,0.721394428551057,0.6771155428408455,0.5285184436371796,4.699629105460257e-06,0.30662262142295216,2.533113107114761,0.2782317148767,0.0016903414876054401,0.24965141762828674,0.0024979085057697204,,,,
kde_samples,,,,,,,,,,,,,,,,,,,,,,,,,,,,,,,,,,,,,964.0,0.002535540750987532,45.1369201473363,11.514999606380862,9.979280081342524e-06,1.1229969458110386e-06,0.6523051690619011,0.6218441352495209,0.65310497567478,0.622483980539824,0.5346655699322017,4.742658989525412e-06,0.2396313194146225,2.1981565970731127,0.25209458627209236,0.0016067026760706957,0.32976326396161615,0.002978579583769697,,,,
kde_samples,,,,,,,,,,,,,,,,,,,,,,,,,,,,,,,,,,,,,965.0,0.008000606303133526,57.94272121314802,24.320800672192583,2.7391163016717147e-11,3.0824059610768463e-12,0.6518900318077526,0.6215120254462021,0.6656948052568847,0.6325558442055078,0.4784777395523844,4.34934417686669e-06,0.2518308068653454,2.259154034326727,0.2884292538641936,0.0017229736123654197,0.266775559048845,0.0026006533542930702,,,,
kde_samples,,,,,,,,,,,,,,,,,,,,,,,,,,,,,,,,,,,,,966.0,0.002020504073682275,43.930080601088235,10.3081600601328,3.335976382340941e-05,3.75406969052886e-06,0.7197002970696513,0.675760237655721,0.7232284447033166,0.6785827557626533,0.4604297379891666,4.223008165924166e-06,0.3224959650688489,2.6124798253442445,0.28933798632857916,0.0017258815562514534,0.307487193743478,0.0028449231624608677,,,,
kde_samples,,,,,,,,,,,,,,,,,,,,,,,,,,,,,,,,,,,,,967.0,-0.00199648767359787,34.5174218309702,0.8955012900147636,0.40840281906296033,0.04595873797808288,0.6765105486287751,0.6412084389030202,0.733883708025709,0.6871069664205672,0.4796398072914799,4.357478651040359e-06,0.32474419629755047,2.6237209814877525,0.25168872957023064,0.001605403934624738,0.3459550821782341,0.003075730493069405,,,,
kde_samples,,,,,,,,,,,,,,,,,,,,,,,,,,,,,,,,,,,,,968.0,0.0026992421905955508,45.52050714182059,11.898586600865151,6.80000914544217e-06,7.652244890987523e-07,0.7089917171041811,0.6671933736833449,0.7064322062890848,0.6651457650312678,0.4545276474728955,4.181693532310268e-06,0.29553168432074806,2.4776584216037403,0.28261144819478856,0.0017043566342233234,0.3453692902667107,0.0030722157416002644,,,,
kde_samples,,,,,,,,,,,,,,,,,,,,,,,,,,,,,,,,,,,,,969.0,0.0011366498817813528,41.85902384162768,8.237103300672246,0.0002646497509612998,2.978179383849991e-05,0.6523802351724505,0.6219041881379603,0.6401407155403599,0.6121125724322879,0.4554192597838201,4.187934818486741e-06,0.315970216492956,2.57985108246478,0.2247127016420517,0.0015190806452545654,0.2981897628121263,0.002789138576872758,,,,
kde_samples,,,,,,,,,,,,,,,,,,,,,,,,,,,,,,,,,,,,,970.0,0.0010793250939576324,41.72469977506234,8.102779234106904,0.0003026967029580052,3.4063326227755315e-05,0.6802224436876195,0.6441779549500957,0.6575266169428523,0.6260212935542818,0.5218566322162767,4.652996425513937e-06,0.2671179565545428,2.335589782772714,0.24619062637152286,0.0015878100043888732,0.3006507180134937,0.002803904308080962,,,,
kde_samples,,,,,,,,,,,,,,,,,,,,,,,,,,,,,,,,,,,,,971.0,0.0017134725982002122,43.21064110700531,9.588720566049872,6.849700296083196e-05,7.708163764843001e-06,0.6758619715575656,0.6406895772460525,0.7179234956684806,0.6743387965347845,0.509233925499475,4.564637478496325e-06,0.2708373802532531,2.3541869012662655,0.2783240951532235,0.0016906371044903153,0.34505944113894366,0.003070356646833662,,,,
kde_samples,,,,,,,,,,,,,,,,,,,,,,,,,,,,,,,,,,,,,972.0,0.0010779170023984402,41.721400319599745,8.099479778644309,0.0003036970867013445,3.417590227324676e-05,0.6726381083032232,0.6381104866425786,0.6491809908056619,0.6193447926445296,0.5493478072108877,4.845434650476214e-06,0.29818347502129217,2.490917375106461,0.2589088697262466,0.0016285083831239892,0.27223059990849324,0.0026333835994509598,,,,
kde_samples,,,,,,,,,,,,,,,,,,,,,,,,,,,,,,,,,,,,,973.0,0.00554450517318688,52.18755832122962,18.565637780274187,8.650594584485337e-09,9.734761644769497e-10,0.6718559150667067,0.6374847320533654,0.6461690394966104,0.6169352315972884,0.5232404103459999,4.662682872421999e-06,0.2928608063566248,2.464304031783124,0.29662171681840066,0.0017491894938188822,0.2695637461168587,0.002617382476701152,,,,
kde_samples,,,,,,,,,,,,,,,,,,,,,,,,,,,,,,,,,,,,,974.0,0.005602879942410231,52.32434271563517,18.702422174679732,7.544687417478793e-09,8.490252661380179e-10,0.7237200787070018,0.6789760629656014,0.7267487618520331,0.6813990094816265,0.5475801996758897,4.8330613977312274e-06,0.3343612106960915,2.6718060534804575,0.31018139707772396,0.0017925804706487168,0.31820955784143,0.00290925734704858,,,,
kde_samples,,,,,,,,,,,,,,,,,,,,,,,,,,,,,,,,,,,,,975.0,0.009132754086588833,60.595582217959816,26.97366167700438,1.929690136371369e-12,2.1715355334682622e-13,0.6721281779533721,0.6377025423626976,0.7103241124650113,0.668259289972009,0.48952887353956687,4.426702114776968e-06,0.24267301328758115,2.2133650664379054,0.300084196125216,0.0017602694276006913,0.32542042513769437,0.0029525225508261663,,,,
kde_samples,,,,,,,,,,,,,,,,,,,,,,,,,,,,,,,,,,,,,976.0,0.0009872967287346754,41.509057908334086,7.887137367378649,0.00037554307959871417,4.226093745963802e-05,0.6517300736919076,0.6213840589535261,0.7162485754679297,0.6729988603743438,0.5512021946672679,4.858415362670875e-06,0.32179020850130513,2.6089510425065257,0.251746904013862,0.0016055900928443586,0.3266499327985376,0.0029598995967912256,,,,
kde_samples,,,,,,,,,,,,,,,,,,,,,,,,,,,,,,,,,,,,,977.0,0.0007324967409582245,40.912007804560815,7.290087263605379,0.0006822685129483088,7.677762824759941e-05,0.726871653485453,0.6814973227883624,0.7015214737959011,0.661217179036721,0.5318431640037152,4.722902148026006e-06,0.31224940739932106,2.561247036996605,0.263155503290068,0.0016420976105282177,0.3183399135962782,0.0029100394815776694,,,,
kde_samples,,,,,,,,,,,,,,,,,,,,,,,,,,,,,,,,,,,,,978.0,0.005565063041404611,52.23572974172248,18.613809200767044,8.243760706131111e-09,9.276939838867453e-10,0.6528594934099405,0.6222875947279525,0.7326055660016164,0.6860844528012932,0.4633740968993505,4.243618678295453e-06,0.30000330334151887,2.5000165167075945,0.3068830893370682,0.0017820258858786183,0.34511279339844503,0.00307067676039067,,,,
kde_samples,,,,,,,,,,,,,,,,,,,,,,,,,,,,,,,,,,,,,979.0,0.005920007352923841,53.06743911453539,19.445518573579953,3.588546562806571e-09,4.038294142547334e-10,0.6586391360723451,0.6269113088578762,0.6613549245343768,0.6290839396275014,0.4583525016494136,4.208467511545895e-06,0.2722942573297431,2.3614712866487153,0.28481990403363655,0.0017114236929076372,0.2926424215360041,0.0027558545292160246,,,,
kde_samples,,,,,,,,,,,,,,,,,,,,,,,,,,,,,,,,,,,,,980.0,0.003927526267418567,48.39863575528677,14.776715214331333,3.824319093370891e-07,4.3036157184242295e-08,0.7376672413507794,0.6901337930806235,0.6780266109676154,0.6424212887740923,0.4716610212001807,4.301627148401265e-06,0.28687231121708323,2.434361556085416,0.2823496886004211,0.0017035190035213476,0.3334771243699277,0.003000862746219566,,,,
kde_samples,,,,,,,,,,,,,,,,,,,,,,,,,,,,,,,,,,,,,981.0,0.002421576990144038,44.8698790229164,11.247958481960964,1.3033879411203582e-05,1.4667397499160949e-06,0.7251657177284597,0.6801325741827677,0.7004190600537805,0.6603352480430245,0.4867875174385069,4.407512622069548e-06,0.3214548294856971,2.6072741474284857,0.28714844422827224,0.0017188750215304713,0.3361074055343799,0.0030166444332062796,,,,
kde_samples,,,,,,,,,,,,,,,,,,,,,,,,,,,,,,,,,,,,,982.0,0.0007264168530919032,40.8977613451587,7.275840804203263,0.0006920579907449169,7.787926619914159e-05,0.6993104633410289,0.6594483706728231,0.6383418135016777,0.6106734508013422,0.5522811430464359,4.865968001325051e-06,0.28075010896095404,2.4037505448047702,0.22300090384196505,0.0015136028922942881,0.2828772384846274,0.0026972634309077644,,,,
kde_samples,,,,,,,,,,,,,,,,,,,,,,,,,,,,,,,,,,,,,983.0,0.002447515249735549,44.930657835019,11.308737294063562,1.2265289288035123e-05,1.3802481038390973e-06,0.7246618293142295,0.6797294634513836,0.6567895741117137,0.625431659289371,0.4814757284802882,4.370330099362017e-06,0.32346521254390886,2.6173260627195445,0.2635787330443045,0.0016434519457417746,0.3353647384719831,0.0030121884308318986,,,,
kde_samples,,,,,,,,,,,,,,,,,,,,,,,,,,,,,,,,,,,,,984.0,0.0016707716296590902,43.110583732901105,9.488663191945669,7.570523904332621e-05,8.519327199413821e-06,0.7277489656133909,0.6821991724907127,0.6708020232840878,0.6366416186272702,0.49301599190802753,4.451111943356193e-06,0.26683659852572006,2.3341829926286004,0.24140219637060598,0.0015724870283859392,0.3073725312826729,0.002844235187696037,,,,
kde_samples,,,,,,,,,,,,,,,,,,,,,,,,,,,,,,,,,,,,,985.0,0.003926267093370982,48.395685244957704,14.773764704002268,3.8356194490676766e-07,4.316332332078349e-08,0.6882193589575664,0.6505754871660531,0.6496018156192674,0.619681452495414,0.4565499692855814,4.195849784999069e-06,0.32635419951397654,2.6317709975698826,0.27846281417602353,0.0016910810053632755,0.29332689264223566,0.002759961355853414,,,,
kde_samples,,,,,,,,,,,,,,,,,,,,,,,,,,,,,,,,,,,,,986.0,0.0010999469237445367,41.77302107100003,8.151100530044594,0.0002884177724791494,3.245647731816484e-05,0.716613099115381,0.6732904792923048,0.732968078569209,0.6863744628553672,0.5505267144358412,4.8536870010508884e-06,0.26522676479003615,2.3261338239501805,0.26616114640046823,0.0016517156684814985,0.2504711647662524,0.0025028269885975143,,,,
kde_samples,,,,,,,,,,,,,,,,,,,,,,,,,,,,,,,,,,,,,987.0,0.0030101343640913866,46.248993065496684,12.627072524541248,3.2819509041255467e-06,3.6932732738160955e-07,0.6505420650331478,0.6204336520265182,0.7145337446201139,0.6716269956960911,0.47764349160184655,4.343504441212926e-06,0.2529070436594355,2.2645352182971776,0.27520386987466117,0.0016806523835989158,0.3053467869302198,0.002832080721581319,,,,
kde_samples,,,,,,,,,,,,,,,,,,,,,,,,,,,,,,,,,,,,,988.0,0.008801911532223212,59.82034834475449,26.198427803799056,4.189549926813186e-12,4.714620427309541e-13,0.7248639993324878,0.6798911994659902,0.6746434830647446,0.6397147864517957,0.48795944258701507,4.415716098109105e-06,0.24009045778502247,2.2004522889251126,0.30423045963773937,0.001773537470840766,0.26416030750073755,0.002584961845004425,,,,
kde_samples,,,,,,,,,,,,,,,,,,,,,,,,,,,,,,,,,,,,,989.0,0.0020117277661890753,43.909515861877345,10.287595320921909,3.405290133501659e-05,3.832070438299956e-06,0.6732426774379572,0.6385941419503658,0.6731272228249193,0.6385017782599355,0.46638009000745473,4.264660630052183e-06,0.23611729802010678,2.180586490100534,0.23523504376137183,0.00155275214003639,0.28531197375107503,0.0027118718425064503,,,,
kde_samples,,,,,,,,,,,,,,,,,,,,,,,,,,,,,,,,,,,,,990.0,-0.0019349719124490475,34.66156623183186,1.0396456908764264,0.35357993636544716,0.03978936209845715,0.6536124456898671,0.6228899565518937,0.727226006207685,0.681780804966148,0.4719636148755847,4.303745304129093e-06,0.3229488281086988,2.614744140543494,0.24159671470618607,0.0015731094870597955,0.3258813357789295,0.0029552880146735774,,,,
kde_samples,,,,,,,,,,,,,,,,,,,,,,,,,,,,,,,,,,,,,991.0,0.003310017751530149,46.95168308189997,13.329762540944536,1.6253903738940802e-06,1.8290983024380184e-07,0.6735817292713849,0.638865383417108,0.6398935163464476,0.6119148130771581,0.4654575306731511,4.258202714712058e-06,0.26475597113173865,2.3237798556586933,0.25283066617561517,0.0016090581317619685,0.2911478735861031,0.0027468872415166187,,,,
kde_samples,,,,,,,,,,,,,,,,,,,,,,,,,,,,,,,,,,,,,992.0,-0.002135720817237209,34.191169213833184,0.5692486728777482,0.5659504929573566,0.0636880285843085,0.6537183732707953,0.6229746986166362,0.7109584365919577,0.6687667492735662,0.5219733917608809,4.653813742326166e-06,0.30676279978380766,2.5338139989190385,0.2246669140783254,0.0015189341250506413,0.3460993926724438,0.0030765963560346627,,,,
kde_samples,,,,,,,,,,,,,,,,,,,,,,,,,,,,,,,,,,,,,993.0,0.0044901842543383155,49.717062072379164,16.095141531423728,1.0232195926791266e-07,1.1514582896826442e-08,0.7048864182219999,0.6639091345775999,0.6524829970702358,0.6219863976561887,0.5291132570198744,4.703792799139121e-06,0.32039123839061473,2.6019561919530734,0.2951677447782988,0.0017445367832905562,0.33119395834133303,0.0029871637500479982,,,,
kde_samples,,,,,,,,,,,,,,,,,,,,,,,,,,,,,,,,,,,,,994.0,0.0055883566365790074,52.29031154738696,18.668391006431527,7.805860755912872e-09,8.784158493261877e-10,0.7350906281682776,0.6880725025346222,0.6810705114847653,0.6448564091878122,0.5197123239741117,4.637986267818782e-06,0.25455010299407027,2.272750514970351,0.2940115801218394,0.001740837056389886,0.31968386720318054,0.002918103203219083,,,,
kde_samples,,,,,,,,,,,,,,,,,,,,,,,,,,,,,,,,,,,,,995.0,0.005508405531913153,52.10296924900578,18.481048708050345,9.414180617956383e-09,1.0594046860198173e-09,0.683780997022651,0.6470247976181208,0.6541529579484101,0.6233223663587281,0.5368598740003546,4.758019118002482e-06,0.25806177528713664,2.290308876435683,0.28854079470669586,0.001723330543061427,0.2657095626493179,0.0025942573758959073,,,,
kde_samples,,,,,,,,,,,,,,,,,,,,,,,,,,,,,,,,,,,,,996.0,-3.9040913222432305e-05,39.104132378374786,5.482211837419349,0.0041601180095986,0.00046814998485985194,0.682361199128649,0.6458889593029192,0.724701070399515,0.679760856319612,0.5305485090181832,4.713839563127282e-06,0.29332800514146246,2.4666400257073122,0.27037559248629933,0.001665201895956158,0.28828577008041834,0.0027297146204825103,,,,
kde_samples,,,,,,,,,,,,,,,,,,,,,,,,,,,,,,,,,,,,,997.0,0.003178532691186016,46.64358585784526,13.021665316889823,2.2118853271730634e-06,2.48909785741321e-07,0.7316852416781554,0.6853481933425243,0.7031044271444759,0.6624835417155807,0.4862062359884054,4.403443651918838e-06,0.2696215501453265,2.3481077507266326,0.283499508260589,0.0017071984264338848,0.31914051990554315,0.0029148431194332587,,,,
kde_samples,,,,,,,,,,,,,,,,,,,,,,,,,,,,,,,,,,,,,998.0,0.0003701329128753053,40.06291293980595,6.440992398850511,0.0015948231943124103,0.00017947001804968866,0.7346656977274215,0.6877325581819372,0.7353316856262008,0.6882653485009607,0.5447165983596263,4.813016188517384e-06,0.26960671660754904,2.3480335830377452,0.26910073511787247,0.001661122352377192,0.3096542370450992,0.002857925422270595,,,,
kde_samples,,,,,,,,,,,,,,,,,,,,,,,,,,,,,,,,,,,,,999.0,0.004867700866592085,50.60166310587685,16.979742564921416,4.224657443374894e-08,4.754127920387644e-09,0.6473938459178398,0.6179150767342718,0.6906361166235373,0.6525088932988299,0.5424528325607945,4.797169827925561e-06,0.26621494667739887,2.3310747333869943,0.28511869169376247,0.00171237981342004,0.2691060561791548,0.0026146363370749288,,,,
kde_samples,,,,,,,,,,,,,,,,,,,,,,,,,,,,,,,,,,,,,1000.0,0.0006344933537180339,40.68236520122904,7.060444660273603,0.0008583963143595103,9.659779377506934e-05,0.6603005515513783,0.6282404412411027,0.668743558016941,0.6349948464135527,0.48979919703312164,4.428594379231851e-06,0.31877161400531345,2.593858070026567,0.2548030291774426,0.0016153696933678165,0.30626452629857676,0.0028375871577914604,,,,
kde_samples,,,,,,,,,,,,,,,,,,,,,,,,,,,,,,,,,,,,,1001.0,0.004977992353540274,50.86009931814817,17.238178777192736,3.26252673339607e-08,3.671414698621982e-09,0.7247531318037644,0.6798025054430116,0.6412895340418345,0.6130316272334676,0.4561684265286126,4.193178985700288e-06,0.3103094155701255,2.5515470778506275,0.282926717217412,0.0017053654950957187,0.31426138955107347,0.002885568337306441,,,,
kde_samples,,,,,,,,,,,,,,,,,,,,,,,,,,,,,,,,,,,,,1002.0,-0.0012060699859122934,36.36953715709392,2.7476166161384867,0.0640804075554497,0.007211151644660071,0.6493911073204394,0.6195128858563514,0.7227313870663753,0.6781851096531002,0.4674019577184841,4.271813704029389e-06,0.23805493897257834,2.1902746948628917,0.2239153834348004,0.0015165292269913614,0.3269352421176828,0.002961611452706097,,,,
kde_samples,,,,,,,,,,,,,,,,,,,,,,,,,,,,,,,,,,,,,1003.0,0.0024906164111568735,45.031652945434494,11.409732404479058,1.1087054356312726e-05,1.247657955152327e-06,0.6711551755270625,0.63692414042165,0.6460622804698783,0.6168498243759026,0.48066515149745764,4.364656060482203e-06,0.28524626113620266,2.4262313056810134,0.25646852027396694,0.0016206992648766943,0.2937330774255854,0.0027623984645535125,,,,
kde_samples,,,,,,,,,,,,,,,,,,,,,,,,,,,,,,,,,,,,,1004.0,-0.0005702700063889288,37.859350587095,4.237430046139565,0.014444666308816904,0.0016254996368313896,0.6624977154902956,0.6299981723922364,0.6858509875874078,0.6486807900699263,0.5519570959808934,4.863699671866254e-06,0.2862982744951209,2.4314913724756044,0.22969034415947967,0.001535009101310335,0.2729662153391466,0.0026377972920348797,,,,
kde_samples,,,,,,,,,,,,,,,,,,,,,,,,,,,,,,,,,,,,,1005.0,-0.0004896800918840968,38.0481897516416,4.426269210686165,0.011959023144386334,0.0013457830982355422,0.6553150472981653,0.6242520378385322,0.6967021693641794,0.6573617354913435,0.4673280903629633,4.271296632540743e-06,0.3276211943661091,2.6381059718305453,0.2507888459695981,0.001602524307102714,0.29538998608941397,0.002772339916536484,,,,
kde_samples,,,,,,,,,,,,,,,,,,,,,,,,,,,,,,,,,,,,,1006.0,0.0008992637237480935,41.30277801318422,7.680857472228787,0.00046157893792253047,5.194279881038976e-05,0.7372305121081502,0.6897844096865201,0.6865620707061153,0.6492496565648922,0.46508718406012134,4.25561028842085e-06,0.2651320131863608,2.325660065931804,0.226036010282531,0.0015233152329040993,0.34177554245237923,0.0030506532547142757,,,,
kde_samples,,,,,,,,,,,,,,,,,,,,,,,,,,,,,,,,,,,,,1007.0,0.00039072587285008537,40.111166587685744,6.489246046730308,0.0015196943547723947,0.0001710155547358967,0.6813576417431303,0.6450861133945043,0.6591500585472916,0.6273200468378333,0.5264243435689708,4.684970404982796e-06,0.2509212716150361,2.2546063580751805,0.23682624860459334,0.0015578439955346987,0.34103432048630866,0.003046205922917852,,,,
kde_samples,,,,,,,,,,,,,,,,,,,,,,,,,,,,,,,,,,,,,1008.0,0.01506840435452355,74.50406251012328,40.88214196916784,1.7583743276489772e-18,1.9787489512737357e-19,0.6900025841123619,0.6520020672898895,0.6596709782965456,0.6277367826372365,0.47484926025655877,4.323944821795911e-06,0.23550916930520863,2.1775458465260433,0.31615277908680184,0.001811688893077766,0.31361944525435714,0.002881716671526143,,,,
kde_samples,,,,,,,,,,,,,,,,,,,,,,,,,,,,,,,,,,,,,1009.0,0.0029680515249715864,46.15038409897823,12.528463558022793,3.622074760591045e-06,4.0760243830091764e-07,0.6834984653235374,0.64679877225883,0.703891823087016,0.6631134584696128,0.5303045809193453,4.712132066435417e-06,0.3264546269420261,2.6322731347101307,0.29831361877771423,0.0017546035800886856,0.2529364422181565,0.002517618653308939,,,,
kde_samples,,,,,,,,,,,,,,,,,,,,,,,,,,,,,,,,,,,,,1010.0,0.0014454498122193973,42.58260719860559,8.96068665765015,0.00012835808540582097,1.4444502680146975e-05,0.6593957683892838,0.6275166147114271,0.6748817002181903,0.6399053601745522,0.5356197819292889,4.749338473505023e-06,0.2660138887210944,2.330069443605472,0.25360072718294757,0.0016115223269854324,0.27044322925705566,0.002622659375542334,,,,
kde_samples,,,,,,,,,,,,,,,,,,,,,,,,,,,,,,,,,,,,,1011.0,0.004102406609109509,48.80841727476662,15.186496733811182,2.538564889310962e-07,2.8567197174566387e-08,0.6916531850882042,0.6533225480705633,0.6736187877889337,0.6388950302311469,0.4605372674979403,4.223760872485582e-06,0.24803336846601087,2.2401668423300545,0.2686667047066138,0.0016597334550611641,0.29250261114800913,0.0027550156668880547,,,,
kde_samples,,,,,,,,,,,,,,,,,,,,,,,,,,,,,,,,,,,,,1012.0,0.0006064696598325967,40.616699776797816,6.99477923584238,0.0009166551351911372,0.00010315382560574102,0.7231144065464056,0.6784915252371244,0.6978221808871526,0.6582577447097221,0.4651746898639007,4.256222829047305e-06,0.2759526887729424,2.3797634438647117,0.23432512450510937,0.00154984039841635,0.33358620282787904,0.0030015172169672744,,,,
kde_samples,,,,,,,,,,,,,,,,,,,,,,,,,,,,,,,,,,,,,1013.0,0.0031910281356326634,46.67286531923248,13.050944778277042,2.1480614402099224e-06,2.417275010930126e-07,0.7137749877577635,0.6710199902062108,0.6702536463868987,0.6362029171095189,0.4683304631410114,4.27831324198708e-06,0.2880412647345085,2.4402063236725424,0.2730224970570347,0.001673671990582511,0.3455928652999376,0.003073557191799626,,,,
kde_samples,,,,,,,,,,,,,,,,,,,,,,,,,,,,,,,,,,,,,1014.0,0.0024111712920466336,44.845496277912744,11.223575736957308,1.3355587291626353e-05,1.502942458349298e-06,0.670139282405618,0.6361114259244944,0.6841627936247767,0.6473302348998213,0.5422403352133078,4.795682346493155e-06,0.3303743462324039,2.6518717311620197,0.22289358343379329,0.0015132594669881386,0.307872134305769,0.002847232805834614,,,,
kde_samples,,,,,,,,,,,,,,,,,,,,,,,,,,,,,,,,,,,,,1015.0,0.0017778558270879694,43.36150458947305,9.739584048517614,5.890503138156333e-05,6.628751753152493e-06,0.6978649729885856,0.6582919783908685,0.7038003038383157,0.6630402430706526,0.5316113869570204,4.721279708699142e-06,0.29660953708227056,2.4830476854113526,0.28562600381122905,0.001714003212195933,0.3381165453365532,0.0030286992720193195,,,,
kde_samples,,,,,,,,,,,,,,,,,,,,,,,,,,,,,,,,,,,,,1016.0,0.0029431827134883196,46.092111229319265,12.470190688363829,3.839414456171083e-06,4.320602962175629e-07,0.6905238164151203,0.6524190531320962,0.6606019261452016,0.6284815409161613,0.5507015349328661,4.854910744530062e-06,0.29190330766023215,2.459516538301161,0.2828914472752035,0.0017052526312806512,0.2747112669399015,0.002648267601639409,,,,
kde_samples,,,,,,,,,,,,,,,,,,,,,,,,,,,,,,,,,,,,,1017.0,-0.0003319837778702553,38.41770547049333,4.795784929537895,0.008264509223757158,0.0009300288739523844,0.7250225054348965,0.6800180043479173,0.7331072145249372,0.6864857716199497,0.5060412167958235,4.542288517570764e-06,0.24765167015184777,2.2382583507592386,0.24511279303262432,0.001584360937704398,0.34584471010221,0.0030750682606132604,,,,
kde_samples,,,,,,,,,,,,,,,,,,,,,,,,,,,,,,,,,,,,,1018.0,0.0020144209650534914,43.915826594760475,10.293906053805038,3.383867923098921e-05,3.807963411882516e-06,0.6807176631680584,0.6445741305344467,0.7337453813762761,0.6869963051010208,0.47226606048536,4.30586242339752e-06,0.288706526628658,2.44353263314329,0.29116356856678316,0.0017317234194137061,0.3320986256123547,0.0029925917536741285,,,,
kde_samples,,,,,,,,,,,,,,,,,,,,,,,,,,,,,,,,,,,,,1019.0,0.00038205914320386253,40.09085861247818,6.468938071522743,0.0015508717736847427,0.00017452403890824675,0.645347028843404,0.6162776230747232,0.6562417496956966,0.6249933997565573,0.504146626508916,4.529026385562412e-06,0.2688126471415156,2.344063235707578,0.23615441940908577,0.0015556941421090746,0.31767140895737,0.00290602845374422,,,,
kde_samples,,,,,,,,,,,,,,,,,,,,,,,,,,,,,,,,,,,,,1020.0,0.005389447422264167,51.82422531212258,18.202304771167142,1.2440547104175161e-08,1.3999703674343182e-09,0.6678507726527068,0.6342806181221654,0.6877797608362479,0.6502238086689983,0.4731613574762499,4.312129502333749e-06,0.3156310471235776,2.578155235617888,0.31069529601887874,0.0017942249472604121,0.2851925274708992,0.0027111551648253953,,,,
kde_samples,,,,,,,,,,,,,,,,,,,,,,,,,,,,,,,,,,,,,1021.0,0.005565433611922334,52.2365980665917,18.61467752563626,8.23660555064341e-09,9.268887937634101e-10,0.7352614231479697,0.6882091385183757,0.6888321789442187,0.6510657431553749,0.4881140215124502,4.4167981505871515e-06,0.3231757241928121,2.6158786209640605,0.3118743554386806,0.0017979979374037778,0.3304913891705991,0.002982948335023595,,,,
kde_samples,,,,,,,,,,,,,,,,,,,,,,,,,,,,,,,,,,,,,1022.0,-0.0014534157828270666,35.78995379445494,2.1680332534995017,0.11440239630892278,0.01287402904830592,0.6615468985825509,0.6292375188660407,0.7317720599680122,0.6854176479744097,0.4848273061027772,4.393791142719441e-06,0.2850331580372051,2.4251657901860253,0.2510896742164672,0.0016034869574926953,0.3234048506912135,0.002940429104147281,,,,
kde_samples,,,,,,,,,,,,,,,,,,,,,,,,,,,,,,,,,,,,,1023.0,0.0006016952013368701,40.60551221370093,6.983591672745497,0.0009269678518757157,0.00010431434512672817,0.6852506002717741,0.6482004802174193,0.6395788250018195,0.6116630600014556,0.5387285538901212,4.771099877230848e-06,0.32020984793563667,2.6010492396781832,0.23418352013925323,0.0015493872644456105,0.3001755582471854,0.002801053349483112,,,,
correlation,,,,,,,,,,,,,,,,,,,,,,,,,,,,,,,,,,,,,,,,,,,,,,,,,,,,,,,cation_ecof[1],cation_ecof[1],1.0,
correlation,,,,,,,,,,,,,,,,,,,,,,,,,,,,,,,,,,,,,,,,,,,,,,,,,,,,,,,cation_ecof[2],cation_ecof[1],0.164418106710311,
correlation,,,,,,,,,,,,,,,,,,,,,,,,,,,,,,,,,,,,,,,,,,,,,,,,,,,,,,,cation_ecof[3],cation_ecof[1],0.22748503887193208,
correlation,,,,,,,,,,,,,,,,,,,,,,,,,,,,,,,,,,,,,,,,,,,,,,,,,,,,,,,CEC[0],cation_ecof[1],-0.1687261453838779,
correlation,,,,,,,,,,,,,,,,,,,,,,,,,,,,,,,,,,,,,,,,,,,,,,,,,,,,,,,bouncon[1],cation_ecof[1],0.3365599266371197,
correlation,,,,,,,,,,,,,,,,,,,,,,,,,,,,,,,,,,,,,,,,,,,,,,,,,,,,,,,bouncon[5],cation_ecof[1],0.016753943926799474,
correlation,,,,,,,,,,,,,,,,,,,,,,,,,,,,,,,,,,,,,,,,,,,,,,,,,,,,,,,cation_ecof[1],cation_ecof[2],0.164418106710311,
correlation,,,,,,,,,,,,,,,,,,,,,,,,,,,,,,,,,,,,,,,,,,,,,,,,,,,,,,,cation_ecof[2],cation_ecof[2],1.0,
correlation,,,,,,,,,,,,,,,,,,,,,,,,,,,,,,,,,,,,,,,,,,,,,,,,,,,,,,,cation_ecof[3],cation_ecof[2],-0.32090167330988684,
correlation,,,,,,,,,,,,,,,,,,,,,,,,,,,,,,,,,,,,,,,,,,,,,,,,,,,,,,,CEC[0],cation_ecof[2],-0.06015987970369828,
correlation,,,,,,,,,,,,,,,,,,,,,,,,,,,,,,,,,,,,,,,,,,,,,,,,,,,,,,,bouncon[1],cation_ecof[2],0.2060893666543064,
correlation,,,,,,,,,,,,,,,,,,,,,,,,,,,,,,,,,,,,,,,,,,,,,,,,,,,,,,,bouncon[5],cation_ecof[2],-0.017597398507982753,
correlation,,,,,,,,,,,,,,,,,,,,,,,,,,,,,,,,,,,,,,,,,,,,,,,,,,,,,,,cation_ecof[1],cation_ecof[3],0.22748503887193197,
correlation,,,,,,,,,,,,,,,,,,,,,,,,,,,,,,,,,,,,,,,,,,,,,,,,,,,,,,,cation_ecof[2],cation_ecof[3],-0.32090167330988684,
correlation,,,,,,,,,,,,,,,,,,,,,,,,,,,,,,,,,,,,,,,,,,,,,,,,,,,,,,,cation_ecof[3],cation_ecof[3],1.0,
correlation,,,,,,,,,,,,,,,,,,,,,,,,,,,,,,,,,,,,,,,,,,,,,,,,,,,,,,,CEC[0],cation_ecof[3],-0.21091283118634305,
correlation,,,,,,,,,,,,,,,,,,,,,,,,,,,,,,,,,,,,,,,,,,,,,,,,,,,,,,,bouncon[1],cation_ecof[3],-0.03661478904721126,
correlation,,,,,,,,,,,,,,,,,,,,,,,,,,,,,,,,,,,,,,,,,,,,,,,,,,,,,,,bouncon[5],cation_ecof[3],0.07734436046617683,
correlation,,,,,,,,,,,,,,,,,,,,,,,,,,,,,,,,,,,,,,,,,,,,,,,,,,,,,,,cation_ecof[1],CEC[0],-0.16872614538387787,
correlation,,,,,,,,,,,,,,,,,,,,,,,,,,,,,,,,,,,,,,,,,,,,,,,,,,,,,,,cation_ecof[2],CEC[0],-0.06015987970369826,
correlation,,,,,,,,,,,,,,,,,,,,,,,,,,,,,,,,,,,,,,,,,,,,,,,,,,,,,,,cation_ecof[3],CEC[0],-0.21091283118634302,
correlation,,,,,,,,,,,,,,,,,,,,,,,,,,,,,,,,,,,,,,,,,,,,,,,,,,,,,,,CEC[0],CEC[0],1.0,
correlation,,,,,,,,,,,,,,,,,,,,,,,,,,,,,,,,,,,,,,,,,,,,,,,,,,,,,,,bouncon[1],CEC[0],0.2568612348294833,
correlation,,,,,,,,,,,,,,,,,,,,,,,,,,,,,,,,,,,,,,,,,,,,,,,,,,,,,,,bouncon[5],CEC[0],0.10653776323090185,
correlation,,,,,,,,,,,,,,,,,,,,,,,,,,,,,,,,,,,,,,,,,,,,,,,,,,,,,,,cation_ecof[1],bouncon[1],0.3365599266371197,
correlation,,,,,,,,,,,,,,,,,,,,,,,,,,,,,,,,,,,,,,,,,,,,,,,,,,,,,,,cation_ecof[2],bouncon[1],0.2060893666543064,
correlation,,,,,,,,,,,,,,,,,,,,,,,,,,,,,,,,,,,,,,,,,,,,,,,,,,,,,,,cation_ecof[3],bouncon[1],-0.03661478904721125,
correlation,,,,,,,,,,,,,,,,,,,,,,,,,,,,,,,,,,,,,,,,,,,,,,,,,,,,,,,CEC[0],bouncon[1],0.25686123482948325,
correlation,,,,,,,,,,,,,,,,,,,,,,,,,,,,,,,,,,,,,,,,,,,,,,,,,,,,,,,bouncon[1],bouncon[1],1.0,
correlation,,,,,,,,,,,,,,,,,,,,,,,,,,,,,,,,,,,,,,,,,,,,,,,,,,,,,,,bouncon[5],bouncon[1],0.15065069446241708,
correlation,,,,,,,,,,,,,,,,,,,,,,,,,,,,,,,,,,,,,,,,,,,,,,,,,,,,,,,cation_ecof[1],bouncon[5],0.016753943926799495,
correlation,,,,,,,,,,,,,,,,,,,,,,,,,,,,,,,,,,,,,,,,,,,,,,,,,,,,,,,cation_ecof[2],bouncon[5],-0.01759739850798274,
correlation,,,,,,,,,,,,,,,,,,,,,,,,,,,,,,,,,,,,,,,,,,,,,,,,,,,,,,,cation_ecof[3],bouncon[5],0.07734436046617679,
correlation,,,,,,,,,,,,,,,,,,,,,,,,,,,,,,,,,,,,,,,,,,,,,,,,,,,,,,,CEC[0],bouncon[5],0.10653776323090186,
correlation,,,,,,,,,,,,,,,,,,,,,,,,,,,,,,,,,,,,,,,,,,,,,,,,,,,,,,,bouncon[1],bouncon[5],0.15065069446241708,
correlation,,,,,,,,,,,,,,,,,,,,,,,,,,,,,,,,,,,,,,,,,,,,,,,,,,,,,,,bouncon[5],bouncon[5],1.0,
covariance_norm,,,,,,,,,,,,,,,,,,,,,,,,,,,,,,,,,,,,,,,,,,,,,,,,,,,,,,,cation_ecof[1],cation_ecof[1],,0.0003188144642242749
covariance_norm,,,,,,,,,,,,,,,,,,,,,,,,,,,,,,,,,,,,,,,,,,,,,,,,,,,,,,,cation_ecof[2],cation_ecof[1],,4.115948902003031e-05
covariance_norm,,,,,,,,,,,,,,,,,,,,,,,,,,,,,,,,,,,,,,,,,,,,,,,,,,,,,,,cation_ecof[3],cation_ecof[1],,0.0001030591834018718
covariance_norm,,,,,,,,,,,,,,,,,,,,,,,,,,,,,,,,,,,,,,,,,,,,,,,,,,,,,,,CEC[0],cation_ecof[1],,-6.981620192710257e-05
covariance_norm,,,,,,,,,,,,,,,,,,,,,,,,,,,,,,,,,,,,,,,,,,,,,,,,,,,,,,,bouncon[1],cation_ecof[1],,6.632067153036922e-05
covariance_norm,,,,,,,,,,,,,,,,,,,,,,,,,,,,,,,,,,,,,,,,,,,,,,,,,,,,,,,bouncon[5],cation_ecof[1],,6.219127190335668e-06
covariance_norm,,,,,,,,,,,,,,,,,,,,,,,,,,,,,,,,,,,,,,,,,,,,,,,,,,,,,,,cation_ecof[1],cation_ecof[2],,4.115948902003031e-05
covariance_norm,,,,,,,,,,,,,,,,,,,,,,,,,,,,,,,,,,,,,,,,,,,,,,,,,,,,,,,cation_ecof[2],cation_ecof[2],,0.00019656339588757974
covariance_norm,,,,,,,,,,,,,,,,,,,,,,,,,,,,,,,,,,,,,,,,,,,,,,,,,,,,,,,cation_ecof[3],cation_ecof[2],,-0.00011415321677389068
covariance_norm,,,,,,,,,,,,,,,,,,,,,,,,,,,,,,,,,,,,,,,,,,,,,,,,,,,,,,,CEC[0],cation_ecof[2],,-1.954623465392048e-05
covariance_norm,,,,,,,,,,,,,,,,,,,,,,,,,,,,,,,,,,,,,,,,,,,,,,,,,,,,,,,bouncon[1],cation_ecof[2],,3.188778918923788e-05
covariance_norm,,,,,,,,,,,,,,,,,,,,,,,,,,,,,,,,,,,,,,,,,,,,,,,,,,,,,,,bouncon[5],cation_ecof[2],,-5.129123608167659e-06
covariance_norm,,,,,,,,,,,,,,,,,,,,,,,,,,,,,,,,,,,,,,,,,,,,,,,,,,,,,,,cation_ecof[1],cation_ecof[3],,0.00010305918340187176
covariance_norm,,,,,,,,,,,,,,,,,,,,,,,,,,,,,,,,,,,,,,,,,,,,,,,,,,,,,,,cation_ecof[2],cation_ecof[3],,-0.00011415321677389068
covariance_norm,,,,,,,,,,,,,,,,,,,,,,,,,,,,,,,,,,,,,,,,,,,,,,,,,,,,,,,cation_ecof[3],cation_ecof[3],,0.0006437684642352668
covariance_norm,,,,,,,,,,,,,,,,,,,,,,,,,,,,,,,,,,,,,,,,,,,,,,,,,,,,,,,CEC[0],cation_ecof[3],,-0.00012401455991864921
covariance_norm,,,,,,,,,,,,,,,,,,,,,,,,,,,,,,,,,,,,,,,,,,,,,,,,,,,,,,,bouncon[1],cation_ecof[3],,-1.0252715063716961e-05
covariance_norm,,,,,,,,,,,,,,,,,,,,,,,,,,,,,,,,,,,,,,,,,,,,,,,,,,,,,,,bouncon[5],cation_ecof[3],,4.079781224706193e-05
covariance_norm,,,,,,,,,,,,,,,,,,,,,,,,,,,,,,,,,,,,,,,,,,,,,,,,,,,,,,,cation_ecof[1],CEC[0],,-6.981620192710256e-05
covariance_norm,,,,,,,,,,,,,,,,,,,,,,,,,,,,,,,,,,,,,,,,,,,,,,,,,,,,,,,cation_ecof[2],CEC[0],,-1.9546234653920473e-05
covariance_norm,,,,,,,,,,,,,,,,,,,,,,,,,,,,,,,,,,,,,,,,,,,,,,,,,,,,,,,cation_ecof[3],CEC[0],,-0.0001240145599186492
covariance_norm,,,,,,,,,,,,,,,,,,,,,,,,,,,,,,,,,,,,,,,,,,,,,,,,,,,,,,,CEC[0],CEC[0],,0.0005370437312195651
covariance_norm,,,,,,,,,,,,,,,,,,,,,,,,,,,,,,,,,,,,,,,,,,,,,,,,,,,,,,,bouncon[1],CEC[0],,6.569327211790061e-05
covariance_norm,,,,,,,,,,,,,,,,,,,,,,,,,,,,,,,,,,,,,,,,,,,,,,,,,,,,,,,bouncon[5],CEC[0],,5.1327696376946665e-05
covariance_norm,,,,,,,,,,,,,,,,,,,,,,,,,,,,,,,,,,,,,,,,,,,,,,,,,,,,,,,cation_ecof[1],bouncon[1],,6.632067153036922e-05
covariance_norm,,,,,,,,,,,,,,,,,,,,,,,,,,,,,,,,,,,,,,,,,,,,,,,,,,,,,,,cation_ecof[2],bouncon[1],,3.188778918923788e-05
covariance_norm,,,,,,,,,,,,,,,,,,,,,,,,,,,,,,,,,,,,,,,,,,,,,,,,,,,,,,,cation_ecof[3],bouncon[1],,-1.0252715063716958e-05
covariance_norm,,,,,,,,,,,,,,,,,,,,,,,,,,,,,,,,,,,,,,,,,,,,,,,,,,,,,,,CEC[0],bouncon[1],,6.56932721179006e-05
covariance_norm,,,,,,,,,,,,,,,,,,,,,,,,,,,,,,,,,,,,,,,,,,,,,,,,,,,,,,,bouncon[1],bouncon[1],,0.00012179655507235582
covariance_norm,,,,,,,,,,,,,,,,,,,,,,,,,,,,,,,,,,,,,,,,,,,,,,,,,,,,,,,bouncon[5],bouncon[1],,3.456463804457992e-05
covariance_norm,,,,,,,,,,,,,,,,,,,,,,,,,,,,,,,,,,,,,,,,,,,,,,,,,,,,,,,cation_ecof[1],bouncon[5],,6.219127190335676e-06
covariance_norm,,,,,,,,,,,,,,,,,,,,,,,,,,,,,,,,,,,,,,,,,,,,,,,,,,,,,,,cation_ecof[2],bouncon[5],,-5.129123608167656e-06
covariance_norm,,,,,,,,,,,,,,,,,,,,,,,,,,,,,,,,,,,,,,,,,,,,,,,,,,,,,,,cation_ecof[3],bouncon[5],,4.079781224706191e-05
covariance_norm,,,,,,,,,,,,,,,,,,,,,,,,,,,,,,,,,,,,,,,,,,,,,,,,,,,,,,,CEC[0],bouncon[5],,5.132769637694667e-05
covariance_norm,,,,,,,,,,,,,,,,,,,,,,,,,,,,,,,,,,,,,,,,,,,,,,,,,,,,,,,bouncon[1],bouncon[5],,3.456463804457992e-05
covariance_norm,,,,,,,,,,,,,,,,,,,,,,,,,,,,,,,,,,,,,,,,,,,,,,,,,,,,,,,bouncon[5],bouncon[5],,0.0004322019738772834
